[
  {"name": "Potsdam", "stateCode": "BB", "state": "Brandenburg", "county": "Potsdam", "metro": "Berlin-Brandenburg", "population": 182112, "geo": {"lat": 52.3906, "lon": 13.0645, "tz": "Europe/Berlin"}},
  {"name": "Cottbus", "stateCode": "BB", "state": "Brandenburg", "county": "Cottbus", "metro": "Cottbus", "population": 99678, "geo": {"lat": 51.7563, "lon": 14.3329, "tz": "Europe/Berlin"}},
  {"name": "Brandenburg an der Havel", "stateCode": "BB", "state": "Brandenburg", "county": "Brandenburg", "metro": "Berlin-Brandenburg", "population": 72124, "geo": {"lat": 52.4125, "lon": 12.5316, "tz": "Europe/Berlin"}},
  {"name": "Frankfurt (Oder)", "stateCode": "BB", "state": "Brandenburg", "county": "Frankfurt (Oder)", "metro": "Berlin-Brandenburg", "population": 57015, "geo": {"lat": 52.3471, "lon": 14.5506, "tz": "Europe/Berlin"}},
  {"name": "Oranienburg", "stateCode": "BB", "state": "Brandenburg", "county": "Oberhavel", "metro": "Berlin-Brandenburg", "population": 45117, "geo": {"lat": 52.7556, "lon": 13.2374, "tz": "Europe/Berlin"}},
  {"name": "Falkensee", "stateCode": "BB", "state": "Brandenburg", "county": "Havelland", "metro": "Berlin-Brandenburg", "population": 44399, "geo": {"lat": 52.5605, "lon": 13.0935, "tz": "Europe/Berlin"}},
  {"name": "Bernau bei Berlin", "stateCode": "BB", "state": "Brandenburg", "county": "Barnim", "metro": "Berlin-Brandenburg", "population": 42065, "geo": {"lat": 52.6800, "lon": 13.5833, "tz": "Europe/Berlin"}},
  {"name": "Eberswalde", "stateCode": "BB", "state": "Brandenburg", "county": "Barnim", "metro": "Berlin-Brandenburg", "population": 40959, "geo": {"lat": 52.8333, "lon": 13.8167, "tz": "Europe/Berlin"}},
  {"name": "Königs Wusterhausen", "stateCode": "BB", "state": "Brandenburg", "county": "Dahme-Spreewald", "metro": "Berlin-Brandenburg", "population": 38089, "geo": {"lat": 52.3017, "lon": 13.6322, "tz": "Europe/Berlin"}},
  {"name": "Fürstenwalde", "stateCode": "BB", "state": "Brandenburg", "county": "Oder-Spree", "metro": "Berlin-Brandenburg", "population": 31858, "geo": {"lat": 52.3628, "lon": 14.0628, "tz": "Europe/Berlin"}},
  {"name": "Neuruppin", "stateCode": "BB", "state": "Brandenburg", "county": "Ostprignitz-Ruppin", "metro": "Berlin-Brandenburg", "population": 31295, "geo": {"lat": 52.9258, "lon": 12.8061, "tz": "Europe/Berlin"}},
  {"name": "Schwedt", "stateCode": "BB", "state": "Brandenburg", "county": "Uckermark", "metro": "Uckermark", "population": 29153, "geo": {"lat": 53.0667, "lon": 14.2833, "tz": "Europe/Berlin"}},
  {"name": "Strausberg", "stateCode": "BB", "state": "Brandenburg", "county": "Märkisch-Oderland", "metro": "Berlin-Brandenburg", "population": 27039, "geo": {"lat": 52.5789, "lon": 13.8806, "tz": "Europe/Berlin"}},
  {"name": "Werder (Havel)", "stateCode": "BB", "state": "Brandenburg", "county": "Potsdam-Mittelmark", "metro": "Berlin-Brandenburg", "population": 26527, "geo": {"lat": 52.3789, "lon": 12.9328, "tz": "Europe/Berlin"}},
  {"name": "Hennigsdorf", "stateCode": "BB", "state": "Brandenburg", "county": "Oberhavel", "metro": "Berlin-Brandenburg", "population": 26414, "geo": {"lat": 52.6347, "lon": 13.2017, "tz": "Europe/Berlin"}},
  {"name": "Hohen Neuendorf", "stateCode": "BB", "state": "Brandenburg", "county": "Oberhavel", "metro": "Berlin-Brandenburg", "population": 26369, "geo": {"lat": 52.6756, "lon": 13.2778, "tz": "Europe/Berlin"}},
  {"name": "Teltow", "stateCode": "BB", "state": "Brandenburg", "county": "Potsdam-Mittelmark", "metro": "Berlin-Brandenburg", "population": 27449, "geo": {"lat": 52.4028, "lon": 13.2706, "tz": "Europe/Berlin"}},
  {"name": "Ludwigsfelde", "stateCode": "BB", "state": "Brandenburg", "county": "Teltow-Fläming", "metro": "Berlin-Brandenburg", "population": 27889, "geo": {"lat": 52.3039, "lon": 13.2628, "tz": "Europe/Berlin"}},
  {"name": "Senftenberg", "stateCode": "BB", "state": "Brandenburg", "county": "Oberspreewald-Lausitz", "metro": "Cottbus", "population": 24338, "geo": {"lat": 51.5256, "lon": 14.0017, "tz": "Europe/Berlin"}},
  {"name": "Rathenow", "stateCode": "BB", "state": "Brandenburg", "county": "Havelland", "metro": "Berlin-Brandenburg", "population": 23967, "geo": {"lat": 52.6050, "lon": 12.3364, "tz": "Europe/Berlin"}},
  {"name": "Spremberg", "stateCode": "BB", "state": "Brandenburg", "county": "Spree-Neiße", "metro": "Cottbus", "population": 22284, "geo": {"lat": 51.5706, "lon": 14.3744, "tz": "Europe/Berlin"}},
  {"name": "Blankenfelde-Mahlow", "stateCode": "BB", "state": "Brandenburg", "county": "Teltow-Fläming", "metro": "Berlin-Brandenburg", "population": 28802, "geo": {"lat": 52.3333, "lon": 13.4167, "tz": "Europe/Berlin"}},
  {"name": "Kleinmachnow", "stateCode": "BB", "state": "Brandenburg", "county": "Potsdam-Mittelmark", "metro": "Berlin-Brandenburg", "population": 20622, "geo": {"lat": 52.4078, "lon": 13.2250, "tz": "Europe/Berlin"}},
  {"name": "Luckenwalde", "stateCode": "BB", "state": "Brandenburg", "county": "Teltow-Fläming", "metro": "Berlin-Brandenburg", "population": 20282, "geo": {"lat": 52.0886, "lon": 13.1675, "tz": "Europe/Berlin"}},
  {"name": "Forst (Lausitz)", "stateCode": "BB", "state": "Brandenburg", "county": "Spree-Neiße", "metro": "Cottbus", "population": 18176, "geo": {"lat": 51.7333, "lon": 14.6333, "tz": "Europe/Berlin"}},
  {"name": "Prenzlau", "stateCode": "BB", "state": "Brandenburg", "county": "Uckermark", "metro": "Uckermark", "population": 18519, "geo": {"lat": 53.3147, "lon": 13.8617, "tz": "Europe/Berlin"}},
  {"name": "Nauen", "stateCode": "BB", "state": "Brandenburg", "county": "Havelland", "metro": "Berlin-Brandenburg", "population": 18968, "geo": {"lat": 52.6072, "lon": 12.8756, "tz": "Europe/Berlin"}},
  {"name": "Eisenhüttenstadt", "stateCode": "BB", "state": "Brandenburg", "county": "Oder-Spree", "metro": "Berlin-Brandenburg", "population": 24078, "geo": {"lat": 52.1500, "lon": 14.6500, "tz": "Europe/Berlin"}},
  {"name": "Wittenberge", "stateCode": "BB", "state": "Brandenburg", "county": "Prignitz", "metro": "Prignitz", "population": 16812, "geo": {"lat": 52.9906, "lon": 11.7528, "tz": "Europe/Berlin"}},
  {"name": "Zossen", "stateCode": "BB", "state": "Brandenburg", "county": "Teltow-Fläming", "metro": "Berlin-Brandenburg", "population": 19458, "geo": {"lat": 52.2167, "lon": 13.4500, "tz": "Europe/Berlin"}},
  {"name": "Erkner", "stateCode": "BB", "state": "Brandenburg", "county": "Oder-Spree", "metro": "Berlin-Brandenburg", "population": 12238, "geo": {"lat": 52.4261, "lon": 13.7539, "tz": "Europe/Berlin"}},
  {"name": "Panketal", "stateCode": "BB", "state": "Brandenburg", "county": "Barnim", "metro": "Berlin-Brandenburg", "population": 21145, "geo": {"lat": 52.6333, "lon": 13.5000, "tz": "Europe/Berlin"}},
  {"name": "Wandlitz", "stateCode": "BB", "state": "Brandenburg", "county": "Barnim", "metro": "Berlin-Brandenburg", "population": 23652, "geo": {"lat": 52.7500, "lon": 13.4500, "tz": "Europe/Berlin"}},
  {"name": "Velten", "stateCode": "BB", "state": "Brandenburg", "county": "Oberhavel", "metro": "Berlin-Brandenburg", "population": 12262, "geo": {"lat": 52.6833, "lon": 13.1833, "tz": "Europe/Berlin"}},
  {"name": "Ahrensfelde", "stateCode": "BB", "state": "Brandenburg", "county": "Barnim", "metro": "Berlin-Brandenburg", "population": 14115, "geo": {"lat": 52.5722, "lon": 13.5750, "tz": "Europe/Berlin"}},
  {"name": "Birkenwerder", "stateCode": "BB", "state": "Brandenburg", "county": "Oberhavel", "metro": "Berlin-Brandenburg", "population": 8433, "geo": {"lat": 52.6861, "lon": 13.2833, "tz": "Europe/Berlin"}},
  {"name": "Glienicke/Nordbahn", "stateCode": "BB", "state": "Brandenburg", "county": "Oberhavel", "metro": "Berlin-Brandenburg", "population": 12743, "geo": {"lat": 52.6333, "lon": 13.3167, "tz": "Europe/Berlin"}},
  {"name": "Mühlenbecker Land", "stateCode": "BB", "state": "Brandenburg", "county": "Oberhavel", "metro": "Berlin-Brandenburg", "population": 15589, "geo": {"lat": 52.6667, "lon": 13.3833, "tz": "Europe/Berlin"}},
  {"name": "Neuenhagen bei Berlin", "stateCode": "BB", "state": "Brandenburg", "county": "Märkisch-Oderland", "metro": "Berlin-Brandenburg", "population": 18735, "geo": {"lat": 52.5306, "lon": 13.6875, "tz": "Europe/Berlin"}},
  {"name": "Hoppegarten", "stateCode": "BB", "state": "Brandenburg", "county": "Märkisch-Oderland", "metro": "Berlin-Brandenburg", "population": 18461, "geo": {"lat": 52.5167, "lon": 13.6500, "tz": "Europe/Berlin"}},
  {"name": "Fredersdorf-Vogelsdorf", "stateCode": "BB", "state": "Brandenburg", "county": "Märkisch-Oderland", "metro": "Berlin-Brandenburg", "population": 14654, "geo": {"lat": 52.5000, "lon": 13.7500, "tz": "Europe/Berlin"}},
  {"name": "Petershagen/Eggersdorf", "stateCode": "BB", "state": "Brandenburg", "county": "Märkisch-Oderland", "metro": "Berlin-Brandenburg", "population": 15474, "geo": {"lat": 52.5333, "lon": 13.7833, "tz": "Europe/Berlin"}},
  {"name": "Rüdersdorf bei Berlin", "stateCode": "BB", "state": "Brandenburg", "county": "Märkisch-Oderland", "metro": "Berlin-Brandenburg", "population": 15874, "geo": {"lat": 52.4833, "lon": 13.7833, "tz": "Europe/Berlin"}},
  {"name": "Schöneiche bei Berlin", "stateCode": "BB", "state": "Brandenburg", "county": "Oder-Spree", "metro": "Berlin-Brandenburg", "population": 13132, "geo": {"lat": 52.4667, "lon": 13.7000, "tz": "Europe/Berlin"}},
  {"name": "Woltersdorf", "stateCode": "BB", "state": "Brandenburg", "county": "Oder-Spree", "metro": "Berlin-Brandenburg", "population": 8534, "geo": {"lat": 52.4500, "lon": 13.7500, "tz": "Europe/Berlin"}},
  {"name": "Stahnsdorf", "stateCode": "BB", "state": "Brandenburg", "county": "Potsdam-Mittelmark", "metro": "Berlin-Brandenburg", "population": 15378, "geo": {"lat": 52.3833, "lon": 13.2167, "tz": "Europe/Berlin"}},
  {"name": "Beelitz", "stateCode": "BB", "state": "Brandenburg", "county": "Potsdam-Mittelmark", "metro": "Berlin-Brandenburg", "population": 12867, "geo": {"lat": 52.2333, "lon": 12.9667, "tz": "Europe/Berlin"}},
  {"name": "Bad Belzig", "stateCode": "BB", "state": "Brandenburg", "county": "Potsdam-Mittelmark", "metro": "Berlin-Brandenburg", "population": 11255, "geo": {"lat": 52.1417, "lon": 12.5933, "tz": "Europe/Berlin"}},
  {"name": "Michendorf", "stateCode": "BB", "state": "Brandenburg", "county": "Potsdam-Mittelmark", "metro": "Berlin-Brandenburg", "population": 12779, "geo": {"lat": 52.3167, "lon": 13.0333, "tz": "Europe/Berlin"}},
  {"name": "Nuthetal", "stateCode": "BB", "state": "Brandenburg", "county": "Potsdam-Mittelmark", "metro": "Berlin-Brandenburg", "population": 9201, "geo": {"lat": 52.3167, "lon": 13.1000, "tz": "Europe/Berlin"}},
  {"name": "Schwielowsee", "stateCode": "BB", "state": "Brandenburg", "county": "Potsdam-Mittelmark", "metro": "Berlin-Brandenburg", "population": 11135, "geo": {"lat": 52.3500, "lon": 12.9500, "tz": "Europe/Berlin"}},
  {"name": "Dallgow-Döberitz", "stateCode": "BB", "state": "Brandenburg", "county": "Havelland", "metro": "Berlin-Brandenburg", "population": 10629, "geo": {"lat": 52.5333, "lon": 13.0500, "tz": "Europe/Berlin"}},
  {"name": "Wustermark", "stateCode": "BB", "state": "Brandenburg", "county": "Havelland", "metro": "Berlin-Brandenburg", "population": 10398, "geo": {"lat": 52.5500, "lon": 12.9500, "tz": "Europe/Berlin"}},
  {"name": "Brieselang", "stateCode": "BB", "state": "Brandenburg", "county": "Havelland", "metro": "Berlin-Brandenburg", "population": 13124, "geo": {"lat": 52.5833, "lon": 13.0000, "tz": "Europe/Berlin"}},
  {"name": "Schönwalde-Glien", "stateCode": "BB", "state": "Brandenburg", "county": "Havelland", "metro": "Berlin-Brandenburg", "population": 10012, "geo": {"lat": 52.6333, "lon": 13.0500, "tz": "Europe/Berlin"}},
  {"name": "Wildau", "stateCode": "BB", "state": "Brandenburg", "county": "Dahme-Spreewald", "metro": "Berlin-Brandenburg", "population": 10595, "geo": {"lat": 52.3167, "lon": 13.6333, "tz": "Europe/Berlin"}},
  {"name": "Eichwalde", "stateCode": "BB", "state": "Brandenburg", "county": "Dahme-Spreewald", "metro": "Berlin-Brandenburg", "population": 6475, "geo": {"lat": 52.3667, "lon": 13.6167, "tz": "Europe/Berlin"}},
  {"name": "Schulzendorf", "stateCode": "BB", "state": "Brandenburg", "county": "Dahme-Spreewald", "metro": "Berlin-Brandenburg", "population": 8766, "geo": {"lat": 52.3667, "lon": 13.5833, "tz": "Europe/Berlin"}},
  {"name": "Mittenwalde", "stateCode": "BB", "state": "Brandenburg", "county": "Dahme-Spreewald", "metro": "Berlin-Brandenburg", "population": 9144, "geo": {"lat": 52.2667, "lon": 13.5333, "tz": "Europe/Berlin"}},
  {"name": "Bestensee", "stateCode": "BB", "state": "Brandenburg", "county": "Dahme-Spreewald", "metro": "Berlin-Brandenburg", "population": 7989, "geo": {"lat": 52.2333, "lon": 13.6333, "tz": "Europe/Berlin"}},
  {"name": "Rangsdorf", "stateCode": "BB", "state": "Brandenburg", "county": "Teltow-Fläming", "metro": "Berlin-Brandenburg", "population": 11554, "geo": {"lat": 52.2833, "lon": 13.4167, "tz": "Europe/Berlin"}},
  {"name": "Großbeeren", "stateCode": "BB", "state": "Brandenburg", "county": "Teltow-Fläming", "metro": "Berlin-Brandenburg", "population": 8866, "geo": {"lat": 52.3500, "lon": 13.3000, "tz": "Europe/Berlin"}},
  {"name": "Jüterbog", "stateCode": "BB", "state": "Brandenburg", "county": "Teltow-Fläming", "metro": "Berlin-Brandenburg", "population": 12203, "geo": {"lat": 51.9939, "lon": 13.0711, "tz": "Europe/Berlin"}},
  {"name": "Finsterwalde", "stateCode": "BB", "state": "Brandenburg", "county": "Elbe-Elster", "metro": "Cottbus", "population": 16128, "geo": {"lat": 51.6333, "lon": 13.7167, "tz": "Europe/Berlin"}},
  {"name": "Bad Liebenwerda", "stateCode": "BB", "state": "Brandenburg", "county": "Elbe-Elster", "metro": "Elbe-Elster", "population": 8848, "geo": {"lat": 51.5167, "lon": 13.4000, "tz": "Europe/Berlin"}},
  {"name": "Herzberg (Elster)", "stateCode": "BB", "state": "Brandenburg", "county": "Elbe-Elster", "metro": "Elbe-Elster", "population": 8967, "geo": {"lat": 51.6833, "lon": 13.2333, "tz": "Europe/Berlin"}},
  {"name": "Lübben (Spreewald)", "stateCode": "BB", "state": "Brandenburg", "county": "Dahme-Spreewald", "metro": "Spreewald", "population": 13519, "geo": {"lat": 51.9417, "lon": 13.8992, "tz": "Europe/Berlin"}},
  {"name": "Lübbenau/Spreewald", "stateCode": "BB", "state": "Brandenburg", "county": "Oberspreewald-Lausitz", "metro": "Spreewald", "population": 15285, "geo": {"lat": 51.8667, "lon": 13.9667, "tz": "Europe/Berlin"}},
  {"name": "Calau", "stateCode": "BB", "state": "Brandenburg", "county": "Oberspreewald-Lausitz", "metro": "Cottbus", "population": 7610, "geo": {"lat": 51.7500, "lon": 13.9333, "tz": "Europe/Berlin"}},
  {"name": "Vetschau/Spreewald", "stateCode": "BB", "state": "Brandenburg", "county": "Oberspreewald-Lausitz", "metro": "Cottbus", "population": 7744, "geo": {"lat": 51.7833, "lon": 14.0667, "tz": "Europe/Berlin"}},
  {"name": "Guben", "stateCode": "BB", "state": "Brandenburg", "county": "Spree-Neiße", "metro": "Cottbus", "population": 16594, "geo": {"lat": 51.9500, "lon": 14.7167, "tz": "Europe/Berlin"}},
  {"name": "Kolkwitz", "stateCode": "BB", "state": "Brandenburg", "county": "Spree-Neiße", "metro": "Cottbus", "population": 9463, "geo": {"lat": 51.7500, "lon": 14.2500, "tz": "Europe/Berlin"}},
  {"name": "Drebkau", "stateCode": "BB", "state": "Brandenburg", "county": "Spree-Neiße", "metro": "Cottbus", "population": 5261, "geo": {"lat": 51.6500, "lon": 14.2333, "tz": "Europe/Berlin"}},
  {"name": "Seelow", "stateCode": "BB", "state": "Brandenburg", "county": "Märkisch-Oderland", "metro": "Berlin-Brandenburg", "population": 5445, "geo": {"lat": 52.5333, "lon": 14.3833, "tz": "Europe/Berlin"}},
  {"name": "Müncheberg", "stateCode": "BB", "state": "Brandenburg", "county": "Märkisch-Oderland", "metro": "Berlin-Brandenburg", "population": 6951, "geo": {"lat": 52.5000, "lon": 14.1333, "tz": "Europe/Berlin"}},
  {"name": "Lebus", "stateCode": "BB", "state": "Brandenburg", "county": "Märkisch-Oderland", "metro": "Berlin-Brandenburg", "population": 3262, "geo": {"lat": 52.4167, "lon": 14.5333, "tz": "Europe/Berlin"}},
  {"name": "Wriezen", "stateCode": "BB", "state": "Brandenburg", "county": "Märkisch-Oderland", "metro": "Berlin-Brandenburg", "population": 7169, "geo": {"lat": 52.7167, "lon": 14.1333, "tz": "Europe/Berlin"}},
  {"name": "Bad Freienwalde", "stateCode": "BB", "state": "Brandenburg", "county": "Märkisch-Oderland", "metro": "Berlin-Brandenburg", "population": 12257, "geo": {"lat": 52.7833, "lon": 14.0333, "tz": "Europe/Berlin"}},
  {"name": "Angermünde", "stateCode": "BB", "state": "Brandenburg", "county": "Uckermark", "metro": "Uckermark", "population": 13266, "geo": {"lat": 53.0167, "lon": 13.9833, "tz": "Europe/Berlin"}},
  {"name": "Templin", "stateCode": "BB", "state": "Brandenburg", "county": "Uckermark", "metro": "Uckermark", "population": 16015, "geo": {"lat": 53.1167, "lon": 13.5000, "tz": "Europe/Berlin"}},
  {"name": "Lychen", "stateCode": "BB", "state": "Brandenburg", "county": "Uckermark", "metro": "Uckermark", "population": 3151, "geo": {"lat": 53.2167, "lon": 13.3167, "tz": "Europe/Berlin"}},
  {"name": "Kyritz", "stateCode": "BB", "state": "Brandenburg", "county": "Ostprignitz-Ruppin", "metro": "Berlin-Brandenburg", "population": 9127, "geo": {"lat": 52.9500, "lon": 12.4000, "tz": "Europe/Berlin"}},
  {"name": "Wittstock/Dosse", "stateCode": "BB", "state": "Brandenburg", "county": "Ostprignitz-Ruppin", "metro": "Prignitz", "population": 14124, "geo": {"lat": 53.1667, "lon": 12.4833, "tz": "Europe/Berlin"}},
  {"name": "Rheinsberg", "stateCode": "BB", "state": "Brandenburg", "county": "Ostprignitz-Ruppin", "metro": "Berlin-Brandenburg", "population": 8053, "geo": {"lat": 53.1000, "lon": 12.9000, "tz": "Europe/Berlin"}},
  {"name": "Perleberg", "stateCode": "BB", "state": "Brandenburg", "county": "Prignitz", "metro": "Prignitz", "population": 11949, "geo": {"lat": 53.0833, "lon": 11.8667, "tz": "Europe/Berlin"}},
  {"name": "Pritzwalk", "stateCode": "BB", "state": "Brandenburg", "county": "Prignitz", "metro": "Prignitz", "population": 11627, "geo": {"lat": 53.1500, "lon": 12.1833, "tz": "Europe/Berlin"}}
]
