[
  {"name": "München", "stateCode": "BY", "state": "Bayern", "county": "München", "metro": "München", "population": 1488202, "geo": {"lat": 48.1351, "lon": 11.5820, "tz": "Europe/Berlin"}},
  {"name": "Nürnberg", "stateCode": "BY", "state": "Bayern", "county": "Nürnberg", "metro": "Nürnberg", "population": 518370, "geo": {"lat": 49.4521, "lon": 11.0767, "tz": "Europe/Berlin"}},
  {"name": "Augsburg", "stateCode": "BY", "state": "Bayern", "county": "Augsburg", "metro": "Augsburg", "population": 296582, "geo": {"lat": 48.3705, "lon": 10.8978, "tz": "Europe/Berlin"}},
  {"name": "Regensburg", "stateCode": "BY", "state": "Bayern", "county": "Regensburg", "metro": "Regensburg", "population": 153094, "geo": {"lat": 49.0134, "lon": 12.1016, "tz": "Europe/Berlin"}},
  {"name": "Ingolstadt", "stateCode": "BY", "state": "Bayern", "county": "Ingolstadt", "metro": "Ingolstadt", "population": 137392, "geo": {"lat": 48.7665, "lon": 11.4258, "tz": "Europe/Berlin"}},
  {"name": "Fürth", "stateCode": "BY", "state": "Bayern", "county": "Fürth", "metro": "Nürnberg", "population": 129607, "geo": {"lat": 49.4774, "lon": 10.9886, "tz": "Europe/Berlin"}},
  {"name": "Würzburg", "stateCode": "BY", "state": "Bayern", "county": "Würzburg", "metro": "Würzburg", "population": 127880, "geo": {"lat": 49.7913, "lon": 9.9534, "tz": "Europe/Berlin"}},
  {"name": "Erlangen", "stateCode": "BY", "state": "Bayern", "county": "Erlangen", "metro": "Nürnberg", "population": 113292, "geo": {"lat": 49.5897, "lon": 11.0078, "tz": "Europe/Berlin"}},
  {"name": "Bamberg", "stateCode": "BY", "state": "Bayern", "county": "Bamberg", "metro": "Bamberg", "population": 77373, "geo": {"lat": 49.8988, "lon": 10.9028, "tz": "Europe/Berlin"}},
  {"name": "Bayreuth", "stateCode": "BY", "state": "Bayern", "county": "Bayreuth", "metro": "Bayreuth", "population": 74783, "geo": {"lat": 49.9456, "lon": 11.5713, "tz": "Europe/Berlin"}},
  {"name": "Landshut", "stateCode": "BY", "state": "Bayern", "county": "Landshut", "metro": "Landshut", "population": 73411, "geo": {"lat": 48.5370, "lon": 12.1522, "tz": "Europe/Berlin"}},
  {"name": "Aschaffenburg", "stateCode": "BY", "state": "Bayern", "county": "Aschaffenburg", "metro": "Frankfurt", "population": 71002, "geo": {"lat": 49.9739, "lon": 9.1487, "tz": "Europe/Berlin"}},
  {"name": "Kempten", "stateCode": "BY", "state": "Bayern", "county": "Kempten", "metro": "Kempten", "population": 69151, "geo": {"lat": 47.7267, "lon": 10.3168, "tz": "Europe/Berlin"}},
  {"name": "Rosenheim", "stateCode": "BY", "state": "Bayern", "county": "Rosenheim", "metro": "München", "population": 63551, "geo": {"lat": 47.8561, "lon": 12.1289, "tz": "Europe/Berlin"}},
  {"name": "Neu-Ulm", "stateCode": "BY", "state": "Bayern", "county": "Neu-Ulm", "metro": "Ulm", "population": 59404, "geo": {"lat": 48.3954, "lon": 10.0103, "tz": "Europe/Berlin"}},
  {"name": "Schweinfurt", "stateCode": "BY", "state": "Bayern", "county": "Schweinfurt", "metro": "Schweinfurt", "population": 54032, "geo": {"lat": 50.0403, "lon": 10.2340, "tz": "Europe/Berlin"}},
  {"name": "Passau", "stateCode": "BY", "state": "Bayern", "county": "Passau", "metro": "Passau", "population": 52803, "geo": {"lat": 48.5667, "lon": 13.4319, "tz": "Europe/Berlin"}},
  {"name": "Freising", "stateCode": "BY", "state": "Bayern", "county": "Freising", "metro": "München", "population": 49774, "geo": {"lat": 48.4010, "lon": 11.7489, "tz": "Europe/Berlin"}},
  {"name": "Straubing", "stateCode": "BY", "state": "Bayern", "county": "Straubing", "metro": "Straubing", "population": 48090, "geo": {"lat": 48.8817, "lon": 12.5739, "tz": "Europe/Berlin"}},
  {"name": "Dachau", "stateCode": "BY", "state": "Bayern", "county": "Dachau", "metro": "München", "population": 47445, "geo": {"lat": 48.2603, "lon": 11.4342, "tz": "Europe/Berlin"}},
  {"name": "Hof", "stateCode": "BY", "state": "Bayern", "county": "Hof", "metro": "Hof", "population": 46662, "geo": {"lat": 50.3135, "lon": 11.9128, "tz": "Europe/Berlin"}},
  {"name": "Kaufbeuren", "stateCode": "BY", "state": "Bayern", "county": "Kaufbeuren", "metro": "Kaufbeuren", "population": 45126, "geo": {"lat": 47.8804, "lon": 10.6222, "tz": "Europe/Berlin"}},
  {"name": "Memmingen", "stateCode": "BY", "state": "Bayern", "county": "Memmingen", "metro": "Memmingen", "population": 44100, "geo": {"lat": 47.9878, "lon": 10.1814, "tz": "Europe/Berlin"}},
  {"name": "Weiden in der Oberpfalz", "stateCode": "BY", "state": "Bayern", "county": "Weiden", "metro": "Weiden", "population": 42743, "geo": {"lat": 49.6764, "lon": 12.1628, "tz": "Europe/Berlin"}},
  {"name": "Amberg", "stateCode": "BY", "state": "Bayern", "county": "Amberg", "metro": "Amberg", "population": 41970, "geo": {"lat": 49.4453, "lon": 11.8522, "tz": "Europe/Berlin"}},
  {"name": "Ansbach", "stateCode": "BY", "state": "Bayern", "county": "Ansbach", "metro": "Ansbach", "population": 41847, "geo": {"lat": 49.3028, "lon": 10.5719, "tz": "Europe/Berlin"}},
  {"name": "Coburg", "stateCode": "BY", "state": "Bayern", "county": "Coburg", "metro": "Coburg", "population": 41249, "geo": {"lat": 50.2589, "lon": 10.9647, "tz": "Europe/Berlin"}},
  {"name": "Erding", "stateCode": "BY", "state": "Bayern", "county": "Erding", "metro": "München", "population": 37421, "geo": {"lat": 48.3064, "lon": 11.9072, "tz": "Europe/Berlin"}},
  {"name": "Fürstenfeldbruck", "stateCode": "BY", "state": "Bayern", "county": "Fürstenfeldbruck", "metro": "München", "population": 36977, "geo": {"lat": 48.1789, "lon": 11.2550, "tz": "Europe/Berlin"}},
  {"name": "Germering", "stateCode": "BY", "state": "Bayern", "county": "Fürstenfeldbruck", "metro": "München", "population": 40701, "geo": {"lat": 48.1333, "lon": 11.3667, "tz": "Europe/Berlin"}},
  {"name": "Neumarkt in der Oberpfalz", "stateCode": "BY", "state": "Bayern", "county": "Neumarkt", "metro": "Nürnberg", "population": 40648, "geo": {"lat": 49.2797, "lon": 11.4628, "tz": "Europe/Berlin"}},
  {"name": "Schwabach", "stateCode": "BY", "state": "Bayern", "county": "Schwabach", "metro": "Nürnberg", "population": 40792, "geo": {"lat": 49.3289, "lon": 11.0208, "tz": "Europe/Berlin"}},
  {"name": "Deggendorf", "stateCode": "BY", "state": "Bayern", "county": "Deggendorf", "metro": "Deggendorf", "population": 35117, "geo": {"lat": 48.8333, "lon": 12.9667, "tz": "Europe/Berlin"}},
  {"name": "Unterschleißheim", "stateCode": "BY", "state": "Bayern", "county": "München", "metro": "München", "population": 30110, "geo": {"lat": 48.2833, "lon": 11.5667, "tz": "Europe/Berlin"}},
  {"name": "Olching", "stateCode": "BY", "state": "Bayern", "county": "Fürstenfeldbruck", "metro": "München", "population": 28413, "geo": {"lat": 48.2000, "lon": 11.3333, "tz": "Europe/Berlin"}},
  {"name": "Traunreut", "stateCode": "BY", "state": "Bayern", "county": "Traunstein", "metro": "Traunstein", "population": 21481, "geo": {"lat": 47.9667, "lon": 12.5833, "tz": "Europe/Berlin"}},
  {"name": "Senden", "stateCode": "BY", "state": "Bayern", "county": "Neu-Ulm", "metro": "Ulm", "population": 22411, "geo": {"lat": 48.3333, "lon": 10.0500, "tz": "Europe/Berlin"}},
  {"name": "Königsbrunn", "stateCode": "BY", "state": "Bayern", "county": "Augsburg", "metro": "Augsburg", "population": 28080, "geo": {"lat": 48.2667, "lon": 10.8833, "tz": "Europe/Berlin"}},
  {"name": "Lindau", "stateCode": "BY", "state": "Bayern", "county": "Lindau", "metro": "Bodensee", "population": 25595, "geo": {"lat": 47.5458, "lon": 9.6839, "tz": "Europe/Berlin"}},
  {"name": "Geretsried", "stateCode": "BY", "state": "Bayern", "county": "Bad Tölz-Wolfratshausen", "metro": "München", "population": 25392, "geo": {"lat": 47.8667, "lon": 11.4833, "tz": "Europe/Berlin"}},
  {"name": "Garmisch-Partenkirchen", "stateCode": "BY", "state": "Bayern", "county": "Garmisch-Partenkirchen", "metro": "München", "population": 26178, "geo": {"lat": 47.5008, "lon": 11.1081, "tz": "Europe/Berlin"}},
  {"name": "Unterhaching", "stateCode": "BY", "state": "Bayern", "county": "München", "metro": "München", "population": 25335, "geo": {"lat": 48.0667, "lon": 11.6167, "tz": "Europe/Berlin"}},
  {"name": "Neuburg an der Donau", "stateCode": "BY", "state": "Bayern", "county": "Neuburg-Schrobenhausen", "metro": "Ingolstadt", "population": 30364, "geo": {"lat": 48.7333, "lon": 11.1833, "tz": "Europe/Berlin"}},
  {"name": "Vaterstetten", "stateCode": "BY", "state": "Bayern", "county": "Ebersberg", "metro": "München", "population": 24399, "geo": {"lat": 48.1000, "lon": 11.7833, "tz": "Europe/Berlin"}},
  {"name": "Ottobrunn", "stateCode": "BY", "state": "Bayern", "county": "München", "metro": "München", "population": 22070, "geo": {"lat": 48.0667, "lon": 11.6667, "tz": "Europe/Berlin"}},
  {"name": "Haar", "stateCode": "BY", "state": "Bayern", "county": "München", "metro": "München", "population": 22191, "geo": {"lat": 48.1000, "lon": 11.7333, "tz": "Europe/Berlin"}},
  {"name": "Starnberg", "stateCode": "BY", "state": "Bayern", "county": "Starnberg", "metro": "München", "population": 23499, "geo": {"lat": 47.9997, "lon": 11.3406, "tz": "Europe/Berlin"}},
  {"name": "Puchheim", "stateCode": "BY", "state": "Bayern", "county": "Fürstenfeldbruck", "metro": "München", "population": 21729, "geo": {"lat": 48.1500, "lon": 11.3500, "tz": "Europe/Berlin"}},
  {"name": "Friedberg", "stateCode": "BY", "state": "Bayern", "county": "Aichach-Friedberg", "metro": "Augsburg", "population": 30308, "geo": {"lat": 48.3500, "lon": 10.9833, "tz": "Europe/Berlin"}},
  {"name": "Gersthofen", "stateCode": "BY", "state": "Bayern", "county": "Augsburg", "metro": "Augsburg", "population": 22632, "geo": {"lat": 48.4167, "lon": 10.8667, "tz": "Europe/Berlin"}},
  {"name": "Neufahrn bei Freising", "stateCode": "BY", "state": "Bayern", "county": "Freising", "metro": "München", "population": 21256, "geo": {"lat": 48.3167, "lon": 11.6667, "tz": "Europe/Berlin"}},
  {"name": "Forchheim", "stateCode": "BY", "state": "Bayern", "county": "Forchheim", "metro": "Nürnberg", "population": 32308, "geo": {"lat": 49.7197, "lon": 11.0581, "tz": "Europe/Berlin"}},
  {"name": "Herzogenaurach", "stateCode": "BY", "state": "Bayern", "county": "Erlangen-Höchstadt", "metro": "Nürnberg", "population": 24267, "geo": {"lat": 49.5681, "lon": 10.8850, "tz": "Europe/Berlin"}},
  {"name": "Zirndorf", "stateCode": "BY", "state": "Bayern", "county": "Fürth", "metro": "Nürnberg", "population": 26127, "geo": {"lat": 49.4403, "lon": 10.9553, "tz": "Europe/Berlin"}},
  {"name": "Roth", "stateCode": "BY", "state": "Bayern", "county": "Roth", "metro": "Nürnberg", "population": 25419, "geo": {"lat": 49.2458, "lon": 11.0914, "tz": "Europe/Berlin"}},
  {"name": "Weißenburg in Bayern", "stateCode": "BY", "state": "Bayern", "county": "Weißenburg-Gunzenhausen", "metro": "Nürnberg", "population": 18415, "geo": {"lat": 49.0308, "lon": 10.9717, "tz": "Europe/Berlin"}},
  {"name": "Lauf an der Pegnitz", "stateCode": "BY", "state": "Bayern", "county": "Nürnberger Land", "metro": "Nürnberg", "population": 26494, "geo": {"lat": 49.5092, "lon": 11.2789, "tz": "Europe/Berlin"}},
  {"name": "Sulzbach-Rosenberg", "stateCode": "BY", "state": "Bayern", "county": "Amberg-Sulzbach", "metro": "Amberg", "population": 19667, "geo": {"lat": 49.4992, "lon": 11.7472, "tz": "Europe/Berlin"}},
  {"name": "Traunstein", "stateCode": "BY", "state": "Bayern", "county": "Traunstein", "metro": "Traunstein", "population": 21031, "geo": {"lat": 47.8683, "lon": 12.6436, "tz": "Europe/Berlin"}},
  {"name": "Bad Reichenhall", "stateCode": "BY", "state": "Bayern", "county": "Berchtesgadener Land", "metro": "Salzburg", "population": 18702, "geo": {"lat": 47.7247, "lon": 12.8781, "tz": "Europe/Berlin"}},
  {"name": "Mühldorf am Inn", "stateCode": "BY", "state": "Bayern", "county": "Mühldorf", "metro": "Mühldorf", "population": 19693, "geo": {"lat": 48.2453, "lon": 12.5239, "tz": "Europe/Berlin"}},
  {"name": "Altötting", "stateCode": "BY", "state": "Bayern", "county": "Altötting", "metro": "Altötting", "population": 12937, "geo": {"lat": 48.2267, "lon": 12.6761, "tz": "Europe/Berlin"}},
  {"name": "Waldkraiburg", "stateCode": "BY", "state": "Bayern", "county": "Mühldorf", "metro": "Mühldorf", "population": 24139, "geo": {"lat": 48.2094, "lon": 12.4019, "tz": "Europe/Berlin"}},
  {"name": "Penzberg", "stateCode": "BY", "state": "Bayern", "county": "Weilheim-Schongau", "metro": "München", "population": 16701, "geo": {"lat": 47.7519, "lon": 11.3778, "tz": "Europe/Berlin"}},
  {"name": "Weilheim in Oberbayern", "stateCode": "BY", "state": "Bayern", "county": "Weilheim-Schongau", "metro": "München", "population": 23215, "geo": {"lat": 47.8397, "lon": 11.1436, "tz": "Europe/Berlin"}},
  {"name": "Gauting", "stateCode": "BY", "state": "Bayern", "county": "Starnberg", "metro": "München", "population": 20929, "geo": {"lat": 48.0667, "lon": 11.3833, "tz": "Europe/Berlin"}},
  {"name": "Gilching", "stateCode": "BY", "state": "Bayern", "county": "Starnberg", "metro": "München", "population": 19957, "geo": {"lat": 48.1167, "lon": 11.2833, "tz": "Europe/Berlin"}},
  {"name": "Gröbenzell", "stateCode": "BY", "state": "Bayern", "county": "Fürstenfeldbruck", "metro": "München", "population": 20093, "geo": {"lat": 48.2000, "lon": 11.3667, "tz": "Europe/Berlin"}},
  {"name": "Eichenau", "stateCode": "BY", "state": "Bayern", "county": "Fürstenfeldbruck", "metro": "München", "population": 12231, "geo": {"lat": 48.1667, "lon": 11.3167, "tz": "Europe/Berlin"}},
  {"name": "Poing", "stateCode": "BY", "state": "Bayern", "county": "Ebersberg", "metro": "München", "population": 16139, "geo": {"lat": 48.1667, "lon": 11.8167, "tz": "Europe/Berlin"}},
  {"name": "Grafing bei München", "stateCode": "BY", "state": "Bayern", "county": "Ebersberg", "metro": "München", "population": 13805, "geo": {"lat": 48.0500, "lon": 11.9667, "tz": "Europe/Berlin"}},
  {"name": "Markt Schwaben", "stateCode": "BY", "state": "Bayern", "county": "Ebersberg", "metro": "München", "population": 14195, "geo": {"lat": 48.1833, "lon": 11.8667, "tz": "Europe/Berlin"}},
  {"name": "Ismaning", "stateCode": "BY", "state": "Bayern", "county": "München", "metro": "München", "population": 17524, "geo": {"lat": 48.2167, "lon": 11.6833, "tz": "Europe/Berlin"}},
  {"name": "Garching bei München", "stateCode": "BY", "state": "Bayern", "county": "München", "metro": "München", "population": 19021, "geo": {"lat": 48.2500, "lon": 11.6500, "tz": "Europe/Berlin"}},
  {"name": "Taufkirchen", "stateCode": "BY", "state": "Bayern", "county": "München", "metro": "München", "population": 19031, "geo": {"lat": 48.0500, "lon": 11.6167, "tz": "Europe/Berlin"}},
  {"name": "Neubiberg", "stateCode": "BY", "state": "Bayern", "county": "München", "metro": "München", "population": 14909, "geo": {"lat": 48.0833, "lon": 11.6667, "tz": "Europe/Berlin"}},
  {"name": "Höhenkirchen-Siegertsbrunn", "stateCode": "BY", "state": "Bayern", "county": "München", "metro": "München", "population": 12012, "geo": {"lat": 48.0167, "lon": 11.7167, "tz": "Europe/Berlin"}},
  {"name": "Oberhaching", "stateCode": "BY", "state": "Bayern", "county": "München", "metro": "München", "population": 14239, "geo": {"lat": 48.0333, "lon": 11.5833, "tz": "Europe/Berlin"}},
  {"name": "Pullach im Isartal", "stateCode": "BY", "state": "Bayern", "county": "München", "metro": "München", "population": 9373, "geo": {"lat": 48.0500, "lon": 11.5167, "tz": "Europe/Berlin"}},
  {"name": "Grünwald", "stateCode": "BY", "state": "Bayern", "county": "München", "metro": "München", "population": 11295, "geo": {"lat": 48.0333, "lon": 11.5167, "tz": "Europe/Berlin"}},
  {"name": "Planegg", "stateCode": "BY", "state": "Bayern", "county": "München", "metro": "München", "population": 11391, "geo": {"lat": 48.1000, "lon": 11.4333, "tz": "Europe/Berlin"}},
  {"name": "Bad Aibling", "stateCode": "BY", "state": "Bayern", "county": "Rosenheim", "metro": "München", "population": 19244, "geo": {"lat": 47.8631, "lon": 12.0106, "tz": "Europe/Berlin"}},
  {"name": "Kolbermoor", "stateCode": "BY", "state": "Bayern", "county": "Rosenheim", "metro": "München", "population": 19146, "geo": {"lat": 47.8500, "lon": 12.0667, "tz": "Europe/Berlin"}},
  {"name": "Wasserburg am Inn", "stateCode": "BY", "state": "Bayern", "county": "Rosenheim", "metro": "München", "population": 12851, "geo": {"lat": 48.0611, "lon": 12.2306, "tz": "Europe/Berlin"}},
  {"name": "Burghausen", "stateCode": "BY", "state": "Bayern", "county": "Altötting", "metro": "Altötting", "population": 18814, "geo": {"lat": 48.1683, "lon": 12.8311, "tz": "Europe/Berlin"}},
  {"name": "Bad Tölz", "stateCode": "BY", "state": "Bayern", "county": "Bad Tölz-Wolfratshausen", "metro": "München", "population": 19322, "geo": {"lat": 47.7606, "lon": 11.5561, "tz": "Europe/Berlin"}},
  {"name": "Wolfratshausen", "stateCode": "BY", "state": "Bayern", "county": "Bad Tölz-Wolfratshausen", "metro": "München", "population": 18594, "geo": {"lat": 47.9131, "lon": 11.4219, "tz": "Europe/Berlin"}},
  {"name": "Miesbach", "stateCode": "BY", "state": "Bayern", "county": "Miesbach", "metro": "München", "population": 12014, "geo": {"lat": 47.7889, "lon": 11.8333, "tz": "Europe/Berlin"}},
  {"name": "Holzkirchen", "stateCode": "BY", "state": "Bayern", "county": "Miesbach", "metro": "München", "population": 16982, "geo": {"lat": 47.8764, "lon": 11.7017, "tz": "Europe/Berlin"}},
  {"name": "Pfarrkirchen", "stateCode": "BY", "state": "Bayern", "county": "Rottal-Inn", "metro": "Rottal-Inn", "population": 13102, "geo": {"lat": 48.4333, "lon": 12.9333, "tz": "Europe/Berlin"}},
  {"name": "Dorfen", "stateCode": "BY", "state": "Bayern", "county": "Erding", "metro": "München", "population": 15057, "geo": {"lat": 48.2667, "lon": 12.1500, "tz": "Europe/Berlin"}},
  {"name": "Trostberg", "stateCode": "BY", "state": "Bayern", "county": "Traunstein", "metro": "Traunstein", "population": 11502, "geo": {"lat": 48.0261, "lon": 12.5569, "tz": "Europe/Berlin"}},
  {"name": "Marktoberdorf", "stateCode": "BY", "state": "Bayern", "county": "Ostallgäu", "metro": "Kempten", "population": 18685, "geo": {"lat": 47.7781, "lon": 10.6172, "tz": "Europe/Berlin"}},
  {"name": "Füssen", "stateCode": "BY", "state": "Bayern", "county": "Ostallgäu", "metro": "Kempten", "population": 15650, "geo": {"lat": 47.5697, "lon": 10.7000, "tz": "Europe/Berlin"}},
  {"name": "Buchloe", "stateCode": "BY", "state": "Bayern", "county": "Ostallgäu", "metro": "Kempten", "population": 13381, "geo": {"lat": 48.0358, "lon": 10.7250, "tz": "Europe/Berlin"}},
  {"name": "Sonthofen", "stateCode": "BY", "state": "Bayern", "county": "Oberallgäu", "metro": "Kempten", "population": 21487, "geo": {"lat": 47.5142, "lon": 10.2808, "tz": "Europe/Berlin"}},
  {"name": "Immenstadt im Allgäu", "stateCode": "BY", "state": "Bayern", "county": "Oberallgäu", "metro": "Kempten", "population": 14424, "geo": {"lat": 47.5603, "lon": 10.2189, "tz": "Europe/Berlin"}},
  {"name": "Oberstdorf", "stateCode": "BY", "state": "Bayern", "county": "Oberallgäu", "metro": "Kempten", "population": 9955, "geo": {"lat": 47.4097, "lon": 10.2794, "tz": "Europe/Berlin"}},
  {"name": "Bad Wörishofen", "stateCode": "BY", "state": "Bayern", "county": "Unterallgäu", "metro": "Memmingen", "population": 16292, "geo": {"lat": 48.0069, "lon": 10.5958, "tz": "Europe/Berlin"}},
  {"name": "Mindelheim", "stateCode": "BY", "state": "Bayern", "county": "Unterallgäu", "metro": "Memmingen", "population": 15113, "geo": {"lat": 48.0456, "lon": 10.4900, "tz": "Europe/Berlin"}},
  {"name": "Bad Kissingen", "stateCode": "BY", "state": "Bayern", "county": "Bad Kissingen", "metro": "Bad Kissingen", "population": 23566, "geo": {"lat": 50.1989, "lon": 10.0786, "tz": "Europe/Berlin"}},
  {"name": "Haßfurt", "stateCode": "BY", "state": "Bayern", "county": "Haßberge", "metro": "Schweinfurt", "population": 13653, "geo": {"lat": 50.0333, "lon": 10.5167, "tz": "Europe/Berlin"}},
  {"name": "Kitzingen", "stateCode": "BY", "state": "Bayern", "county": "Kitzingen", "metro": "Würzburg", "population": 22048, "geo": {"lat": 49.7375, "lon": 10.1553, "tz": "Europe/Berlin"}},
  {"name": "Ochsenfurt", "stateCode": "BY", "state": "Bayern", "county": "Würzburg", "metro": "Würzburg", "population": 11456, "geo": {"lat": 49.6633, "lon": 10.0608, "tz": "Europe/Berlin"}},
  {"name": "Lohr am Main", "stateCode": "BY", "state": "Bayern", "county": "Main-Spessart", "metro": "Würzburg", "population": 15162, "geo": {"lat": 49.9919, "lon": 9.5758, "tz": "Europe/Berlin"}},
  {"name": "Karlstadt", "stateCode": "BY", "state": "Bayern", "county": "Main-Spessart", "metro": "Würzburg", "population": 14957, "geo": {"lat": 49.9592, "lon": 9.7717, "tz": "Europe/Berlin"}},
  {"name": "Marktheidenfeld", "stateCode": "BY", "state": "Bayern", "county": "Main-Spessart", "metro": "Würzburg", "population": 11241, "geo": {"lat": 49.8444, "lon": 9.6022, "tz": "Europe/Berlin"}},
  {"name": "Alzenau", "stateCode": "BY", "state": "Bayern", "county": "Aschaffenburg", "metro": "Frankfurt", "population": 18966, "geo": {"lat": 50.0872, "lon": 9.0711, "tz": "Europe/Berlin"}},
  {"name": "Miltenberg", "stateCode": "BY", "state": "Bayern", "county": "Miltenberg", "metro": "Frankfurt", "population": 9231, "geo": {"lat": 49.7039, "lon": 9.2639, "tz": "Europe/Berlin"}},
  {"name": "Obernburg am Main", "stateCode": "BY", "state": "Bayern", "county": "Miltenberg", "metro": "Frankfurt", "population": 8694, "geo": {"lat": 49.8389, "lon": 9.1389, "tz": "Europe/Berlin"}},
  {"name": "Erlenbach am Main", "stateCode": "BY", "state": "Bayern", "county": "Miltenberg", "metro": "Frankfurt", "population": 10244, "geo": {"lat": 49.8050, "lon": 9.1622, "tz": "Europe/Berlin"}},
  {"name": "Kronach", "stateCode": "BY", "state": "Bayern", "county": "Kronach", "metro": "Coburg", "population": 16795, "geo": {"lat": 50.2378, "lon": 11.3278, "tz": "Europe/Berlin"}},
  {"name": "Lichtenfels", "stateCode": "BY", "state": "Bayern", "county": "Lichtenfels", "metro": "Bamberg", "population": 20140, "geo": {"lat": 50.1439, "lon": 11.0592, "tz": "Europe/Berlin"}},
  {"name": "Bad Staffelstein", "stateCode": "BY", "state": "Bayern", "county": "Lichtenfels", "metro": "Bamberg", "population": 10516, "geo": {"lat": 50.1000, "lon": 11.0000, "tz": "Europe/Berlin"}},
  {"name": "Kulmbach", "stateCode": "BY", "state": "Bayern", "county": "Kulmbach", "metro": "Bayreuth", "population": 25955, "geo": {"lat": 50.1081, "lon": 11.4522, "tz": "Europe/Berlin"}},
  {"name": "Marktredwitz", "stateCode": "BY", "state": "Bayern", "county": "Wunsiedel", "metro": "Hof", "population": 16721, "geo": {"lat": 50.0011, "lon": 12.0833, "tz": "Europe/Berlin"}},
  {"name": "Selb", "stateCode": "BY", "state": "Bayern", "county": "Wunsiedel", "metro": "Hof", "population": 14748, "geo": {"lat": 50.1692, "lon": 12.1319, "tz": "Europe/Berlin"}},
  {"name": "Tirschenreuth", "stateCode": "BY", "state": "Bayern", "county": "Tirschenreuth", "metro": "Weiden", "population": 8918, "geo": {"lat": 49.8833, "lon": 12.3333, "tz": "Europe/Berlin"}},
  {"name": "Cham", "stateCode": "BY", "state": "Bayern", "county": "Cham", "metro": "Regensburg", "population": 17097, "geo": {"lat": 49.2228, "lon": 12.6617, "tz": "Europe/Berlin"}},
  {"name": "Roding", "stateCode": "BY", "state": "Bayern", "county": "Cham", "metro": "Regensburg", "population": 12117, "geo": {"lat": 49.1917, "lon": 12.5194, "tz": "Europe/Berlin"}},
  {"name": "Schwandorf", "stateCode": "BY", "state": "Bayern", "county": "Schwandorf", "metro": "Regensburg", "population": 28953, "geo": {"lat": 49.3261, "lon": 12.1083, "tz": "Europe/Berlin"}},
  {"name": "Burglengenfeld", "stateCode": "BY", "state": "Bayern", "county": "Schwandorf", "metro": "Regensburg", "population": 13574, "geo": {"lat": 49.2044, "lon": 12.0378, "tz": "Europe/Berlin"}},
  {"name": "Neutraubling", "stateCode": "BY", "state": "Bayern", "county": "Regensburg", "metro": "Regensburg", "population": 14124, "geo": {"lat": 48.9833, "lon": 12.2000, "tz": "Europe/Berlin"}},
  {"name": "Regenstauf", "stateCode": "BY", "state": "Bayern", "county": "Regensburg", "metro": "Regensburg", "population": 16061, "geo": {"lat": 49.1211, "lon": 12.1281, "tz": "Europe/Berlin"}},
  {"name": "Kelheim", "stateCode": "BY", "state": "Bayern", "county": "Kelheim", "metro": "Regensburg", "population": 17186, "geo": {"lat": 48.9167, "lon": 11.8833, "tz": "Europe/Berlin"}},
  {"name": "Mainburg", "stateCode": "BY", "state": "Bayern", "county": "Kelheim", "metro": "Regensburg", "population": 15474, "geo": {"lat": 48.6428, "lon": 11.7833, "tz": "Europe/Berlin"}},
  {"name": "Bogen", "stateCode": "BY", "state": "Bayern", "county": "Straubing-Bogen", "metro": "Straubing", "population": 10304, "geo": {"lat": 48.9167, "lon": 12.6833, "tz": "Europe/Berlin"}},
  {"name": "Dingolfing", "stateCode": "BY", "state": "Bayern", "county": "Dingolfing-Landau", "metro": "Dingolfing", "population": 19693, "geo": {"lat": 48.6294, "lon": 12.4978, "tz": "Europe/Berlin"}},
  {"name": "Landau an der Isar", "stateCode": "BY", "state": "Bayern", "county": "Dingolfing-Landau", "metro": "Dingolfing", "population": 13700, "geo": {"lat": 48.6731, "lon": 12.6900, "tz": "Europe/Berlin"}},
  {"name": "Vilsbiburg", "stateCode": "BY", "state": "Bayern", "county": "Landshut", "metro": "Landshut", "population": 12040, "geo": {"lat": 48.4544, "lon": 12.3539, "tz": "Europe/Berlin"}},
  {"name": "Vilshofen an der Donau", "stateCode": "BY", "state": "Bayern", "county": "Passau", "metro": "Passau", "population": 16765, "geo": {"lat": 48.6367, "lon": 13.1814, "tz": "Europe/Berlin"}},
  {"name": "Freyung", "stateCode": "BY", "state": "Bayern", "county": "Freyung-Grafenau", "metro": "Passau", "population": 7167, "geo": {"lat": 48.8069, "lon": 13.5500, "tz": "Europe/Berlin"}},
  {"name": "Grafenau", "stateCode": "BY", "state": "Bayern", "county": "Freyung-Grafenau", "metro": "Passau", "population": 8278, "geo": {"lat": 48.8569, "lon": 13.3986, "tz": "Europe/Berlin"}},
  {"name": "Regen", "stateCode": "BY", "state": "Bayern", "county": "Regen", "metro": "Deggendorf", "population": 11051, "geo": {"lat": 48.9694, "lon": 13.1294, "tz": "Europe/Berlin"}},
  {"name": "Zwiesel", "stateCode": "BY", "state": "Bayern", "county": "Regen", "metro": "Deggendorf", "population": 9189, "geo": {"lat": 49.0167, "lon": 13.2333, "tz": "Europe/Berlin"}},
  {"name": "Viechtach", "stateCode": "BY", "state": "Bayern", "county": "Regen", "metro": "Deggendorf", "population": 8265, "geo": {"lat": 49.0803, "lon": 12.8819, "tz": "Europe/Berlin"}},
  {"name": "Pfaffenhofen an der Ilm", "stateCode": "BY", "state": "Bayern", "county": "Pfaffenhofen", "metro": "München", "population": 26688, "geo": {"lat": 48.5303, "lon": 11.5119, "tz": "Europe/Berlin"}},
  {"name": "Schrobenhausen", "stateCode": "BY", "state": "Bayern", "county": "Neuburg-Schrobenhausen", "metro": "Ingolstadt", "population": 17233, "geo": {"lat": 48.5606, "lon": 11.2617, "tz": "Europe/Berlin"}},
  {"name": "Eichstätt", "stateCode": "BY", "state": "Bayern", "county": "Eichstätt", "metro": "Ingolstadt", "population": 13525, "geo": {"lat": 48.8917, "lon": 11.1833, "tz": "Europe/Berlin"}},
  {"name": "Donauwörth", "stateCode": "BY", "state": "Bayern", "county": "Donau-Ries", "metro": "Augsburg", "population": 19299, "geo": {"lat": 48.7181, "lon": 10.7775, "tz": "Europe/Berlin"}},
  {"name": "Nördlingen", "stateCode": "BY", "state": "Bayern", "county": "Donau-Ries", "metro": "Augsburg", "population": 20954, "geo": {"lat": 48.8508, "lon": 10.4883, "tz": "Europe/Berlin"}},
  {"name": "Rain", "stateCode": "BY", "state": "Bayern", "county": "Donau-Ries", "metro": "Augsburg", "population": 9043, "geo": {"lat": 48.6892, "lon": 10.9167, "tz": "Europe/Berlin"}},
  {"name": "Aichach", "stateCode": "BY", "state": "Bayern", "county": "Aichach-Friedberg", "metro": "Augsburg", "population": 22121, "geo": {"lat": 48.4581, "lon": 11.1336, "tz": "Europe/Berlin"}},
  {"name": "Schwabmünchen", "stateCode": "BY", "state": "Bayern", "county": "Augsburg", "metro": "Augsburg", "population": 14432, "geo": {"lat": 48.1803, "lon": 10.7536, "tz": "Europe/Berlin"}},
  {"name": "Bobingen", "stateCode": "BY", "state": "Bayern", "county": "Augsburg", "metro": "Augsburg", "population": 17397, "geo": {"lat": 48.2667, "lon": 10.8333, "tz": "Europe/Berlin"}},
  {"name": "Neusäß", "stateCode": "BY", "state": "Bayern", "county": "Augsburg", "metro": "Augsburg", "population": 23079, "geo": {"lat": 48.3992, "lon": 10.8353, "tz": "Europe/Berlin"}},
  {"name": "Stadtbergen", "stateCode": "BY", "state": "Bayern", "county": "Augsburg", "metro": "Augsburg", "population": 15176, "geo": {"lat": 48.3667, "lon": 10.8500, "tz": "Europe/Berlin"}},
  {"name": "Günzburg", "stateCode": "BY", "state": "Bayern", "county": "Günzburg", "metro": "Ulm", "population": 20707, "geo": {"lat": 48.4547, "lon": 10.2742, "tz": "Europe/Berlin"}},
  {"name": "Illertissen", "stateCode": "BY", "state": "Bayern", "county": "Neu-Ulm", "metro": "Ulm", "population": 17458, "geo": {"lat": 48.2225, "lon": 10.0978, "tz": "Europe/Berlin"}},
  {"name": "Weißenhorn", "stateCode": "BY", "state": "Bayern", "county": "Neu-Ulm", "metro": "Ulm", "population": 14174, "geo": {"lat": 48.3031, "lon": 10.1614, "tz": "Europe/Berlin"}},
  {"name": "Vöhringen", "stateCode": "BY", "state": "Bayern", "county": "Neu-Ulm", "metro": "Ulm", "population": 13858, "geo": {"lat": 48.2833, "lon": 10.0833, "tz": "Europe/Berlin"}},
  {"name": "Dillingen an der Donau", "stateCode": "BY", "state": "Bayern", "county": "Dillingen", "metro": "Augsburg", "population": 18937, "geo": {"lat": 48.5806, "lon": 10.4661, "tz": "Europe/Berlin"}},
  {"name": "Lauingen", "stateCode": "BY", "state": "Bayern", "county": "Dillingen", "metro": "Augsburg", "population": 11215, "geo": {"lat": 48.5667, "lon": 10.4333, "tz": "Europe/Berlin"}},
  {"name": "Höchstädt an der Donau", "stateCode": "BY", "state": "Bayern", "county": "Dillingen", "metro": "Augsburg", "population": 6898, "geo": {"lat": 48.6131, "lon": 10.5653, "tz": "Europe/Berlin"}},
  {"name": "Krumbach", "stateCode": "BY", "state": "Bayern", "county": "Günzburg", "metro": "Memmingen", "population": 12946, "geo": {"lat": 48.2419, "lon": 10.3628, "tz": "Europe/Berlin"}},
  {"name": "Mering", "stateCode": "BY", "state": "Bayern", "county": "Aichach-Friedberg", "metro": "Augsburg", "population": 14813, "geo": {"lat": 48.2667, "lon": 10.9833, "tz": "Europe/Berlin"}},
  {"name": "Ichenhausen", "stateCode": "BY", "state": "Bayern", "county": "Günzburg", "metro": "Ulm", "population": 9132, "geo": {"lat": 48.3678, "lon": 10.3078, "tz": "Europe/Berlin"}},
  {"name": "Pegnitz", "stateCode": "BY", "state": "Bayern", "county": "Bayreuth", "metro": "Bayreuth", "population": 13394, "geo": {"lat": 49.7525, "lon": 11.5453, "tz": "Europe/Berlin"}},
  {"name": "Treuchtlingen", "stateCode": "BY", "state": "Bayern", "county": "Weißenburg-Gunzenhausen", "metro": "Nürnberg", "population": 12713, "geo": {"lat": 48.9550, "lon": 10.9092, "tz": "Europe/Berlin"}},
  {"name": "Gunzenhausen", "stateCode": "BY", "state": "Bayern", "county": "Weißenburg-Gunzenhausen", "metro": "Nürnberg", "population": 16741, "geo": {"lat": 49.1139, "lon": 10.7531, "tz": "Europe/Berlin"}},
  {"name": "Hersbruck", "stateCode": "BY", "state": "Bayern", "county": "Nürnberger Land", "metro": "Nürnberg", "population": 12624, "geo": {"lat": 49.5089, "lon": 11.4322, "tz": "Europe/Berlin"}},
  {"name": "Altdorf bei Nürnberg", "stateCode": "BY", "state": "Bayern", "county": "Nürnberger Land", "metro": "Nürnberg", "population": 15383, "geo": {"lat": 49.3867, "lon": 11.3575, "tz": "Europe/Berlin"}},
  {"name": "Hilpoltstein", "stateCode": "BY", "state": "Bayern", "county": "Roth", "metro": "Nürnberg", "population": 13832, "geo": {"lat": 49.1900, "lon": 11.1900, "tz": "Europe/Berlin"}},
  {"name": "Wendelstein", "stateCode": "BY", "state": "Bayern", "county": "Roth", "metro": "Nürnberg", "population": 16296, "geo": {"lat": 49.3522, "lon": 11.1483, "tz": "Europe/Berlin"}},
  {"name": "Höchstadt an der Aisch", "stateCode": "BY", "state": "Bayern", "county": "Erlangen-Höchstadt", "metro": "Nürnberg", "population": 13450, "geo": {"lat": 49.7069, "lon": 10.8081, "tz": "Europe/Berlin"}},
  {"name": "Stein", "stateCode": "BY", "state": "Bayern", "county": "Fürth", "metro": "Nürnberg", "population": 14660, "geo": {"lat": 49.4167, "lon": 10.9833, "tz": "Europe/Berlin"}},
  {"name": "Oberasbach", "stateCode": "BY", "state": "Bayern", "county": "Fürth", "metro": "Nürnberg", "population": 17859, "geo": {"lat": 49.4208, "lon": 10.9583, "tz": "Europe/Berlin"}}
]
