[
  {"name": "Frankfurt am Main", "stateCode": "HE", "state": "Hessen", "county": "Frankfurt am Main", "metro": "Frankfurt Rhein-Main", "population": 753056, "geo": {"lat": 50.1109, "lon": 8.6821, "tz": "Europe/Berlin"}},
  {"name": "Wiesbaden", "stateCode": "HE", "state": "Hessen", "county": "Wiesbaden", "metro": "Frankfurt Rhein-Main", "population": 278474, "geo": {"lat": 50.0782, "lon": 8.2398, "tz": "Europe/Berlin"}},
  {"name": "Kassel", "stateCode": "HE", "state": "Hessen", "county": "Kassel", "metro": "Kassel", "population": 201585, "geo": {"lat": 51.3127, "lon": 9.4797, "tz": "Europe/Berlin"}},
  {"name": "Darmstadt", "stateCode": "HE", "state": "Hessen", "county": "Darmstadt", "metro": "Frankfurt Rhein-Main", "population": 159207, "geo": {"lat": 49.8728, "lon": 8.6512, "tz": "Europe/Berlin"}},
  {"name": "Offenbach am Main", "stateCode": "HE", "state": "Hessen", "county": "Offenbach am Main", "metro": "Frankfurt Rhein-Main", "population": 130280, "geo": {"lat": 50.0956, "lon": 8.7761, "tz": "Europe/Berlin"}},
  {"name": "Hanau", "stateCode": "HE", "state": "Hessen", "county": "Main-Kinzig-Kreis", "metro": "Frankfurt Rhein-Main", "population": 101364, "geo": {"lat": 50.1326, "lon": 8.9169, "tz": "Europe/Berlin"}},
  {"name": "Gießen", "stateCode": "HE", "state": "Hessen", "county": "Gießen", "metro": "Gießen", "population": 90126, "geo": {"lat": 50.5840, "lon": 8.6784, "tz": "Europe/Berlin"}},
  {"name": "Marburg", "stateCode": "HE", "state": "Hessen", "county": "Marburg-Biedenkopf", "metro": "Marburg", "population": 76952, "geo": {"lat": 50.8095, "lon": 8.7706, "tz": "Europe/Berlin"}},
  {"name": "Fulda", "stateCode": "HE", "state": "Hessen", "county": "Fulda", "metro": "Fulda", "population": 68635, "geo": {"lat": 50.5528, "lon": 9.6758, "tz": "Europe/Berlin"}},
  {"name": "Rüsselsheim am Main", "stateCode": "HE", "state": "Hessen", "county": "Groß-Gerau", "metro": "Frankfurt Rhein-Main", "population": 65403, "geo": {"lat": 49.9953, "lon": 8.4222, "tz": "Europe/Berlin"}},
  {"name": "Bad Homburg vor der Höhe", "stateCode": "HE", "state": "Hessen", "county": "Hochtaunuskreis", "metro": "Frankfurt Rhein-Main", "population": 54759, "geo": {"lat": 50.2269, "lon": 8.6186, "tz": "Europe/Berlin"}},
  {"name": "Wetzlar", "stateCode": "HE", "state": "Hessen", "county": "Lahn-Dill-Kreis", "metro": "Gießen", "population": 54106, "geo": {"lat": 50.5605, "lon": 8.5047, "tz": "Europe/Berlin"}},
  {"name": "Oberursel", "stateCode": "HE", "state": "Hessen", "county": "Hochtaunuskreis", "metro": "Frankfurt Rhein-Main", "population": 46658, "geo": {"lat": 50.1989, "lon": 8.5772, "tz": "Europe/Berlin"}},
  {"name": "Rodgau", "stateCode": "HE", "state": "Hessen", "county": "Offenbach", "metro": "Frankfurt Rhein-Main", "population": 45910, "geo": {"lat": 50.0167, "lon": 8.8833, "tz": "Europe/Berlin"}},
  {"name": "Dreieich", "stateCode": "HE", "state": "Hessen", "county": "Offenbach", "metro": "Frankfurt Rhein-Main", "population": 42941, "geo": {"lat": 50.0000, "lon": 8.7000, "tz": "Europe/Berlin"}},
  {"name": "Bensheim", "stateCode": "HE", "state": "Hessen", "county": "Bergstraße", "metro": "Rhein-Neckar", "population": 42168, "geo": {"lat": 49.6814, "lon": 8.6192, "tz": "Europe/Berlin"}},
  {"name": "Hofheim am Taunus", "stateCode": "HE", "state": "Hessen", "county": "Main-Taunus-Kreis", "metro": "Frankfurt Rhein-Main", "population": 40106, "geo": {"lat": 50.0861, "lon": 8.4475, "tz": "Europe/Berlin"}},
  {"name": "Langen", "stateCode": "HE", "state": "Hessen", "county": "Offenbach", "metro": "Frankfurt Rhein-Main", "population": 39093, "geo": {"lat": 49.9917, "lon": 8.6778, "tz": "Europe/Berlin"}},
  {"name": "Neu-Isenburg", "stateCode": "HE", "state": "Hessen", "county": "Offenbach", "metro": "Frankfurt Rhein-Main", "population": 38105, "geo": {"lat": 50.0500, "lon": 8.7000, "tz": "Europe/Berlin"}},
  {"name": "Limburg an der Lahn", "stateCode": "HE", "state": "Hessen", "county": "Limburg-Weilburg", "metro": "Limburg", "population": 35791, "geo": {"lat": 50.3875, "lon": 8.0658, "tz": "Europe/Berlin"}},
  {"name": "Bad Vilbel", "stateCode": "HE", "state": "Hessen", "county": "Wetteraukreis", "metro": "Frankfurt Rhein-Main", "population": 35277, "geo": {"lat": 50.1814, "lon": 8.7397, "tz": "Europe/Berlin"}},
  {"name": "Dietzenbach", "stateCode": "HE", "state": "Hessen", "county": "Offenbach", "metro": "Frankfurt Rhein-Main", "population": 35115, "geo": {"lat": 50.0094, "lon": 8.7778, "tz": "Europe/Berlin"}},
  {"name": "Viernheim", "stateCode": "HE", "state": "Hessen", "county": "Bergstraße", "metro": "Rhein-Neckar", "population": 34589, "geo": {"lat": 49.5406, "lon": 8.5789, "tz": "Europe/Berlin"}},
  {"name": "Taunusstein", "stateCode": "HE", "state": "Hessen", "county": "Rheingau-Taunus-Kreis", "metro": "Frankfurt Rhein-Main", "population": 30978, "geo": {"lat": 50.1500, "lon": 8.1500, "tz": "Europe/Berlin"}},
  {"name": "Friedberg", "stateCode": "HE", "state": "Hessen", "county": "Wetteraukreis", "metro": "Frankfurt Rhein-Main", "population": 30315, "geo": {"lat": 50.3344, "lon": 8.7556, "tz": "Europe/Berlin"}},
  {"name": "Kelkheim", "stateCode": "HE", "state": "Hessen", "county": "Main-Taunus-Kreis", "metro": "Frankfurt Rhein-Main", "population": 29449, "geo": {"lat": 50.1333, "lon": 8.4500, "tz": "Europe/Berlin"}},
  {"name": "Mörfelden-Walldorf", "stateCode": "HE", "state": "Hessen", "county": "Groß-Gerau", "metro": "Frankfurt Rhein-Main", "population": 34823, "geo": {"lat": 49.9833, "lon": 8.5833, "tz": "Europe/Berlin"}},
  {"name": "Bad Nauheim", "stateCode": "HE", "state": "Hessen", "county": "Wetteraukreis", "metro": "Frankfurt Rhein-Main", "population": 32318, "geo": {"lat": 50.3667, "lon": 8.7500, "tz": "Europe/Berlin"}},
  {"name": "Lampertheim", "stateCode": "HE", "state": "Hessen", "county": "Bergstraße", "metro": "Rhein-Neckar", "population": 33063, "geo": {"lat": 49.5972, "lon": 8.4658, "tz": "Europe/Berlin"}},
  {"name": "Obertshausen", "stateCode": "HE", "state": "Hessen", "county": "Offenbach", "metro": "Frankfurt Rhein-Main", "population": 25000, "geo": {"lat": 50.0667, "lon": 8.8500, "tz": "Europe/Berlin"}},
  {"name": "Pfungstadt", "stateCode": "HE", "state": "Hessen", "county": "Darmstadt-Dieburg", "metro": "Frankfurt Rhein-Main", "population": 26121, "geo": {"lat": 49.8058, "lon": 8.6019, "tz": "Europe/Berlin"}},
  {"name": "Griesheim", "stateCode": "HE", "state": "Hessen", "county": "Darmstadt-Dieburg", "metro": "Frankfurt Rhein-Main", "population": 27798, "geo": {"lat": 49.8608, "lon": 8.5708, "tz": "Europe/Berlin"}},
  {"name": "Baunatal", "stateCode": "HE", "state": "Hessen", "county": "Kassel", "metro": "Kassel", "population": 27784, "geo": {"lat": 51.2500, "lon": 9.4167, "tz": "Europe/Berlin"}},
  {"name": "Groß-Gerau", "stateCode": "HE", "state": "Hessen", "county": "Groß-Gerau", "metro": "Frankfurt Rhein-Main", "population": 25706, "geo": {"lat": 49.9208, "lon": 8.4822, "tz": "Europe/Berlin"}},
  {"name": "Heusenstamm", "stateCode": "HE", "state": "Hessen", "county": "Offenbach", "metro": "Frankfurt Rhein-Main", "population": 19139, "geo": {"lat": 50.0500, "lon": 8.8000, "tz": "Europe/Berlin"}},
  {"name": "Heppenheim", "stateCode": "HE", "state": "Hessen", "county": "Bergstraße", "metro": "Rhein-Neckar", "population": 26493, "geo": {"lat": 49.6425, "lon": 8.6361, "tz": "Europe/Berlin"}},
  {"name": "Hattersheim am Main", "stateCode": "HE", "state": "Hessen", "county": "Main-Taunus-Kreis", "metro": "Frankfurt Rhein-Main", "population": 27943, "geo": {"lat": 50.0667, "lon": 8.4833, "tz": "Europe/Berlin"}},
  {"name": "Flörsheim am Main", "stateCode": "HE", "state": "Hessen", "county": "Main-Taunus-Kreis", "metro": "Frankfurt Rhein-Main", "population": 21653, "geo": {"lat": 50.0167, "lon": 8.4333, "tz": "Europe/Berlin"}},
  {"name": "Butzbach", "stateCode": "HE", "state": "Hessen", "county": "Wetteraukreis", "metro": "Frankfurt Rhein-Main", "population": 26281, "geo": {"lat": 50.4333, "lon": 8.6667, "tz": "Europe/Berlin"}},
  {"name": "Karben", "stateCode": "HE", "state": "Hessen", "county": "Wetteraukreis", "metro": "Frankfurt Rhein-Main", "population": 22598, "geo": {"lat": 50.2333, "lon": 8.7667, "tz": "Europe/Berlin"}},
  {"name": "Maintal", "stateCode": "HE", "state": "Hessen", "county": "Main-Kinzig-Kreis", "metro": "Frankfurt Rhein-Main", "population": 40032, "geo": {"lat": 50.1500, "lon": 8.8500, "tz": "Europe/Berlin"}},
  {"name": "Mühlheim am Main", "stateCode": "HE", "state": "Hessen", "county": "Offenbach", "metro": "Frankfurt Rhein-Main", "population": 28730, "geo": {"lat": 50.1167, "lon": 8.8333, "tz": "Europe/Berlin"}},
  {"name": "Seligenstadt", "stateCode": "HE", "state": "Hessen", "county": "Offenbach", "metro": "Frankfurt Rhein-Main", "population": 21287, "geo": {"lat": 50.0333, "lon": 8.9667, "tz": "Europe/Berlin"}},
  {"name": "Königstein im Taunus", "stateCode": "HE", "state": "Hessen", "county": "Hochtaunuskreis", "metro": "Frankfurt Rhein-Main", "population": 16718, "geo": {"lat": 50.1833, "lon": 8.4667, "tz": "Europe/Berlin"}},
  {"name": "Kronberg im Taunus", "stateCode": "HE", "state": "Hessen", "county": "Hochtaunuskreis", "metro": "Frankfurt Rhein-Main", "population": 18277, "geo": {"lat": 50.1817, "lon": 8.5175, "tz": "Europe/Berlin"}},
  {"name": "Friedrichsdorf", "stateCode": "HE", "state": "Hessen", "county": "Hochtaunuskreis", "metro": "Frankfurt Rhein-Main", "population": 25538, "geo": {"lat": 50.2500, "lon": 8.6333, "tz": "Europe/Berlin"}},
  {"name": "Usingen", "stateCode": "HE", "state": "Hessen", "county": "Hochtaunuskreis", "metro": "Frankfurt Rhein-Main", "population": 14529, "geo": {"lat": 50.3333, "lon": 8.5333, "tz": "Europe/Berlin"}},
  {"name": "Bad Soden am Taunus", "stateCode": "HE", "state": "Hessen", "county": "Main-Taunus-Kreis", "metro": "Frankfurt Rhein-Main", "population": 23027, "geo": {"lat": 50.1333, "lon": 8.5000, "tz": "Europe/Berlin"}},
  {"name": "Schwalbach am Taunus", "stateCode": "HE", "state": "Hessen", "county": "Main-Taunus-Kreis", "metro": "Frankfurt Rhein-Main", "population": 15388, "geo": {"lat": 50.1500, "lon": 8.5333, "tz": "Europe/Berlin"}},
  {"name": "Eschborn", "stateCode": "HE", "state": "Hessen", "county": "Main-Taunus-Kreis", "metro": "Frankfurt Rhein-Main", "population": 21640, "geo": {"lat": 50.1433, "lon": 8.5706, "tz": "Europe/Berlin"}},
  {"name": "Eltville am Rhein", "stateCode": "HE", "state": "Hessen", "county": "Rheingau-Taunus-Kreis", "metro": "Frankfurt Rhein-Main", "population": 17301, "geo": {"lat": 50.0333, "lon": 8.1167, "tz": "Europe/Berlin"}},
  {"name": "Idstein", "stateCode": "HE", "state": "Hessen", "county": "Rheingau-Taunus-Kreis", "metro": "Frankfurt Rhein-Main", "population": 26054, "geo": {"lat": 50.2167, "lon": 8.2667, "tz": "Europe/Berlin"}},
  {"name": "Gelnhausen", "stateCode": "HE", "state": "Hessen", "county": "Main-Kinzig-Kreis", "metro": "Frankfurt Rhein-Main", "population": 23412, "geo": {"lat": 50.2000, "lon": 9.1833, "tz": "Europe/Berlin"}},
  {"name": "Schlüchtern", "stateCode": "HE", "state": "Hessen", "county": "Main-Kinzig-Kreis", "metro": "Fulda", "population": 15931, "geo": {"lat": 50.3500, "lon": 9.5333, "tz": "Europe/Berlin"}},
  {"name": "Nidderau", "stateCode": "HE", "state": "Hessen", "county": "Main-Kinzig-Kreis", "metro": "Frankfurt Rhein-Main", "population": 20890, "geo": {"lat": 50.2333, "lon": 8.8667, "tz": "Europe/Berlin"}},
  {"name": "Langenselbold", "stateCode": "HE", "state": "Hessen", "county": "Main-Kinzig-Kreis", "metro": "Frankfurt Rhein-Main", "population": 14020, "geo": {"lat": 50.1833, "lon": 9.0333, "tz": "Europe/Berlin"}},
  {"name": "Bruchköbel", "stateCode": "HE", "state": "Hessen", "county": "Main-Kinzig-Kreis", "metro": "Frankfurt Rhein-Main", "population": 20638, "geo": {"lat": 50.1833, "lon": 8.9167, "tz": "Europe/Berlin"}},
  {"name": "Bad Hersfeld", "stateCode": "HE", "state": "Hessen", "county": "Hersfeld-Rotenburg", "metro": "Fulda", "population": 30295, "geo": {"lat": 50.8686, "lon": 9.7061, "tz": "Europe/Berlin"}},
  {"name": "Rotenburg an der Fulda", "stateCode": "HE", "state": "Hessen", "county": "Hersfeld-Rotenburg", "metro": "Fulda", "population": 13838, "geo": {"lat": 50.9958, "lon": 9.7264, "tz": "Europe/Berlin"}},
  {"name": "Bebra", "stateCode": "HE", "state": "Hessen", "county": "Hersfeld-Rotenburg", "metro": "Fulda", "population": 13585, "geo": {"lat": 50.9667, "lon": 9.8000, "tz": "Europe/Berlin"}},
  {"name": "Hünfeld", "stateCode": "HE", "state": "Hessen", "county": "Fulda", "metro": "Fulda", "population": 16397, "geo": {"lat": 50.6667, "lon": 9.7667, "tz": "Europe/Berlin"}},
  {"name": "Dillenburg", "stateCode": "HE", "state": "Hessen", "county": "Lahn-Dill-Kreis", "metro": "Gießen", "population": 23482, "geo": {"lat": 50.7333, "lon": 8.2833, "tz": "Europe/Berlin"}},
  {"name": "Herborn", "stateCode": "HE", "state": "Hessen", "county": "Lahn-Dill-Kreis", "metro": "Gießen", "population": 20840, "geo": {"lat": 50.6833, "lon": 8.3000, "tz": "Europe/Berlin"}},
  {"name": "Haiger", "stateCode": "HE", "state": "Hessen", "county": "Lahn-Dill-Kreis", "metro": "Gießen", "population": 18928, "geo": {"lat": 50.7500, "lon": 8.2000, "tz": "Europe/Berlin"}},
  {"name": "Weilburg", "stateCode": "HE", "state": "Hessen", "county": "Limburg-Weilburg", "metro": "Limburg", "population": 12727, "geo": {"lat": 50.4833, "lon": 8.2667, "tz": "Europe/Berlin"}},
  {"name": "Hadamar", "stateCode": "HE", "state": "Hessen", "county": "Limburg-Weilburg", "metro": "Limburg", "population": 12426, "geo": {"lat": 50.4500, "lon": 8.0500, "tz": "Europe/Berlin"}},
  {"name": "Biedenkopf", "stateCode": "HE", "state": "Hessen", "county": "Marburg-Biedenkopf", "metro": "Marburg", "population": 13511, "geo": {"lat": 50.9167, "lon": 8.5333, "tz": "Europe/Berlin"}},
  {"name": "Stadtallendorf", "stateCode": "HE", "state": "Hessen", "county": "Marburg-Biedenkopf", "metro": "Marburg", "population": 21238, "geo": {"lat": 50.8333, "lon": 9.0167, "tz": "Europe/Berlin"}},
  {"name": "Gladenbach", "stateCode": "HE", "state": "Hessen", "county": "Marburg-Biedenkopf", "metro": "Marburg", "population": 12249, "geo": {"lat": 50.7667, "lon": 8.5833, "tz": "Europe/Berlin"}},
  {"name": "Pohlheim", "stateCode": "HE", "state": "Hessen", "county": "Gießen", "metro": "Gießen", "population": 18689, "geo": {"lat": 50.5333, "lon": 8.7167, "tz": "Europe/Berlin"}},
  {"name": "Lich", "stateCode": "HE", "state": "Hessen", "county": "Gießen", "metro": "Gießen", "population": 14016, "geo": {"lat": 50.5167, "lon": 8.8167, "tz": "Europe/Berlin"}},
  {"name": "Grünberg", "stateCode": "HE", "state": "Hessen", "county": "Gießen", "metro": "Gießen", "population": 13671, "geo": {"lat": 50.5833, "lon": 8.9500, "tz": "Europe/Berlin"}},
  {"name": "Alsfeld", "stateCode": "HE", "state": "Hessen", "county": "Vogelsbergkreis", "metro": "Gießen", "population": 16222, "geo": {"lat": 50.7500, "lon": 9.2667, "tz": "Europe/Berlin"}},
  {"name": "Lauterbach", "stateCode": "HE", "state": "Hessen", "county": "Vogelsbergkreis", "metro": "Fulda", "population": 13461, "geo": {"lat": 50.6333, "lon": 9.3833, "tz": "Europe/Berlin"}},
  {"name": "Nidda", "stateCode": "HE", "state": "Hessen", "county": "Wetteraukreis", "metro": "Frankfurt Rhein-Main", "population": 17216, "geo": {"lat": 50.4167, "lon": 9.0000, "tz": "Europe/Berlin"}},
  {"name": "Korbach", "stateCode": "HE", "state": "Hessen", "county": "Waldeck-Frankenberg", "metro": "Kassel", "population": 23492, "geo": {"lat": 51.2667, "lon": 8.8667, "tz": "Europe/Berlin"}},
  {"name": "Bad Wildungen", "stateCode": "HE", "state": "Hessen", "county": "Waldeck-Frankenberg", "metro": "Kassel", "population": 16870, "geo": {"lat": 51.1167, "lon": 9.1167, "tz": "Europe/Berlin"}},
  {"name": "Frankenberg (Eder)", "stateCode": "HE", "state": "Hessen", "county": "Waldeck-Frankenberg", "metro": "Kassel", "population": 18030, "geo": {"lat": 51.0500, "lon": 8.8000, "tz": "Europe/Berlin"}},
  {"name": "Vellmar", "stateCode": "HE", "state": "Hessen", "county": "Kassel", "metro": "Kassel", "population": 18412, "geo": {"lat": 51.3500, "lon": 9.4667, "tz": "Europe/Berlin"}},
  {"name": "Fritzlar", "stateCode": "HE", "state": "Hessen", "county": "Schwalm-Eder-Kreis", "metro": "Kassel", "population": 14613, "geo": {"lat": 51.1333, "lon": 9.2833, "tz": "Europe/Berlin"}},
  {"name": "Schwalmstadt", "stateCode": "HE", "state": "Hessen", "county": "Schwalm-Eder-Kreis", "metro": "Kassel", "population": 18460, "geo": {"lat": 50.9333, "lon": 9.2167, "tz": "Europe/Berlin"}},
  {"name": "Melsungen", "stateCode": "HE", "state": "Hessen", "county": "Schwalm-Eder-Kreis", "metro": "Kassel", "population": 13635, "geo": {"lat": 51.1333, "lon": 9.5500, "tz": "Europe/Berlin"}},
  {"name": "Homberg (Efze)", "stateCode": "HE", "state": "Hessen", "county": "Schwalm-Eder-Kreis", "metro": "Kassel", "population": 13894, "geo": {"lat": 51.0333, "lon": 9.4000, "tz": "Europe/Berlin"}},
  {"name": "Eschwege", "stateCode": "HE", "state": "Hessen", "county": "Werra-Meißner-Kreis", "metro": "Kassel", "population": 19510, "geo": {"lat": 51.1833, "lon": 10.0500, "tz": "Europe/Berlin"}},
  {"name": "Witzenhausen", "stateCode": "HE", "state": "Hessen", "county": "Werra-Meißner-Kreis", "metro": "Kassel", "population": 14873, "geo": {"lat": 51.3500, "lon": 9.8500, "tz": "Europe/Berlin"}},
  {"name": "Michelstadt", "stateCode": "HE", "state": "Hessen", "county": "Odenwaldkreis", "metro": "Rhein-Neckar", "population": 16324, "geo": {"lat": 49.6750, "lon": 9.0000, "tz": "Europe/Berlin"}},
  {"name": "Erbach", "stateCode": "HE", "state": "Hessen", "county": "Odenwaldkreis", "metro": "Rhein-Neckar", "population": 13397, "geo": {"lat": 49.6500, "lon": 8.9833, "tz": "Europe/Berlin"}},
  {"name": "Dieburg", "stateCode": "HE", "state": "Hessen", "county": "Darmstadt-Dieburg", "metro": "Frankfurt Rhein-Main", "population": 15685, "geo": {"lat": 49.9000, "lon": 8.8500, "tz": "Europe/Berlin"}},
  {"name": "Groß-Umstadt", "stateCode": "HE", "state": "Hessen", "county": "Darmstadt-Dieburg", "metro": "Frankfurt Rhein-Main", "population": 21319, "geo": {"lat": 49.8667, "lon": 8.9333, "tz": "Europe/Berlin"}},
  {"name": "Babenhausen", "stateCode": "HE", "state": "Hessen", "county": "Darmstadt-Dieburg", "metro": "Frankfurt Rhein-Main", "population": 16782, "geo": {"lat": 49.9667, "lon": 8.9500, "tz": "Europe/Berlin"}},
  {"name": "Weiterstadt", "stateCode": "HE", "state": "Hessen", "county": "Darmstadt-Dieburg", "metro": "Frankfurt Rhein-Main", "population": 25761, "geo": {"lat": 49.9000, "lon": 8.5833, "tz": "Europe/Berlin"}},
  {"name": "Bürstadt", "stateCode": "HE", "state": "Hessen", "county": "Bergstraße", "metro": "Rhein-Neckar", "population": 16447, "geo": {"lat": 49.6333, "lon": 8.4500, "tz": "Europe/Berlin"}},
  {"name": "Lorsch", "stateCode": "HE", "state": "Hessen", "county": "Bergstraße", "metro": "Rhein-Neckar", "population": 13865, "geo": {"lat": 49.6542, "lon": 8.5678, "tz": "Europe/Berlin"}}
]
