[
  {"name": "Rostock", "stateCode": "MV", "state": "Mecklenburg-Vorpommern", "county": "Rostock", "metro": "Rostock", "population": 209191, "geo": {"lat": 54.0924, "lon": 12.0991, "tz": "Europe/Berlin"}},
  {"name": "Schwerin", "stateCode": "MV", "state": "Mecklenburg-Vorpommern", "county": "Schwerin", "metro": "Schwerin", "population": 95653, "geo": {"lat": 53.6355, "lon": 11.4012, "tz": "Europe/Berlin"}},
  {"name": "Neubrandenburg", "stateCode": "MV", "state": "Mecklenburg-Vorpommern", "county": "Neubrandenburg", "metro": "Mecklenburgische Seenplatte", "population": 63437, "geo": {"lat": 53.5569, "lon": 13.2611, "tz": "Europe/Berlin"}},
  {"name": "Stralsund", "stateCode": "MV", "state": "Mecklenburg-Vorpommern", "county": "Vorpommern-Rügen", "metro": "Vorpommern", "population": 59421, "geo": {"lat": 54.3092, "lon": 13.0897, "tz": "Europe/Berlin"}},
  {"name": "Greifswald", "stateCode": "MV", "state": "Mecklenburg-Vorpommern", "county": "Vorpommern-Greifswald", "metro": "Vorpommern", "population": 59382, "geo": {"lat": 54.0865, "lon": 13.3923, "tz": "Europe/Berlin"}},
  {"name": "Wismar", "stateCode": "MV", "state": "Mecklenburg-Vorpommern", "county": "Nordwestmecklenburg", "metro": "Wismar", "population": 42433, "geo": {"lat": 53.8917, "lon": 11.4583, "tz": "Europe/Berlin"}},
  {"name": "Güstrow", "stateCode": "MV", "state": "Mecklenburg-Vorpommern", "county": "Rostock", "metro": "Rostock", "population": 28661, "geo": {"lat": 53.7972, "lon": 12.1750, "tz": "Europe/Berlin"}},
  {"name": "Waren (Müritz)", "stateCode": "MV", "state": "Mecklenburg-Vorpommern", "county": "Mecklenburgische Seenplatte", "metro": "Mecklenburgische Seenplatte", "population": 21034, "geo": {"lat": 53.5167, "lon": 12.6833, "tz": "Europe/Berlin"}},
  {"name": "Parchim", "stateCode": "MV", "state": "Mecklenburg-Vorpommern", "county": "Ludwigslust-Parchim", "metro": "Ludwigslust-Parchim", "population": 17164, "geo": {"lat": 53.4264, "lon": 11.8472, "tz": "Europe/Berlin"}},
  {"name": "Ludwigslust", "stateCode": "MV", "state": "Mecklenburg-Vorpommern", "county": "Ludwigslust-Parchim", "metro": "Ludwigslust-Parchim", "population": 12162, "geo": {"lat": 53.3247, "lon": 11.4958, "tz": "Europe/Berlin"}},
  {"name": "Bergen auf Rügen", "stateCode": "MV", "state": "Mecklenburg-Vorpommern", "county": "Vorpommern-Rügen", "metro": "Vorpommern", "population": 13304, "geo": {"lat": 54.4181, "lon": 13.4322, "tz": "Europe/Berlin"}},
  {"name": "Anklam", "stateCode": "MV", "state": "Mecklenburg-Vorpommern", "county": "Vorpommern-Greifswald", "metro": "Vorpommern", "population": 12237, "geo": {"lat": 53.8547, "lon": 13.6878, "tz": "Europe/Berlin"}},
  {"name": "Demmin", "stateCode": "MV", "state": "Mecklenburg-Vorpommern", "county": "Mecklenburgische Seenplatte", "metro": "Mecklenburgische Seenplatte", "population": 10598, "geo": {"lat": 53.9044, "lon": 13.0447, "tz": "Europe/Berlin"}},
  {"name": "Neustrelitz", "stateCode": "MV", "state": "Mecklenburg-Vorpommern", "county": "Mecklenburgische Seenplatte", "metro": "Mecklenburgische Seenplatte", "population": 20014, "geo": {"lat": 53.3608, "lon": 13.0631, "tz": "Europe/Berlin"}},
  {"name": "Pasewalk", "stateCode": "MV", "state": "Mecklenburg-Vorpommern", "county": "Vorpommern-Greifswald", "metro": "Vorpommern", "population": 10241, "geo": {"lat": 53.5056, "lon": 14.0028, "tz": "Europe/Berlin"}},
  {"name": "Ribnitz-Damgarten", "stateCode": "MV", "state": "Mecklenburg-Vorpommern", "county": "Vorpommern-Rügen", "metro": "Vorpommern", "population": 15268, "geo": {"lat": 54.2458, "lon": 12.4389, "tz": "Europe/Berlin"}},
  {"name": "Grimmen", "stateCode": "MV", "state": "Mecklenburg-Vorpommern", "county": "Vorpommern-Rügen", "metro": "Vorpommern", "population": 9632, "geo": {"lat": 54.1106, "lon": 13.0392, "tz": "Europe/Berlin"}},
  {"name": "Barth", "stateCode": "MV", "state": "Mecklenburg-Vorpommern", "county": "Vorpommern-Rügen", "metro": "Vorpommern", "population": 8574, "geo": {"lat": 54.3644, "lon": 12.7258, "tz": "Europe/Berlin"}},
  {"name": "Sassnitz", "stateCode": "MV", "state": "Mecklenburg-Vorpommern", "county": "Vorpommern-Rügen", "metro": "Vorpommern", "population": 9129, "geo": {"lat": 54.5153, "lon": 13.6433, "tz": "Europe/Berlin"}},
  {"name": "Ueckermünde", "stateCode": "MV", "state": "Mecklenburg-Vorpommern", "county": "Vorpommern-Greifswald", "metro": "Vorpommern", "population": 8568, "geo": {"lat": 53.7383, "lon": 14.0447, "tz": "Europe/Berlin"}},
  {"name": "Wolgast", "stateCode": "MV", "state": "Mecklenburg-Vorpommern", "county": "Vorpommern-Greifswald", "metro": "Vorpommern", "population": 11806, "geo": {"lat": 54.0522, "lon": 13.7692, "tz": "Europe/Berlin"}},
  {"name": "Teterow", "stateCode": "MV", "state": "Mecklenburg-Vorpommern", "county": "Rostock", "metro": "Rostock", "population": 8458, "geo": {"lat": 53.7703, "lon": 12.5683, "tz": "Europe/Berlin"}},
  {"name": "Bad Doberan", "stateCode": "MV", "state": "Mecklenburg-Vorpommern", "county": "Rostock", "metro": "Rostock", "population": 12086, "geo": {"lat": 54.1067, "lon": 11.9042, "tz": "Europe/Berlin"}},
  {"name": "Bützow", "stateCode": "MV", "state": "Mecklenburg-Vorpommern", "county": "Rostock", "metro": "Rostock", "population": 7839, "geo": {"lat": 53.8489, "lon": 11.9864, "tz": "Europe/Berlin"}},
  {"name": "Grevesmühlen", "stateCode": "MV", "state": "Mecklenburg-Vorpommern", "county": "Nordwestmecklenburg", "metro": "Wismar", "population": 10650, "geo": {"lat": 53.8617, "lon": 11.1917, "tz": "Europe/Berlin"}},
  {"name": "Hagenow", "stateCode": "MV", "state": "Mecklenburg-Vorpommern", "county": "Ludwigslust-Parchim", "metro": "Ludwigslust-Parchim", "population": 11554, "geo": {"lat": 53.4311, "lon": 11.1914, "tz": "Europe/Berlin"}},
  {"name": "Boizenburg/Elbe", "stateCode": "MV", "state": "Mecklenburg-Vorpommern", "county": "Ludwigslust-Parchim", "metro": "Hamburg", "population": 10431, "geo": {"lat": 53.3775, "lon": 10.7233, "tz": "Europe/Berlin"}},
  {"name": "Grabow", "stateCode": "MV", "state": "Mecklenburg-Vorpommern", "county": "Ludwigslust-Parchim", "metro": "Ludwigslust-Parchim", "population": 5647, "geo": {"lat": 53.2833, "lon": 11.5667, "tz": "Europe/Berlin"}},
  {"name": "Sternberg", "stateCode": "MV", "state": "Mecklenburg-Vorpommern", "county": "Ludwigslust-Parchim", "metro": "Schwerin", "population": 4030, "geo": {"lat": 53.7078, "lon": 11.8239, "tz": "Europe/Berlin"}},
  {"name": "Lübz", "stateCode": "MV", "state": "Mecklenburg-Vorpommern", "county": "Ludwigslust-Parchim", "metro": "Ludwigslust-Parchim", "population": 6111, "geo": {"lat": 53.4611, "lon": 12.0289, "tz": "Europe/Berlin"}},
  {"name": "Plau am See", "stateCode": "MV", "state": "Mecklenburg-Vorpommern", "county": "Ludwigslust-Parchim", "metro": "Mecklenburgische Seenplatte", "population": 6101, "geo": {"lat": 53.4539, "lon": 12.2636, "tz": "Europe/Berlin"}},
  {"name": "Malchow", "stateCode": "MV", "state": "Mecklenburg-Vorpommern", "county": "Mecklenburgische Seenplatte", "metro": "Mecklenburgische Seenplatte", "population": 6580, "geo": {"lat": 53.4722, "lon": 12.4208, "tz": "Europe/Berlin"}},
  {"name": "Röbel/Müritz", "stateCode": "MV", "state": "Mecklenburg-Vorpommern", "county": "Mecklenburgische Seenplatte", "metro": "Mecklenburgische Seenplatte", "population": 5043, "geo": {"lat": 53.3711, "lon": 12.6078, "tz": "Europe/Berlin"}},
  {"name": "Malchin", "stateCode": "MV", "state": "Mecklenburg-Vorpommern", "county": "Mecklenburgische Seenplatte", "metro": "Mecklenburgische Seenplatte", "population": 7383, "geo": {"lat": 53.7422, "lon": 12.7681, "tz": "Europe/Berlin"}},
  {"name": "Stavenhagen", "stateCode": "MV", "state": "Mecklenburg-Vorpommern", "county": "Mecklenburgische Seenplatte", "metro": "Mecklenburgische Seenplatte", "population": 5620, "geo": {"lat": 53.6997, "lon": 12.9022, "tz": "Europe/Berlin"}},
  {"name": "Altentreptow", "stateCode": "MV", "state": "Mecklenburg-Vorpommern", "county": "Mecklenburgische Seenplatte", "metro": "Mecklenburgische Seenplatte", "population": 5461, "geo": {"lat": 53.6939, "lon": 13.2567, "tz": "Europe/Berlin"}},
  {"name": "Friedland", "stateCode": "MV", "state": "Mecklenburg-Vorpommern", "county": "Mecklenburgische Seenplatte", "metro": "Neubrandenburg", "population": 6434, "geo": {"lat": 53.6656, "lon": 13.5461, "tz": "Europe/Berlin"}},
  {"name": "Wesenberg", "stateCode": "MV", "state": "Mecklenburg-Vorpommern", "county": "Mecklenburgische Seenplatte", "metro": "Mecklenburgische Seenplatte", "population": 3056, "geo": {"lat": 53.2822, "lon": 12.9678, "tz": "Europe/Berlin"}},
  {"name": "Mirow", "stateCode": "MV", "state": "Mecklenburg-Vorpommern", "county": "Mecklenburgische Seenplatte", "metro": "Mecklenburgische Seenplatte", "population": 3729, "geo": {"lat": 53.2633, "lon": 12.8539, "tz": "Europe/Berlin"}},
  {"name": "Rechlin", "stateCode": "MV", "state": "Mecklenburg-Vorpommern", "county": "Mecklenburgische Seenplatte", "metro": "Mecklenburgische Seenplatte", "population": 2121, "geo": {"lat": 53.3333, "lon": 12.7333, "tz": "Europe/Berlin"}},
  {"name": "Binz", "stateCode": "MV", "state": "Mecklenburg-Vorpommern", "county": "Vorpommern-Rügen", "metro": "Vorpommern", "population": 5275, "geo": {"lat": 54.3961, "lon": 13.6083, "tz": "Europe/Berlin"}},
  {"name": "Putbus", "stateCode": "MV", "state": "Mecklenburg-Vorpommern", "county": "Vorpommern-Rügen", "metro": "Vorpommern", "population": 4415, "geo": {"lat": 54.3592, "lon": 13.4758, "tz": "Europe/Berlin"}},
  {"name": "Sellin", "stateCode": "MV", "state": "Mecklenburg-Vorpommern", "county": "Vorpommern-Rügen", "metro": "Vorpommern", "population": 2559, "geo": {"lat": 54.3792, "lon": 13.6972, "tz": "Europe/Berlin"}},
  {"name": "Kühlungsborn", "stateCode": "MV", "state": "Mecklenburg-Vorpommern", "county": "Rostock", "metro": "Rostock", "population": 7644, "geo": {"lat": 54.1469, "lon": 11.7519, "tz": "Europe/Berlin"}},
  {"name": "Heringsdorf", "stateCode": "MV", "state": "Mecklenburg-Vorpommern", "county": "Vorpommern-Greifswald", "metro": "Vorpommern", "population": 8944, "geo": {"lat": 53.9500, "lon": 14.1667, "tz": "Europe/Berlin"}},
  {"name": "Zinnowitz", "stateCode": "MV", "state": "Mecklenburg-Vorpommern", "county": "Vorpommern-Greifswald", "metro": "Vorpommern", "population": 3865, "geo": {"lat": 54.0706, "lon": 13.9106, "tz": "Europe/Berlin"}},
  {"name": "Torgelow", "stateCode": "MV", "state": "Mecklenburg-Vorpommern", "county": "Vorpommern-Greifswald", "metro": "Vorpommern", "population": 9020, "geo": {"lat": 53.6331, "lon": 14.0122, "tz": "Europe/Berlin"}},
  {"name": "Eggesin", "stateCode": "MV", "state": "Mecklenburg-Vorpommern", "county": "Vorpommern-Greifswald", "metro": "Vorpommern", "population": 4759, "geo": {"lat": 53.6756, "lon": 14.0783, "tz": "Europe/Berlin"}},
  {"name": "Strasburg (Uckermark)", "stateCode": "MV", "state": "Mecklenburg-Vorpommern", "county": "Vorpommern-Greifswald", "metro": "Vorpommern", "population": 4720, "geo": {"lat": 53.5031, "lon": 13.7392, "tz": "Europe/Berlin"}},
  {"name": "Dargun", "stateCode": "MV", "state": "Mecklenburg-Vorpommern", "county": "Mecklenburgische Seenplatte", "metro": "Mecklenburgische Seenplatte", "population": 4276, "geo": {"lat": 53.8992, "lon": 12.8517, "tz": "Europe/Berlin"}}
]
