[
  {"name": "Kiel", "stateCode": "SH", "state": "Schleswig-Holstein", "county": "Kiel", "metro": "Kiel", "population": 246306, "geo": {"lat": 54.3233, "lon": 10.1228, "tz": "Europe/Berlin"}},
  {"name": "Lübeck", "stateCode": "SH", "state": "Schleswig-Holstein", "county": "Lübeck", "metro": "Hamburg", "population": 217198, "geo": {"lat": 53.8655, "lon": 10.6866, "tz": "Europe/Berlin"}},
  {"name": "Flensburg", "stateCode": "SH", "state": "Schleswig-Holstein", "county": "Flensburg", "metro": "Flensburg", "population": 90164, "geo": {"lat": 54.7937, "lon": 9.4469, "tz": "Europe/Berlin"}},
  {"name": "Neumünster", "stateCode": "SH", "state": "Schleswig-Holstein", "county": "Neumünster", "metro": "Kiel", "population": 80196, "geo": {"lat": 54.0714, "lon": 9.9872, "tz": "Europe/Berlin"}},
  {"name": "Norderstedt", "stateCode": "SH", "state": "Schleswig-Holstein", "county": "Segeberg", "metro": "Hamburg", "population": 80387, "geo": {"lat": 53.6833, "lon": 9.9667, "tz": "Europe/Berlin"}},
  {"name": "Elmshorn", "stateCode": "SH", "state": "Schleswig-Holstein", "county": "Pinneberg", "metro": "Hamburg", "population": 50303, "geo": {"lat": 53.7547, "lon": 9.6556, "tz": "Europe/Berlin"}},
  {"name": "Pinneberg", "stateCode": "SH", "state": "Schleswig-Holstein", "county": "Pinneberg", "metro": "Hamburg", "population": 43934, "geo": {"lat": 53.6547, "lon": 9.7989, "tz": "Europe/Berlin"}},
  {"name": "Wedel", "stateCode": "SH", "state": "Schleswig-Holstein", "county": "Pinneberg", "metro": "Hamburg", "population": 34131, "geo": {"lat": 53.5833, "lon": 9.7000, "tz": "Europe/Berlin"}},
  {"name": "Ahrensburg", "stateCode": "SH", "state": "Schleswig-Holstein", "county": "Stormarn", "metro": "Hamburg", "population": 34209, "geo": {"lat": 53.6739, "lon": 10.2261, "tz": "Europe/Berlin"}},
  {"name": "Itzehoe", "stateCode": "SH", "state": "Schleswig-Holstein", "county": "Steinburg", "metro": "Hamburg", "population": 31660, "geo": {"lat": 53.9250, "lon": 9.5161, "tz": "Europe/Berlin"}},
  {"name": "Geesthacht", "stateCode": "SH", "state": "Schleswig-Holstein", "county": "Herzogtum Lauenburg", "metro": "Hamburg", "population": 30770, "geo": {"lat": 53.4367, "lon": 10.3711, "tz": "Europe/Berlin"}},
  {"name": "Henstedt-Ulzburg", "stateCode": "SH", "state": "Schleswig-Holstein", "county": "Segeberg", "metro": "Hamburg", "population": 29298, "geo": {"lat": 53.7833, "lon": 9.9833, "tz": "Europe/Berlin"}},
  {"name": "Rendsburg", "stateCode": "SH", "state": "Schleswig-Holstein", "county": "Rendsburg-Eckernförde", "metro": "Kiel", "population": 28477, "geo": {"lat": 54.3044, "lon": 9.6644, "tz": "Europe/Berlin"}},
  {"name": "Reinbek", "stateCode": "SH", "state": "Schleswig-Holstein", "county": "Stormarn", "metro": "Hamburg", "population": 27745, "geo": {"lat": 53.5167, "lon": 10.2500, "tz": "Europe/Berlin"}},
  {"name": "Bad Oldesloe", "stateCode": "SH", "state": "Schleswig-Holstein", "county": "Stormarn", "metro": "Hamburg", "population": 25098, "geo": {"lat": 53.8111, "lon": 10.3742, "tz": "Europe/Berlin"}},
  {"name": "Schleswig", "stateCode": "SH", "state": "Schleswig-Holstein", "county": "Schleswig-Flensburg", "metro": "Flensburg", "population": 24254, "geo": {"lat": 54.5167, "lon": 9.5667, "tz": "Europe/Berlin"}},
  {"name": "Quickborn", "stateCode": "SH", "state": "Schleswig-Holstein", "county": "Pinneberg", "metro": "Hamburg", "population": 22212, "geo": {"lat": 53.7333, "lon": 9.9000, "tz": "Europe/Berlin"}},
  {"name": "Husum", "stateCode": "SH", "state": "Schleswig-Holstein", "county": "Nordfriesland", "metro": "Nordfriesland", "population": 22430, "geo": {"lat": 54.4858, "lon": 9.0500, "tz": "Europe/Berlin"}},
  {"name": "Bad Schwartau", "stateCode": "SH", "state": "Schleswig-Holstein", "county": "Ostholstein", "metro": "Lübeck", "population": 20389, "geo": {"lat": 53.9189, "lon": 10.6972, "tz": "Europe/Berlin"}},
  {"name": "Tornesch", "stateCode": "SH", "state": "Schleswig-Holstein", "county": "Pinneberg", "metro": "Hamburg", "population": 14420, "geo": {"lat": 53.7000, "lon": 9.7167, "tz": "Europe/Berlin"}},
  {"name": "Kaltenkirchen", "stateCode": "SH", "state": "Schleswig-Holstein", "county": "Segeberg", "metro": "Hamburg", "population": 22078, "geo": {"lat": 53.8333, "lon": 9.9667, "tz": "Europe/Berlin"}},
  {"name": "Bargteheide", "stateCode": "SH", "state": "Schleswig-Holstein", "county": "Stormarn", "metro": "Hamburg", "population": 16516, "geo": {"lat": 53.7261, "lon": 10.2628, "tz": "Europe/Berlin"}},
  {"name": "Eckernförde", "stateCode": "SH", "state": "Schleswig-Holstein", "county": "Rendsburg-Eckernförde", "metro": "Kiel", "population": 21445, "geo": {"lat": 54.4744, "lon": 9.8378, "tz": "Europe/Berlin"}},
  {"name": "Schwarzenbek", "stateCode": "SH", "state": "Schleswig-Holstein", "county": "Herzogtum Lauenburg", "metro": "Hamburg", "population": 16893, "geo": {"lat": 53.5033, "lon": 10.4783, "tz": "Europe/Berlin"}},
  {"name": "Heide", "stateCode": "SH", "state": "Schleswig-Holstein", "county": "Dithmarschen", "metro": "Dithmarschen", "population": 21752, "geo": {"lat": 54.1958, "lon": 9.0936, "tz": "Europe/Berlin"}},
  {"name": "Eutin", "stateCode": "SH", "state": "Schleswig-Holstein", "county": "Ostholstein", "metro": "Lübeck", "population": 16955, "geo": {"lat": 54.1372, "lon": 10.6194, "tz": "Europe/Berlin"}},
  {"name": "Glinde", "stateCode": "SH", "state": "Schleswig-Holstein", "county": "Stormarn", "metro": "Hamburg", "population": 18900, "geo": {"lat": 53.5442, "lon": 10.2094, "tz": "Europe/Berlin"}},
  {"name": "Brunsbüttel", "stateCode": "SH", "state": "Schleswig-Holstein", "county": "Dithmarschen", "metro": "Dithmarschen", "population": 12464, "geo": {"lat": 53.8928, "lon": 9.1206, "tz": "Europe/Berlin"}},
  {"name": "Schenefeld", "stateCode": "SH", "state": "Schleswig-Holstein", "county": "Pinneberg", "metro": "Hamburg", "population": 19389, "geo": {"lat": 53.6000, "lon": 9.8167, "tz": "Europe/Berlin"}},
  {"name": "Uetersen", "stateCode": "SH", "state": "Schleswig-Holstein", "county": "Pinneberg", "metro": "Hamburg", "population": 18234, "geo": {"lat": 53.6864, "lon": 9.6706, "tz": "Europe/Berlin"}},
  {"name": "Rellingen", "stateCode": "SH", "state": "Schleswig-Holstein", "county": "Pinneberg", "metro": "Hamburg", "population": 14892, "geo": {"lat": 53.6333, "lon": 9.8167, "tz": "Europe/Berlin"}},
  {"name": "Halstenbek", "stateCode": "SH", "state": "Schleswig-Holstein", "county": "Pinneberg", "metro": "Hamburg", "population": 17447, "geo": {"lat": 53.6333, "lon": 9.8500, "tz": "Europe/Berlin"}},
  {"name": "Sylt", "stateCode": "SH", "state": "Schleswig-Holstein", "county": "Nordfriesland", "metro": "Nordfriesland", "population": 13748, "geo": {"lat": 54.9079, "lon": 8.3275, "tz": "Europe/Berlin"}},
  {"name": "Stockelsdorf", "stateCode": "SH", "state": "Schleswig-Holstein", "county": "Ostholstein", "metro": "Lübeck", "population": 17563, "geo": {"lat": 53.8978, "lon": 10.6467, "tz": "Europe/Berlin"}},
  {"name": "Mölln", "stateCode": "SH", "state": "Schleswig-Holstein", "county": "Herzogtum Lauenburg", "metro": "Hamburg", "population": 19020, "geo": {"lat": 53.6258, "lon": 10.6892, "tz": "Europe/Berlin"}},
  {"name": "Buxtehude", "stateCode": "SH", "state": "Schleswig-Holstein", "county": "Pinneberg", "metro": "Hamburg", "population": 10583, "geo": {"lat": 53.4667, "lon": 9.7000, "tz": "Europe/Berlin"}},
  {"name": "Preetz", "stateCode": "SH", "state": "Schleswig-Holstein", "county": "Plön", "metro": "Kiel", "population": 15818, "geo": {"lat": 54.2347, "lon": 10.2789, "tz": "Europe/Berlin"}},
  {"name": "Barmstedt", "stateCode": "SH", "state": "Schleswig-Holstein", "county": "Pinneberg", "metro": "Hamburg", "population": 10238, "geo": {"lat": 53.7903, "lon": 9.7700, "tz": "Europe/Berlin"}},
  {"name": "Büdelsdorf", "stateCode": "SH", "state": "Schleswig-Holstein", "county": "Rendsburg-Eckernförde", "metro": "Rendsburg", "population": 10153, "geo": {"lat": 54.3181, "lon": 9.6858, "tz": "Europe/Berlin"}},
  {"name": "Ratzeburg", "stateCode": "SH", "state": "Schleswig-Holstein", "county": "Herzogtum Lauenburg", "metro": "Hamburg", "population": 15028, "geo": {"lat": 53.7011, "lon": 10.7561, "tz": "Europe/Berlin"}},
  {"name": "Lauenburg", "stateCode": "SH", "state": "Schleswig-Holstein", "county": "Herzogtum Lauenburg", "metro": "Hamburg", "population": 11623, "geo": {"lat": 53.3719, "lon": 10.5564, "tz": "Europe/Berlin"}},
  {"name": "Trittau", "stateCode": "SH", "state": "Schleswig-Holstein", "county": "Stormarn", "metro": "Hamburg", "population": 8645, "geo": {"lat": 53.6133, "lon": 10.4053, "tz": "Europe/Berlin"}},
  {"name": "Wentorf bei Hamburg", "stateCode": "SH", "state": "Schleswig-Holstein", "county": "Herzogtum Lauenburg", "metro": "Hamburg", "population": 12844, "geo": {"lat": 53.4917, "lon": 10.2500, "tz": "Europe/Berlin"}},
  {"name": "Glückstadt", "stateCode": "SH", "state": "Schleswig-Holstein", "county": "Steinburg", "metro": "Hamburg", "population": 11039, "geo": {"lat": 53.7889, "lon": 9.4214, "tz": "Europe/Berlin"}},
  {"name": "Neustadt in Holstein", "stateCode": "SH", "state": "Schleswig-Holstein", "county": "Ostholstein", "metro": "Lübeck", "population": 15296, "geo": {"lat": 54.1067, "lon": 10.8128, "tz": "Europe/Berlin"}},
  {"name": "Plön", "stateCode": "SH", "state": "Schleswig-Holstein", "county": "Plön", "metro": "Kiel", "population": 9093, "geo": {"lat": 54.1619, "lon": 10.4233, "tz": "Europe/Berlin"}},
  {"name": "Timmendorfer Strand", "stateCode": "SH", "state": "Schleswig-Holstein", "county": "Ostholstein", "metro": "Lübeck", "population": 8899, "geo": {"lat": 53.9939, "lon": 10.7800, "tz": "Europe/Berlin"}},
  {"name": "Wilster", "stateCode": "SH", "state": "Schleswig-Holstein", "county": "Steinburg", "metro": "Hamburg", "population": 4638, "geo": {"lat": 53.9233, "lon": 9.3767, "tz": "Europe/Berlin"}},
  {"name": "Scharbeutz", "stateCode": "SH", "state": "Schleswig-Holstein", "county": "Ostholstein", "metro": "Lübeck", "population": 11617, "geo": {"lat": 54.0294, "lon": 10.7531, "tz": "Europe/Berlin"}},
  {"name": "Krempe", "stateCode": "SH", "state": "Schleswig-Holstein", "county": "Steinburg", "metro": "Hamburg", "population": 2352, "geo": {"lat": 53.8364, "lon": 9.4856, "tz": "Europe/Berlin"}},
  {"name": "Fehmarn", "stateCode": "SH", "state": "Schleswig-Holstein", "county": "Ostholstein", "metro": "Ostholstein", "population": 12614, "geo": {"lat": 54.4361, "lon": 11.1906, "tz": "Europe/Berlin"}},
  {"name": "Trappenkamp", "stateCode": "SH", "state": "Schleswig-Holstein", "county": "Segeberg", "metro": "Kiel", "population": 5206, "geo": {"lat": 54.1019, "lon": 10.1369, "tz": "Europe/Berlin"}},
  {"name": "Bad Segeberg", "stateCode": "SH", "state": "Schleswig-Holstein", "county": "Segeberg", "metro": "Hamburg", "population": 17370, "geo": {"lat": 53.9358, "lon": 10.3092, "tz": "Europe/Berlin"}},
  {"name": "Wahlstedt", "stateCode": "SH", "state": "Schleswig-Holstein", "county": "Segeberg", "metro": "Hamburg", "population": 9556, "geo": {"lat": 53.9500, "lon": 10.2167, "tz": "Europe/Berlin"}},
  {"name": "Nortorf", "stateCode": "SH", "state": "Schleswig-Holstein", "county": "Rendsburg-Eckernförde", "metro": "Kiel", "population": 6612, "geo": {"lat": 54.1667, "lon": 9.8500, "tz": "Europe/Berlin"}},
  {"name": "Hohenwestedt", "stateCode": "SH", "state": "Schleswig-Holstein", "county": "Rendsburg-Eckernförde", "metro": "Rendsburg", "population": 4929, "geo": {"lat": 54.0833, "lon": 9.6500, "tz": "Europe/Berlin"}},
  {"name": "Oldenburg in Holstein", "stateCode": "SH", "state": "Schleswig-Holstein", "county": "Ostholstein", "metro": "Ostholstein", "population": 9835, "geo": {"lat": 54.2944, "lon": 10.8867, "tz": "Europe/Berlin"}},
  {"name": "Malente", "stateCode": "SH", "state": "Schleswig-Holstein", "county": "Ostholstein", "metro": "Lübeck", "population": 10797, "geo": {"lat": 54.1692, "lon": 10.5564, "tz": "Europe/Berlin"}},
  {"name": "Heiligenhafen", "stateCode": "SH", "state": "Schleswig-Holstein", "county": "Ostholstein", "metro": "Ostholstein", "population": 9172, "geo": {"lat": 54.3692, "lon": 10.9778, "tz": "Europe/Berlin"}},
  {"name": "Meldorf", "stateCode": "SH", "state": "Schleswig-Holstein", "county": "Dithmarschen", "metro": "Dithmarschen", "population": 7252, "geo": {"lat": 54.0878, "lon": 9.0711, "tz": "Europe/Berlin"}},
  {"name": "Wesselburen", "stateCode": "SH", "state": "Schleswig-Holstein", "county": "Dithmarschen", "metro": "Dithmarschen", "population": 3092, "geo": {"lat": 54.2139, "lon": 8.9233, "tz": "Europe/Berlin"}},
  {"name": "Büsum", "stateCode": "SH", "state": "Schleswig-Holstein", "county": "Dithmarschen", "metro": "Dithmarschen", "population": 4815, "geo": {"lat": 54.1339, "lon": 8.8589, "tz": "Europe/Berlin"}},
  {"name": "Sankt Peter-Ording", "stateCode": "SH", "state": "Schleswig-Holstein", "county": "Nordfriesland", "metro": "Nordfriesland", "population": 4011, "geo": {"lat": 54.3039, "lon": 8.6389, "tz": "Europe/Berlin"}},
  {"name": "Niebüll", "stateCode": "SH", "state": "Schleswig-Holstein", "county": "Nordfriesland", "metro": "Nordfriesland", "population": 10124, "geo": {"lat": 54.7878, "lon": 8.8286, "tz": "Europe/Berlin"}},
  {"name": "Wyk auf Föhr", "stateCode": "SH", "state": "Schleswig-Holstein", "county": "Nordfriesland", "metro": "Nordfriesland", "population": 4321, "geo": {"lat": 54.6933, "lon": 8.5700, "tz": "Europe/Berlin"}},
  {"name": "Tönning", "stateCode": "SH", "state": "Schleswig-Holstein", "county": "Nordfriesland", "metro": "Nordfriesland", "population": 5023, "geo": {"lat": 54.3172, "lon": 8.9422, "tz": "Europe/Berlin"}},
  {"name": "Friedrichstadt", "stateCode": "SH", "state": "Schleswig-Holstein", "county": "Nordfriesland", "metro": "Nordfriesland", "population": 2496, "geo": {"lat": 54.3756, "lon": 9.0842, "tz": "Europe/Berlin"}},
  {"name": "Leck", "stateCode": "SH", "state": "Schleswig-Holstein", "county": "Nordfriesland", "metro": "Nordfriesland", "population": 7671, "geo": {"lat": 54.7667, "lon": 8.9667, "tz": "Europe/Berlin"}},
  {"name": "Bredstedt", "stateCode": "SH", "state": "Schleswig-Holstein", "county": "Nordfriesland", "metro": "Nordfriesland", "population": 5398, "geo": {"lat": 54.6186, "lon": 8.9603, "tz": "Europe/Berlin"}},
  {"name": "Kappeln", "stateCode": "SH", "state": "Schleswig-Holstein", "county": "Schleswig-Flensburg", "metro": "Flensburg", "population": 8834, "geo": {"lat": 54.6639, "lon": 9.9361, "tz": "Europe/Berlin"}},
  {"name": "Süderbrarup", "stateCode": "SH", "state": "Schleswig-Holstein", "county": "Schleswig-Flensburg", "metro": "Flensburg", "population": 3970, "geo": {"lat": 54.6333, "lon": 9.7833, "tz": "Europe/Berlin"}},
  {"name": "Satrup", "stateCode": "SH", "state": "Schleswig-Holstein", "county": "Schleswig-Flensburg", "metro": "Flensburg", "population": 3283, "geo": {"lat": 54.6833, "lon": 9.6500, "tz": "Europe/Berlin"}},
  {"name": "Sörup", "stateCode": "SH", "state": "Schleswig-Holstein", "county": "Schleswig-Flensburg", "metro": "Flensburg", "population": 5121, "geo": {"lat": 54.7333, "lon": 9.6000, "tz": "Europe/Berlin"}},
  {"name": "Glücksburg", "stateCode": "SH", "state": "Schleswig-Holstein", "county": "Schleswig-Flensburg", "metro": "Flensburg", "population": 5976, "geo": {"lat": 54.8333, "lon": 9.5500, "tz": "Europe/Berlin"}},
  {"name": "Harrislee", "stateCode": "SH", "state": "Schleswig-Holstein", "county": "Schleswig-Flensburg", "metro": "Flensburg", "population": 11628, "geo": {"lat": 54.8000, "lon": 9.3833, "tz": "Europe/Berlin"}},
  {"name": "Handewitt", "stateCode": "SH", "state": "Schleswig-Holstein", "county": "Schleswig-Flensburg", "metro": "Flensburg", "population": 11217, "geo": {"lat": 54.7500, "lon": 9.3333, "tz": "Europe/Berlin"}},
  {"name": "Kropp", "stateCode": "SH", "state": "Schleswig-Holstein", "county": "Schleswig-Flensburg", "metro": "Schleswig", "population": 6671, "geo": {"lat": 54.4097, "lon": 9.5097, "tz": "Europe/Berlin"}},
  {"name": "Böklund", "stateCode": "SH", "state": "Schleswig-Holstein", "county": "Schleswig-Flensburg", "metro": "Schleswig", "population": 2016, "geo": {"lat": 54.5167, "lon": 9.5667, "tz": "Europe/Berlin"}},
  {"name": "Tarp", "stateCode": "SH", "state": "Schleswig-Holstein", "county": "Schleswig-Flensburg", "metro": "Flensburg", "population": 5656, "geo": {"lat": 54.6667, "lon": 9.4167, "tz": "Europe/Berlin"}},
  {"name": "Laboe", "stateCode": "SH", "state": "Schleswig-Holstein", "county": "Plön", "metro": "Kiel", "population": 5216, "geo": {"lat": 54.4039, "lon": 10.2294, "tz": "Europe/Berlin"}},
  {"name": "Heikendorf", "stateCode": "SH", "state": "Schleswig-Holstein", "county": "Plön", "metro": "Kiel", "population": 8405, "geo": {"lat": 54.3778, "lon": 10.2089, "tz": "Europe/Berlin"}},
  {"name": "Schönberg", "stateCode": "SH", "state": "Schleswig-Holstein", "county": "Plön", "metro": "Kiel", "population": 6244, "geo": {"lat": 54.3833, "lon": 10.3833, "tz": "Europe/Berlin"}},
  {"name": "Schönkirchen", "stateCode": "SH", "state": "Schleswig-Holstein", "county": "Plön", "metro": "Kiel", "population": 6953, "geo": {"lat": 54.3333, "lon": 10.2333, "tz": "Europe/Berlin"}},
  {"name": "Kronshagen", "stateCode": "SH", "state": "Schleswig-Holstein", "county": "Rendsburg-Eckernförde", "metro": "Kiel", "population": 11996, "geo": {"lat": 54.3333, "lon": 10.0833, "tz": "Europe/Berlin"}},
  {"name": "Altenholz", "stateCode": "SH", "state": "Schleswig-Holstein", "county": "Rendsburg-Eckernförde", "metro": "Kiel", "population": 10092, "geo": {"lat": 54.3833, "lon": 10.1333, "tz": "Europe/Berlin"}},
  {"name": "Flintbek", "stateCode": "SH", "state": "Schleswig-Holstein", "county": "Rendsburg-Eckernförde", "metro": "Kiel", "population": 8159, "geo": {"lat": 54.2667, "lon": 10.0833, "tz": "Europe/Berlin"}},
  {"name": "Gettorf", "stateCode": "SH", "state": "Schleswig-Holstein", "county": "Rendsburg-Eckernförde", "metro": "Kiel", "population": 7056, "geo": {"lat": 54.4000, "lon": 10.0000, "tz": "Europe/Berlin"}},
  {"name": "Marne", "stateCode": "SH", "state": "Schleswig-Holstein", "county": "Dithmarschen", "metro": "Dithmarschen", "population": 5858, "geo": {"lat": 53.9500, "lon": 9.0167, "tz": "Europe/Berlin"}},
  {"name": "Burg (Dithmarschen)", "stateCode": "SH", "state": "Schleswig-Holstein", "county": "Dithmarschen", "metro": "Dithmarschen", "population": 4178, "geo": {"lat": 53.9989, "lon": 9.2461, "tz": "Europe/Berlin"}}
]
