[
  {"name": "Halle (Saale)", "stateCode": "ST", "state": "Sachsen-Anhalt", "county": "Halle", "metro": "Halle-Leipzig", "population": 238762, "geo": {"lat": 51.4969, "lon": 11.9688, "tz": "Europe/Berlin"}},
  {"name": "Magdeburg", "stateCode": "ST", "state": "Sachsen-Anhalt", "county": "Magdeburg", "metro": "Magdeburg", "population": 236235, "geo": {"lat": 52.1205, "lon": 11.6276, "tz": "Europe/Berlin"}},
  {"name": "Dessau-Roßlau", "stateCode": "ST", "state": "Sachsen-Anhalt", "county": "Dessau-Roßlau", "metro": "Halle-Leipzig", "population": 79350, "geo": {"lat": 51.8333, "lon": 12.2500, "tz": "Europe/Berlin"}},
  {"name": "Lutherstadt Wittenberg", "stateCode": "ST", "state": "Sachsen-Anhalt", "county": "Wittenberg", "metro": "Wittenberg", "population": 46008, "geo": {"lat": 51.8667, "lon": 12.6500, "tz": "Europe/Berlin"}},
  {"name": "Halberstadt", "stateCode": "ST", "state": "Sachsen-Anhalt", "county": "Harz", "metro": "Harz", "population": 40440, "geo": {"lat": 51.8958, "lon": 11.0394, "tz": "Europe/Berlin"}},
  {"name": "Bitterfeld-Wolfen", "stateCode": "ST", "state": "Sachsen-Anhalt", "county": "Anhalt-Bitterfeld", "metro": "Halle-Leipzig", "population": 39492, "geo": {"lat": 51.6244, "lon": 12.3236, "tz": "Europe/Berlin"}},
  {"name": "Stendal", "stateCode": "ST", "state": "Sachsen-Anhalt", "county": "Stendal", "metro": "Altmark", "population": 38972, "geo": {"lat": 52.6047, "lon": 11.8589, "tz": "Europe/Berlin"}},
  {"name": "Merseburg", "stateCode": "ST", "state": "Sachsen-Anhalt", "county": "Saalekreis", "metro": "Halle-Leipzig", "population": 33891, "geo": {"lat": 51.3544, "lon": 11.9942, "tz": "Europe/Berlin"}},
  {"name": "Wernigerode", "stateCode": "ST", "state": "Sachsen-Anhalt", "county": "Harz", "metro": "Harz", "population": 32734, "geo": {"lat": 51.8389, "lon": 10.7850, "tz": "Europe/Berlin"}},
  {"name": "Naumburg (Saale)", "stateCode": "ST", "state": "Sachsen-Anhalt", "county": "Burgenlandkreis", "metro": "Halle-Leipzig", "population": 32608, "geo": {"lat": 51.1522, "lon": 11.8094, "tz": "Europe/Berlin"}},
  {"name": "Bernburg (Saale)", "stateCode": "ST", "state": "Sachsen-Anhalt", "county": "Salzlandkreis", "metro": "Halle-Leipzig", "population": 32041, "geo": {"lat": 51.7956, "lon": 11.7394, "tz": "Europe/Berlin"}},
  {"name": "Schönebeck (Elbe)", "stateCode": "ST", "state": "Sachsen-Anhalt", "county": "Salzlandkreis", "metro": "Magdeburg", "population": 30180, "geo": {"lat": 52.0167, "lon": 11.7333, "tz": "Europe/Berlin"}},
  {"name": "Weißenfels", "stateCode": "ST", "state": "Sachsen-Anhalt", "county": "Burgenlandkreis", "metro": "Halle-Leipzig", "population": 39976, "geo": {"lat": 51.2000, "lon": 11.9667, "tz": "Europe/Berlin"}},
  {"name": "Zeitz", "stateCode": "ST", "state": "Sachsen-Anhalt", "county": "Burgenlandkreis", "metro": "Halle-Leipzig", "population": 27475, "geo": {"lat": 51.0500, "lon": 12.1333, "tz": "Europe/Berlin"}},
  {"name": "Aschersleben", "stateCode": "ST", "state": "Sachsen-Anhalt", "county": "Salzlandkreis", "metro": "Magdeburg", "population": 26694, "geo": {"lat": 51.7572, "lon": 11.4614, "tz": "Europe/Berlin"}},
  {"name": "Quedlinburg", "stateCode": "ST", "state": "Sachsen-Anhalt", "county": "Harz", "metro": "Harz", "population": 24066, "geo": {"lat": 51.7894, "lon": 11.1528, "tz": "Europe/Berlin"}},
  {"name": "Sangerhausen", "stateCode": "ST", "state": "Sachsen-Anhalt", "county": "Mansfeld-Südharz", "metro": "Mansfeld-Südharz", "population": 26686, "geo": {"lat": 51.4733, "lon": 11.2972, "tz": "Europe/Berlin"}},
  {"name": "Köthen (Anhalt)", "stateCode": "ST", "state": "Sachsen-Anhalt", "county": "Anhalt-Bitterfeld", "metro": "Halle-Leipzig", "population": 25331, "geo": {"lat": 51.7500, "lon": 11.9833, "tz": "Europe/Berlin"}},
  {"name": "Staßfurt", "stateCode": "ST", "state": "Sachsen-Anhalt", "county": "Salzlandkreis", "metro": "Magdeburg", "population": 24300, "geo": {"lat": 51.8528, "lon": 11.5833, "tz": "Europe/Berlin"}},
  {"name": "Eisleben", "stateCode": "ST", "state": "Sachsen-Anhalt", "county": "Mansfeld-Südharz", "metro": "Mansfeld-Südharz", "population": 23625, "geo": {"lat": 51.5272, "lon": 11.5458, "tz": "Europe/Berlin"}},
  {"name": "Zerbst/Anhalt", "stateCode": "ST", "state": "Sachsen-Anhalt", "county": "Anhalt-Bitterfeld", "metro": "Halle-Leipzig", "population": 21685, "geo": {"lat": 51.9667, "lon": 12.0833, "tz": "Europe/Berlin"}},
  {"name": "Blankenburg (Harz)", "stateCode": "ST", "state": "Sachsen-Anhalt", "county": "Harz", "metro": "Harz", "population": 20101, "geo": {"lat": 51.7919, "lon": 10.9586, "tz": "Europe/Berlin"}},
  {"name": "Gardelegen", "stateCode": "ST", "state": "Sachsen-Anhalt", "county": "Altmarkkreis Salzwedel", "metro": "Altmark", "population": 22619, "geo": {"lat": 52.5258, "lon": 11.3917, "tz": "Europe/Berlin"}},
  {"name": "Salzwedel", "stateCode": "ST", "state": "Sachsen-Anhalt", "county": "Altmarkkreis Salzwedel", "metro": "Altmark", "population": 23708, "geo": {"lat": 52.8542, "lon": 11.1536, "tz": "Europe/Berlin"}},
  {"name": "Burg", "stateCode": "ST", "state": "Sachsen-Anhalt", "county": "Jerichower Land", "metro": "Magdeburg", "population": 22258, "geo": {"lat": 52.2722, "lon": 11.8550, "tz": "Europe/Berlin"}},
  {"name": "Genthin", "stateCode": "ST", "state": "Sachsen-Anhalt", "county": "Jerichower Land", "metro": "Magdeburg", "population": 13754, "geo": {"lat": 52.4033, "lon": 12.1575, "tz": "Europe/Berlin"}},
  {"name": "Gräfenhainichen", "stateCode": "ST", "state": "Sachsen-Anhalt", "county": "Wittenberg", "metro": "Wittenberg", "population": 10934, "geo": {"lat": 51.7333, "lon": 12.4500, "tz": "Europe/Berlin"}},
  {"name": "Coswig (Anhalt)", "stateCode": "ST", "state": "Sachsen-Anhalt", "county": "Wittenberg", "metro": "Wittenberg", "population": 11845, "geo": {"lat": 51.8833, "lon": 12.4333, "tz": "Europe/Berlin"}},
  {"name": "Jessen (Elster)", "stateCode": "ST", "state": "Sachsen-Anhalt", "county": "Wittenberg", "metro": "Wittenberg", "population": 13702, "geo": {"lat": 51.7833, "lon": 12.9500, "tz": "Europe/Berlin"}},
  {"name": "Thale", "stateCode": "ST", "state": "Sachsen-Anhalt", "county": "Harz", "metro": "Harz", "population": 17095, "geo": {"lat": 51.7500, "lon": 11.0333, "tz": "Europe/Berlin"}},
  {"name": "Osterwieck", "stateCode": "ST", "state": "Sachsen-Anhalt", "county": "Harz", "metro": "Harz", "population": 10765, "geo": {"lat": 51.9667, "lon": 10.7167, "tz": "Europe/Berlin"}},
  {"name": "Harzgerode", "stateCode": "ST", "state": "Sachsen-Anhalt", "county": "Harz", "metro": "Harz", "population": 8052, "geo": {"lat": 51.6500, "lon": 11.1333, "tz": "Europe/Berlin"}},
  {"name": "Ilsenburg", "stateCode": "ST", "state": "Sachsen-Anhalt", "county": "Harz", "metro": "Harz", "population": 9110, "geo": {"lat": 51.8667, "lon": 10.6833, "tz": "Europe/Berlin"}},
  {"name": "Bad Harzburg", "stateCode": "ST", "state": "Sachsen-Anhalt", "county": "Harz", "metro": "Harz", "population": 10568, "geo": {"lat": 51.8833, "lon": 10.5667, "tz": "Europe/Berlin"}},
  {"name": "Oberharz am Brocken", "stateCode": "ST", "state": "Sachsen-Anhalt", "county": "Harz", "metro": "Harz", "population": 10298, "geo": {"lat": 51.7500, "lon": 10.7500, "tz": "Europe/Berlin"}},
  {"name": "Hettstedt", "stateCode": "ST", "state": "Sachsen-Anhalt", "county": "Mansfeld-Südharz", "metro": "Mansfeld-Südharz", "population": 13895, "geo": {"lat": 51.6500, "lon": 11.5000, "tz": "Europe/Berlin"}},
  {"name": "Allstedt", "stateCode": "ST", "state": "Sachsen-Anhalt", "county": "Mansfeld-Südharz", "metro": "Mansfeld-Südharz", "population": 7763, "geo": {"lat": 51.4000, "lon": 11.3833, "tz": "Europe/Berlin"}},
  {"name": "Gerbstedt", "stateCode": "ST", "state": "Sachsen-Anhalt", "county": "Mansfeld-Südharz", "metro": "Mansfeld-Südharz", "population": 7626, "geo": {"lat": 51.6333, "lon": 11.6167, "tz": "Europe/Berlin"}},
  {"name": "Mansfeld", "stateCode": "ST", "state": "Sachsen-Anhalt", "county": "Mansfeld-Südharz", "metro": "Mansfeld-Südharz", "population": 8779, "geo": {"lat": 51.5833, "lon": 11.4500, "tz": "Europe/Berlin"}},
  {"name": "Querfurt", "stateCode": "ST", "state": "Sachsen-Anhalt", "county": "Saalekreis", "metro": "Halle-Leipzig", "population": 10870, "geo": {"lat": 51.3833, "lon": 11.6000, "tz": "Europe/Berlin"}},
  {"name": "Landsberg", "stateCode": "ST", "state": "Sachsen-Anhalt", "county": "Saalekreis", "metro": "Halle-Leipzig", "population": 14872, "geo": {"lat": 51.5333, "lon": 12.1667, "tz": "Europe/Berlin"}},
  {"name": "Bad Lauchstädt", "stateCode": "ST", "state": "Sachsen-Anhalt", "county": "Saalekreis", "metro": "Halle-Leipzig", "population": 8747, "geo": {"lat": 51.3833, "lon": 11.8667, "tz": "Europe/Berlin"}},
  {"name": "Teutschenthal", "stateCode": "ST", "state": "Sachsen-Anhalt", "county": "Saalekreis", "metro": "Halle-Leipzig", "population": 12622, "geo": {"lat": 51.4500, "lon": 11.8000, "tz": "Europe/Berlin"}},
  {"name": "Leuna", "stateCode": "ST", "state": "Sachsen-Anhalt", "county": "Saalekreis", "metro": "Halle-Leipzig", "population": 13633, "geo": {"lat": 51.3167, "lon": 12.0167, "tz": "Europe/Berlin"}},
  {"name": "Bad Dürrenberg", "stateCode": "ST", "state": "Sachsen-Anhalt", "county": "Saalekreis", "metro": "Halle-Leipzig", "population": 11512, "geo": {"lat": 51.2833, "lon": 12.0667, "tz": "Europe/Berlin"}},
  {"name": "Hohenmölsen", "stateCode": "ST", "state": "Sachsen-Anhalt", "county": "Burgenlandkreis", "metro": "Halle-Leipzig", "population": 9779, "geo": {"lat": 51.1500, "lon": 12.1000, "tz": "Europe/Berlin"}},
  {"name": "Lützen", "stateCode": "ST", "state": "Sachsen-Anhalt", "county": "Burgenlandkreis", "metro": "Halle-Leipzig", "population": 8535, "geo": {"lat": 51.2500, "lon": 12.1500, "tz": "Europe/Berlin"}},
  {"name": "Freyburg (Unstrut)", "stateCode": "ST", "state": "Sachsen-Anhalt", "county": "Burgenlandkreis", "metro": "Halle-Leipzig", "population": 4654, "geo": {"lat": 51.2167, "lon": 11.7667, "tz": "Europe/Berlin"}},
  {"name": "Nebra (Unstrut)", "stateCode": "ST", "state": "Sachsen-Anhalt", "county": "Burgenlandkreis", "metro": "Halle-Leipzig", "population": 2912, "geo": {"lat": 51.2833, "lon": 11.5500, "tz": "Europe/Berlin"}},
  {"name": "Aken (Elbe)", "stateCode": "ST", "state": "Sachsen-Anhalt", "county": "Anhalt-Bitterfeld", "metro": "Halle-Leipzig", "population": 7422, "geo": {"lat": 51.8500, "lon": 12.0500, "tz": "Europe/Berlin"}},
  {"name": "Raguhn-Jeßnitz", "stateCode": "ST", "state": "Sachsen-Anhalt", "county": "Anhalt-Bitterfeld", "metro": "Halle-Leipzig", "population": 9181, "geo": {"lat": 51.7667, "lon": 12.2333, "tz": "Europe/Berlin"}},
  {"name": "Sandersdorf-Brehna", "stateCode": "ST", "state": "Sachsen-Anhalt", "county": "Anhalt-Bitterfeld", "metro": "Halle-Leipzig", "population": 14652, "geo": {"lat": 51.6167, "lon": 12.2333, "tz": "Europe/Berlin"}},
  {"name": "Südliches Anhalt", "stateCode": "ST", "state": "Sachsen-Anhalt", "county": "Anhalt-Bitterfeld", "metro": "Halle-Leipzig", "population": 13095, "geo": {"lat": 51.6667, "lon": 12.1000, "tz": "Europe/Berlin"}},
  {"name": "Calbe (Saale)", "stateCode": "ST", "state": "Sachsen-Anhalt", "county": "Salzlandkreis", "metro": "Magdeburg", "population": 9177, "geo": {"lat": 51.9000, "lon": 11.7833, "tz": "Europe/Berlin"}},
  {"name": "Nienburg (Saale)", "stateCode": "ST", "state": "Sachsen-Anhalt", "county": "Salzlandkreis", "metro": "Magdeburg", "population": 6239, "geo": {"lat": 51.8333, "lon": 11.7667, "tz": "Europe/Berlin"}},
  {"name": "Barby", "stateCode": "ST", "state": "Sachsen-Anhalt", "county": "Salzlandkreis", "metro": "Magdeburg", "population": 8604, "geo": {"lat": 51.9667, "lon": 11.8833, "tz": "Europe/Berlin"}},
  {"name": "Egeln", "stateCode": "ST", "state": "Sachsen-Anhalt", "county": "Salzlandkreis", "metro": "Magdeburg", "population": 3065, "geo": {"lat": 51.9500, "lon": 11.4333, "tz": "Europe/Berlin"}},
  {"name": "Tangerhütte", "stateCode": "ST", "state": "Sachsen-Anhalt", "county": "Stendal", "metro": "Altmark", "population": 10692, "geo": {"lat": 52.4333, "lon": 11.8000, "tz": "Europe/Berlin"}},
  {"name": "Tangermünde", "stateCode": "ST", "state": "Sachsen-Anhalt", "county": "Stendal", "metro": "Altmark", "population": 10432, "geo": {"lat": 52.5500, "lon": 11.9667, "tz": "Europe/Berlin"}},
  {"name": "Havelberg", "stateCode": "ST", "state": "Sachsen-Anhalt", "county": "Stendal", "metro": "Altmark", "population": 6480, "geo": {"lat": 52.8333, "lon": 12.0667, "tz": "Europe/Berlin"}},
  {"name": "Osterburg (Altmark)", "stateCode": "ST", "state": "Sachsen-Anhalt", "county": "Stendal", "metro": "Altmark", "population": 9587, "geo": {"lat": 52.7833, "lon": 11.7500, "tz": "Europe/Berlin"}},
  {"name": "Möckern", "stateCode": "ST", "state": "Sachsen-Anhalt", "county": "Jerichower Land", "metro": "Magdeburg", "population": 12566, "geo": {"lat": 52.1333, "lon": 11.9500, "tz": "Europe/Berlin"}},
  {"name": "Gommern", "stateCode": "ST", "state": "Sachsen-Anhalt", "county": "Jerichower Land", "metro": "Magdeburg", "population": 10541, "geo": {"lat": 52.0667, "lon": 11.8167, "tz": "Europe/Berlin"}},
  {"name": "Klötze", "stateCode": "ST", "state": "Sachsen-Anhalt", "county": "Altmarkkreis Salzwedel", "metro": "Altmark", "population": 10142, "geo": {"lat": 52.6333, "lon": 11.1667, "tz": "Europe/Berlin"}},
  {"name": "Arendsee (Altmark)", "stateCode": "ST", "state": "Sachsen-Anhalt", "county": "Altmarkkreis Salzwedel", "metro": "Altmark", "population": 6615, "geo": {"lat": 52.8833, "lon": 11.4833, "tz": "Europe/Berlin"}},
  {"name": "Kalbe (Milde)", "stateCode": "ST", "state": "Sachsen-Anhalt", "county": "Altmarkkreis Salzwedel", "metro": "Altmark", "population": 7378, "geo": {"lat": 52.6500, "lon": 11.3833, "tz": "Europe/Berlin"}}
]
