[
  {"name": "Erfurt", "stateCode": "TH", "state": "Thüringen", "county": "Erfurt", "metro": "Erfurt", "population": 213699, "geo": {"lat": 50.9787, "lon": 11.0328, "tz": "Europe/Berlin"}},
  {"name": "Jena", "stateCode": "TH", "state": "Thüringen", "county": "Jena", "metro": "Jena", "population": 111407, "geo": {"lat": 50.9272, "lon": 11.5861, "tz": "Europe/Berlin"}},
  {"name": "Gera", "stateCode": "TH", "state": "Thüringen", "county": "Gera", "metro": "Gera", "population": 92108, "geo": {"lat": 50.8781, "lon": 12.0831, "tz": "Europe/Berlin"}},
  {"name": "Weimar", "stateCode": "TH", "state": "Thüringen", "county": "Weimar", "metro": "Erfurt-Weimar", "population": 65228, "geo": {"lat": 50.9795, "lon": 11.3235, "tz": "Europe/Berlin"}},
  {"name": "Gotha", "stateCode": "TH", "state": "Thüringen", "county": "Gotha", "metro": "Erfurt", "population": 44654, "geo": {"lat": 50.9489, "lon": 10.7183, "tz": "Europe/Berlin"}},
  {"name": "Eisenach", "stateCode": "TH", "state": "Thüringen", "county": "Eisenach", "metro": "Eisenach", "population": 41970, "geo": {"lat": 50.9807, "lon": 10.3195, "tz": "Europe/Berlin"}},
  {"name": "Nordhausen", "stateCode": "TH", "state": "Thüringen", "county": "Nordhausen", "metro": "Nordhausen", "population": 41791, "geo": {"lat": 51.5058, "lon": 10.7900, "tz": "Europe/Berlin"}},
  {"name": "Ilmenau", "stateCode": "TH", "state": "Thüringen", "county": "Ilm-Kreis", "metro": "Erfurt", "population": 38267, "geo": {"lat": 50.6872, "lon": 10.9147, "tz": "Europe/Berlin"}},
  {"name": "Suhl", "stateCode": "TH", "state": "Thüringen", "county": "Suhl", "metro": "Suhl", "population": 36208, "geo": {"lat": 50.6094, "lon": 10.6940, "tz": "Europe/Berlin"}},
  {"name": "Mühlhausen", "stateCode": "TH", "state": "Thüringen", "county": "Unstrut-Hainich-Kreis", "metro": "Nordthüringen", "population": 33067, "geo": {"lat": 51.2086, "lon": 10.4525, "tz": "Europe/Berlin"}},
  {"name": "Altenburg", "stateCode": "TH", "state": "Thüringen", "county": "Altenburger Land", "metro": "Leipzig-Altenburg", "population": 31583, "geo": {"lat": 50.9847, "lon": 12.4369, "tz": "Europe/Berlin"}},
  {"name": "Arnstadt", "stateCode": "TH", "state": "Thüringen", "county": "Ilm-Kreis", "metro": "Erfurt", "population": 27142, "geo": {"lat": 50.8344, "lon": 10.9464, "tz": "Europe/Berlin"}},
  {"name": "Saalfeld", "stateCode": "TH", "state": "Thüringen", "county": "Saalfeld-Rudolstadt", "metro": "Saalfeld", "population": 23882, "geo": {"lat": 50.6483, "lon": 11.3656, "tz": "Europe/Berlin"}},
  {"name": "Sonneberg", "stateCode": "TH", "state": "Thüringen", "county": "Sonneberg", "metro": "Sonneberg", "population": 23203, "geo": {"lat": 50.3589, "lon": 11.1692, "tz": "Europe/Berlin"}},
  {"name": "Rudolstadt", "stateCode": "TH", "state": "Thüringen", "county": "Saalfeld-Rudolstadt", "metro": "Saalfeld", "population": 22850, "geo": {"lat": 50.7200, "lon": 11.3389, "tz": "Europe/Berlin"}},
  {"name": "Apolda", "stateCode": "TH", "state": "Thüringen", "county": "Weimarer Land", "metro": "Erfurt-Weimar", "population": 21847, "geo": {"lat": 51.0256, "lon": 11.5158, "tz": "Europe/Berlin"}},
  {"name": "Meiningen", "stateCode": "TH", "state": "Thüringen", "county": "Schmalkalden-Meiningen", "metro": "Meiningen", "population": 21244, "geo": {"lat": 50.5667, "lon": 10.4167, "tz": "Europe/Berlin"}},
  {"name": "Greiz", "stateCode": "TH", "state": "Thüringen", "county": "Greiz", "metro": "Gera", "population": 20391, "geo": {"lat": 50.6544, "lon": 12.1997, "tz": "Europe/Berlin"}},
  {"name": "Sondershausen", "stateCode": "TH", "state": "Thüringen", "county": "Kyffhäuserkreis", "metro": "Nordthüringen", "population": 20758, "geo": {"lat": 51.3697, "lon": 10.8689, "tz": "Europe/Berlin"}},
  {"name": "Schmalkalden", "stateCode": "TH", "state": "Thüringen", "county": "Schmalkalden-Meiningen", "metro": "Schmalkalden", "population": 19350, "geo": {"lat": 50.7194, "lon": 10.4483, "tz": "Europe/Berlin"}},
  {"name": "Heilbad Heiligenstadt", "stateCode": "TH", "state": "Thüringen", "county": "Eichsfeld", "metro": "Eichsfeld", "population": 16267, "geo": {"lat": 51.3778, "lon": 10.1361, "tz": "Europe/Berlin"}},
  {"name": "Bad Langensalza", "stateCode": "TH", "state": "Thüringen", "county": "Unstrut-Hainich-Kreis", "metro": "Nordthüringen", "population": 17994, "geo": {"lat": 51.1075, "lon": 10.6461, "tz": "Europe/Berlin"}},
  {"name": "Pößneck", "stateCode": "TH", "state": "Thüringen", "county": "Saale-Orla-Kreis", "metro": "Saalfeld", "population": 11266, "geo": {"lat": 50.6947, "lon": 11.6014, "tz": "Europe/Berlin"}},
  {"name": "Bad Salzungen", "stateCode": "TH", "state": "Thüringen", "county": "Wartburgkreis", "metro": "Eisenach", "population": 15462, "geo": {"lat": 50.8139, "lon": 10.2333, "tz": "Europe/Berlin"}},
  {"name": "Zeulenroda-Triebes", "stateCode": "TH", "state": "Thüringen", "county": "Greiz", "metro": "Gera", "population": 15938, "geo": {"lat": 50.6500, "lon": 11.9833, "tz": "Europe/Berlin"}},
  {"name": "Leinefelde-Worbis", "stateCode": "TH", "state": "Thüringen", "county": "Eichsfeld", "metro": "Eichsfeld", "population": 18640, "geo": {"lat": 51.3833, "lon": 10.3167, "tz": "Europe/Berlin"}},
  {"name": "Waltershausen", "stateCode": "TH", "state": "Thüringen", "county": "Gotha", "metro": "Erfurt", "population": 12554, "geo": {"lat": 50.8983, "lon": 10.5567, "tz": "Europe/Berlin"}},
  {"name": "Schmölln", "stateCode": "TH", "state": "Thüringen", "county": "Altenburger Land", "metro": "Leipzig-Altenburg", "population": 11671, "geo": {"lat": 50.8936, "lon": 12.3550, "tz": "Europe/Berlin"}},
  {"name": "Zella-Mehlis", "stateCode": "TH", "state": "Thüringen", "county": "Schmalkalden-Meiningen", "metro": "Suhl", "population": 11420, "geo": {"lat": 50.6578, "lon": 10.6706, "tz": "Europe/Berlin"}},
  {"name": "Hildburghausen", "stateCode": "TH", "state": "Thüringen", "county": "Hildburghausen", "metro": "Hildburghausen", "population": 11285, "geo": {"lat": 50.4256, "lon": 10.7275, "tz": "Europe/Berlin"}},
  {"name": "Neuhaus am Rennweg", "stateCode": "TH", "state": "Thüringen", "county": "Sonneberg", "metro": "Sonneberg", "population": 8369, "geo": {"lat": 50.5100, "lon": 11.1378, "tz": "Europe/Berlin"}},
  {"name": "Sömmerda", "stateCode": "TH", "state": "Thüringen", "county": "Sömmerda", "metro": "Erfurt", "population": 18827, "geo": {"lat": 51.1608, "lon": 11.1164, "tz": "Europe/Berlin"}},
  {"name": "Meuselwitz", "stateCode": "TH", "state": "Thüringen", "county": "Altenburger Land", "metro": "Leipzig-Altenburg", "population": 9979, "geo": {"lat": 51.0458, "lon": 12.3056, "tz": "Europe/Berlin"}},
  {"name": "Bad Frankenhausen", "stateCode": "TH", "state": "Thüringen", "county": "Kyffhäuserkreis", "metro": "Nordthüringen", "population": 8871, "geo": {"lat": 51.3567, "lon": 11.1008, "tz": "Europe/Berlin"}},
  {"name": "Artern", "stateCode": "TH", "state": "Thüringen", "county": "Kyffhäuserkreis", "metro": "Nordthüringen", "population": 5378, "geo": {"lat": 51.3667, "lon": 11.3000, "tz": "Europe/Berlin"}},
  {"name": "Hermsdorf", "stateCode": "TH", "state": "Thüringen", "county": "Saale-Holzland-Kreis", "metro": "Jena", "population": 7716, "geo": {"lat": 50.8933, "lon": 11.8572, "tz": "Europe/Berlin"}},
  {"name": "Stadtroda", "stateCode": "TH", "state": "Thüringen", "county": "Saale-Holzland-Kreis", "metro": "Jena", "population": 5714, "geo": {"lat": 50.8578, "lon": 11.7317, "tz": "Europe/Berlin"}},
  {"name": "Kahla", "stateCode": "TH", "state": "Thüringen", "county": "Saale-Holzland-Kreis", "metro": "Jena", "population": 6741, "geo": {"lat": 50.8053, "lon": 11.5847, "tz": "Europe/Berlin"}},
  {"name": "Weida", "stateCode": "TH", "state": "Thüringen", "county": "Greiz", "metro": "Gera", "population": 7680, "geo": {"lat": 50.7708, "lon": 12.0597, "tz": "Europe/Berlin"}},
  {"name": "Ohrdruf", "stateCode": "TH", "state": "Thüringen", "county": "Gotha", "metro": "Erfurt", "population": 8859, "geo": {"lat": 50.8286, "lon": 10.7322, "tz": "Europe/Berlin"}},
  {"name": "Friedrichroda", "stateCode": "TH", "state": "Thüringen", "county": "Gotha", "metro": "Erfurt", "population": 7450, "geo": {"lat": 50.8597, "lon": 10.5656, "tz": "Europe/Berlin"}},
  {"name": "Blankenhain", "stateCode": "TH", "state": "Thüringen", "county": "Weimarer Land", "metro": "Erfurt-Weimar", "population": 6655, "geo": {"lat": 50.8569, "lon": 11.3436, "tz": "Europe/Berlin"}},
  {"name": "Bad Berka", "stateCode": "TH", "state": "Thüringen", "county": "Weimarer Land", "metro": "Erfurt-Weimar", "population": 7530, "geo": {"lat": 50.9000, "lon": 11.2833, "tz": "Europe/Berlin"}},
  {"name": "Buttstädt", "stateCode": "TH", "state": "Thüringen", "county": "Sömmerda", "metro": "Erfurt", "population": 4867, "geo": {"lat": 51.1219, "lon": 11.4206, "tz": "Europe/Berlin"}},
  {"name": "Kölleda", "stateCode": "TH", "state": "Thüringen", "county": "Sömmerda", "metro": "Erfurt", "population": 5619, "geo": {"lat": 51.1811, "lon": 11.2431, "tz": "Europe/Berlin"}},
  {"name": "Bleicherode", "stateCode": "TH", "state": "Thüringen", "county": "Nordhausen", "metro": "Nordhausen", "population": 9122, "geo": {"lat": 51.4333, "lon": 10.5667, "tz": "Europe/Berlin"}},
  {"name": "Ellrich", "stateCode": "TH", "state": "Thüringen", "county": "Nordhausen", "metro": "Nordhausen", "population": 5401, "geo": {"lat": 51.5833, "lon": 10.6667, "tz": "Europe/Berlin"}},
  {"name": "Heringen (Helme)", "stateCode": "TH", "state": "Thüringen", "county": "Nordhausen", "metro": "Nordhausen", "population": 4657, "geo": {"lat": 51.4500, "lon": 10.9833, "tz": "Europe/Berlin"}},
  {"name": "Dingelstädt", "stateCode": "TH", "state": "Thüringen", "county": "Eichsfeld", "metro": "Eichsfeld", "population": 4509, "geo": {"lat": 51.3167, "lon": 10.3167, "tz": "Europe/Berlin"}},
  {"name": "Duderstadt", "stateCode": "TH", "state": "Thüringen", "county": "Eichsfeld", "metro": "Eichsfeld", "population": 4815, "geo": {"lat": 51.5117, "lon": 10.2597, "tz": "Europe/Berlin"}},
  {"name": "Bad Lobenstein", "stateCode": "TH", "state": "Thüringen", "county": "Saale-Orla-Kreis", "metro": "Saalfeld", "population": 5817, "geo": {"lat": 50.4500, "lon": 11.6333, "tz": "Europe/Berlin"}},
  {"name": "Neustadt an der Orla", "stateCode": "TH", "state": "Thüringen", "county": "Saale-Orla-Kreis", "metro": "Saalfeld", "population": 8406, "geo": {"lat": 50.7350, "lon": 11.7528, "tz": "Europe/Berlin"}},
  {"name": "Schleiz", "stateCode": "TH", "state": "Thüringen", "county": "Saale-Orla-Kreis", "metro": "Saalfeld", "population": 8151, "geo": {"lat": 50.5772, "lon": 11.8097, "tz": "Europe/Berlin"}},
  {"name": "Triptis", "stateCode": "TH", "state": "Thüringen", "county": "Saale-Orla-Kreis", "metro": "Saalfeld", "population": 3815, "geo": {"lat": 50.7333, "lon": 11.8667, "tz": "Europe/Berlin"}},
  {"name": "Bad Blankenburg", "stateCode": "TH", "state": "Thüringen", "county": "Saalfeld-Rudolstadt", "metro": "Saalfeld", "population": 6434, "geo": {"lat": 50.6833, "lon": 11.2667, "tz": "Europe/Berlin"}},
  {"name": "Königsee-Rottenbach", "stateCode": "TH", "state": "Thüringen", "county": "Saalfeld-Rudolstadt", "metro": "Saalfeld", "population": 7238, "geo": {"lat": 50.6667, "lon": 11.1000, "tz": "Europe/Berlin"}},
  {"name": "Unterwellenborn", "stateCode": "TH", "state": "Thüringen", "county": "Saalfeld-Rudolstadt", "metro": "Saalfeld", "population": 4188, "geo": {"lat": 50.6500, "lon": 11.4500, "tz": "Europe/Berlin"}},
  {"name": "Steinbach-Hallenberg", "stateCode": "TH", "state": "Thüringen", "county": "Schmalkalden-Meiningen", "metro": "Schmalkalden", "population": 7863, "geo": {"lat": 50.6833, "lon": 10.5667, "tz": "Europe/Berlin"}},
  {"name": "Wasungen", "stateCode": "TH", "state": "Thüringen", "county": "Schmalkalden-Meiningen", "metro": "Meiningen", "population": 3677, "geo": {"lat": 50.6631, "lon": 10.3686, "tz": "Europe/Berlin"}},
  {"name": "Themar", "stateCode": "TH", "state": "Thüringen", "county": "Hildburghausen", "metro": "Hildburghausen", "population": 2996, "geo": {"lat": 50.4983, "lon": 10.6156, "tz": "Europe/Berlin"}},
  {"name": "Bad Colberg-Heldburg", "stateCode": "TH", "state": "Thüringen", "county": "Hildburghausen", "metro": "Hildburghausen", "population": 2343, "geo": {"lat": 50.2833, "lon": 10.7167, "tz": "Europe/Berlin"}},
  {"name": "Ruhla", "stateCode": "TH", "state": "Thüringen", "county": "Wartburgkreis", "metro": "Eisenach", "population": 5482, "geo": {"lat": 50.8928, "lon": 10.3706, "tz": "Europe/Berlin"}},
  {"name": "Creuzburg", "stateCode": "TH", "state": "Thüringen", "county": "Wartburgkreis", "metro": "Eisenach", "population": 3058, "geo": {"lat": 51.0500, "lon": 10.2500, "tz": "Europe/Berlin"}},
  {"name": "Treffurt", "stateCode": "TH", "state": "Thüringen", "county": "Wartburgkreis", "metro": "Eisenach", "population": 4931, "geo": {"lat": 51.1333, "lon": 10.2333, "tz": "Europe/Berlin"}},
  {"name": "Gerstungen", "stateCode": "TH", "state": "Thüringen", "county": "Wartburgkreis", "metro": "Eisenach", "population": 6053, "geo": {"lat": 50.9667, "lon": 10.0667, "tz": "Europe/Berlin"}}
]
