[
  {"name": "Anchorage", "stateCode": "AK", "state": "Alaska", "county": "Anchorage", "metro": "Anchorage", "population": 291247, "geo": {"lat": 61.2181, "lon": -149.9003, "tz": "America/Anchorage"}},
  {"name": "Fairbanks", "stateCode": "AK", "state": "Alaska", "county": "Fairbanks North Star", "metro": "Fairbanks", "population": 32515, "geo": {"lat": 64.8378, "lon": -147.7164, "tz": "America/Anchorage"}},
  {"name": "Juneau", "stateCode": "AK", "state": "Alaska", "county": "Juneau", "metro": "Juneau", "population": 32255, "geo": {"lat": 58.3019, "lon": -134.4197, "tz": "America/Juneau"}},
  {"name": "Sitka", "stateCode": "AK", "state": "Alaska", "county": "Sitka", "metro": "Sitka", "population": 8458, "geo": {"lat": 57.0531, "lon": -135.3300, "tz": "America/Sitka"}},
  {"name": "Ketchikan", "stateCode": "AK", "state": "Alaska", "county": "Ketchikan Gateway", "metro": "Ketchikan", "population": 8192, "geo": {"lat": 55.3422, "lon": -131.6461, "tz": "America/Sitka"}},
  {"name": "Wasilla", "stateCode": "AK", "state": "Alaska", "county": "Matanuska-Susitna", "metro": "Anchorage", "population": 12256, "geo": {"lat": 61.5814, "lon": -149.4394, "tz": "America/Anchorage"}},
  {"name": "Kenai", "stateCode": "AK", "state": "Alaska", "county": "Kenai Peninsula", "metro": "Kenai", "population": 7845, "geo": {"lat": 60.5544, "lon": -151.2583, "tz": "America/Anchorage"}},
  {"name": "Kodiak", "stateCode": "AK", "state": "Alaska", "county": "Kodiak Island", "metro": "Kodiak", "population": 5983, "geo": {"lat": 57.7900, "lon": -152.4072, "tz": "America/Anchorage"}},
  {"name": "Bethel", "stateCode": "AK", "state": "Alaska", "county": "Bethel", "metro": "Bethel", "population": 6325, "geo": {"lat": 60.7922, "lon": -161.7558, "tz": "America/Anchorage"}},
  {"name": "Palmer", "stateCode": "AK", "state": "Alaska", "county": "Matanuska-Susitna", "metro": "Anchorage", "population": 7306, "geo": {"lat": 61.5994, "lon": -149.1128, "tz": "America/Anchorage"}},
  {"name": "Homer", "stateCode": "AK", "state": "Alaska", "county": "Kenai Peninsula", "metro": "Homer", "population": 5515, "geo": {"lat": 59.6425, "lon": -151.5483, "tz": "America/Anchorage"}},
  {"name": "Soldotna", "stateCode": "AK", "state": "Alaska", "county": "Kenai Peninsula", "metro": "Kenai", "population": 4705, "geo": {"lat": 60.4878, "lon": -151.0583, "tz": "America/Anchorage"}},
  {"name": "Seward", "stateCode": "AK", "state": "Alaska", "county": "Kenai Peninsula", "metro": "Seward", "population": 2717, "geo": {"lat": 60.1042, "lon": -149.4422, "tz": "America/Anchorage"}},
  {"name": "Valdez", "stateCode": "AK", "state": "Alaska", "county": "Valdez-Cordova", "metro": "Valdez", "population": 3985, "geo": {"lat": 61.1309, "lon": -146.3483, "tz": "America/Anchorage"}},
  {"name": "Nome", "stateCode": "AK", "state": "Alaska", "county": "Nome", "metro": "Nome", "population": 3699, "geo": {"lat": 64.5011, "lon": -165.4064, "tz": "America/Nome"}},
  {"name": "Barrow", "stateCode": "AK", "state": "Alaska", "county": "North Slope", "metro": "Barrow", "population": 4581, "geo": {"lat": 71.2906, "lon": -156.7886, "tz": "America/Anchorage"}},
  {"name": "Kotzebue", "stateCode": "AK", "state": "Alaska", "county": "Northwest Arctic", "metro": "Kotzebue", "population": 3201, "geo": {"lat": 66.8986, "lon": -162.5969, "tz": "America/Nome"}},
  {"name": "Cordova", "stateCode": "AK", "state": "Alaska", "county": "Valdez-Cordova", "metro": "Cordova", "population": 2609, "geo": {"lat": 60.5433, "lon": -145.7575, "tz": "America/Anchorage"}},
  {"name": "Dillingham", "stateCode": "AK", "state": "Alaska", "county": "Dillingham", "metro": "Dillingham", "population": 2492, "geo": {"lat": 59.0397, "lon": -158.4575, "tz": "America/Anchorage"}},
  {"name": "Wrangell", "stateCode": "AK", "state": "Alaska", "county": "Wrangell", "metro": "Wrangell", "population": 2502, "geo": {"lat": 56.4708, "lon": -132.3767, "tz": "America/Sitka"}},
  {"name": "Petersburg", "stateCode": "AK", "state": "Alaska", "county": "Petersburg", "metro": "Petersburg", "population": 3266, "geo": {"lat": 56.8125, "lon": -132.9556, "tz": "America/Sitka"}},
  {"name": "Unalaska", "stateCode": "AK", "state": "Alaska", "county": "Aleutians West", "metro": "Unalaska", "population": 4768, "geo": {"lat": 53.8739, "lon": -166.5361, "tz": "America/Adak"}},
  {"name": "North Pole", "stateCode": "AK", "state": "Alaska", "county": "Fairbanks North Star", "metro": "Fairbanks", "population": 2243, "geo": {"lat": 64.7511, "lon": -147.3494, "tz": "America/Anchorage"}},
  {"name": "Haines", "stateCode": "AK", "state": "Alaska", "county": "Haines", "metro": "Haines", "population": 2080, "geo": {"lat": 59.2358, "lon": -135.4450, "tz": "America/Juneau"}},
  {"name": "Craig", "stateCode": "AK", "state": "Alaska", "county": "Prince of Wales-Hyder", "metro": "Craig", "population": 1201, "geo": {"lat": 55.4764, "lon": -133.1483, "tz": "America/Sitka"}},
  {"name": "Skagway", "stateCode": "AK", "state": "Alaska", "county": "Skagway", "metro": "Skagway", "population": 1183, "geo": {"lat": 59.4583, "lon": -135.3139, "tz": "America/Juneau"}}
]
