[
  {"name": "Phoenix", "stateCode": "AZ", "state": "Arizona", "county": "Maricopa County", "metro": "Phoenix-Mesa-Chandler", "population": 1608139, "geo": {"lat": 33.4484, "lon": -112.0740, "tz": "America/Phoenix"}},
  {"name": "Tucson", "stateCode": "AZ", "state": "Arizona", "county": "Pima County", "metro": "Tucson", "population": 545975, "geo": {"lat": 32.2226, "lon": -110.9747, "tz": "America/Phoenix"}},
  {"name": "Mesa", "stateCode": "AZ", "state": "Arizona", "county": "Maricopa County", "metro": "Phoenix-Mesa-Chandler", "population": 504258, "geo": {"lat": 33.4152, "lon": -111.8315, "tz": "America/Phoenix"}},
  {"name": "Chandler", "stateCode": "AZ", "state": "Arizona", "county": "Maricopa County", "metro": "Phoenix-Mesa-Chandler", "population": 275987, "geo": {"lat": 33.3062, "lon": -111.8413, "tz": "America/Phoenix"}},
  {"name": "Gilbert", "stateCode": "AZ", "state": "Arizona", "county": "Maricopa County", "metro": "Phoenix-Mesa-Chandler", "population": 267918, "geo": {"lat": 33.3528, "lon": -111.7890, "tz": "America/Phoenix"}},
  {"name": "Scottsdale", "stateCode": "AZ", "state": "Arizona", "county": "Maricopa County", "metro": "Phoenix-Mesa-Chandler", "population": 258069, "geo": {"lat": 33.4942, "lon": -111.9261, "tz": "America/Phoenix"}},
  {"name": "Glendale", "stateCode": "AZ", "state": "Arizona", "county": "Maricopa County", "metro": "Phoenix-Mesa-Chandler", "population": 248325, "geo": {"lat": 33.5387, "lon": -112.1860, "tz": "America/Phoenix"}},
  {"name": "Peoria", "stateCode": "AZ", "state": "Arizona", "county": "Maricopa County", "metro": "Phoenix-Mesa-Chandler", "population": 190985, "geo": {"lat": 33.5806, "lon": -112.2374, "tz": "America/Phoenix"}},
  {"name": "Tempe", "stateCode": "AZ", "state": "Arizona", "county": "Maricopa County", "metro": "Phoenix-Mesa-Chandler", "population": 180587, "geo": {"lat": 33.4255, "lon": -111.9400, "tz": "America/Phoenix"}},
  {"name": "Surprise", "stateCode": "AZ", "state": "Arizona", "county": "Maricopa County", "metro": "Phoenix-Mesa-Chandler", "population": 143148, "geo": {"lat": 33.6292, "lon": -112.3680, "tz": "America/Phoenix"}},
  {"name": "Yuma", "stateCode": "AZ", "state": "Arizona", "county": "Yuma County", "metro": "Yuma", "population": 106926, "geo": {"lat": 32.6927, "lon": -114.6277, "tz": "America/Phoenix"}},
  {"name": "Goodyear", "stateCode": "AZ", "state": "Arizona", "county": "Maricopa County", "metro": "Phoenix-Mesa-Chandler", "population": 95294, "geo": {"lat": 33.4353, "lon": -112.3583, "tz": "America/Phoenix"}},
  {"name": "Buckeye", "stateCode": "AZ", "state": "Arizona", "county": "Maricopa County", "metro": "Phoenix-Mesa-Chandler", "population": 91502, "geo": {"lat": 33.3703, "lon": -112.5838, "tz": "America/Phoenix"}},
  {"name": "Avondale", "stateCode": "AZ", "state": "Arizona", "county": "Maricopa County", "metro": "Phoenix-Mesa-Chandler", "population": 89379, "geo": {"lat": 33.4356, "lon": -112.3496, "tz": "America/Phoenix"}},
  {"name": "Flagstaff", "stateCode": "AZ", "state": "Arizona", "county": "Coconino County", "metro": "Flagstaff", "population": 73964, "geo": {"lat": 35.1983, "lon": -111.6513, "tz": "America/Phoenix"}},
  {"name": "Queen Creek", "stateCode": "AZ", "state": "Arizona", "county": "Maricopa County", "metro": "Phoenix-Mesa-Chandler", "population": 65832, "geo": {"lat": 33.2487, "lon": -111.6343, "tz": "America/Phoenix"}},
  {"name": "Maricopa", "stateCode": "AZ", "state": "Arizona", "county": "Pinal County", "metro": "Phoenix-Mesa-Chandler", "population": 58782, "geo": {"lat": 33.0581, "lon": -112.0476, "tz": "America/Phoenix"}},
  {"name": "Lake Havasu City", "stateCode": "AZ", "state": "Arizona", "county": "Mohave County", "metro": "Lake Havasu City-Kingman", "population": 58064, "geo": {"lat": 34.4839, "lon": -114.3225, "tz": "America/Phoenix"}},
  {"name": "Casa Grande", "stateCode": "AZ", "state": "Arizona", "county": "Pinal County", "metro": "Phoenix-Mesa-Chandler", "population": 57240, "geo": {"lat": 32.8795, "lon": -111.7574, "tz": "America/Phoenix"}},
  {"name": "Prescott Valley", "stateCode": "AZ", "state": "Arizona", "county": "Yavapai County", "metro": "Prescott Valley-Prescott", "population": 48360, "geo": {"lat": 34.6100, "lon": -112.3150, "tz": "America/Phoenix"}},
  {"name": "Oro Valley", "stateCode": "AZ", "state": "Arizona", "county": "Pima County", "metro": "Tucson", "population": 47070, "geo": {"lat": 32.3909, "lon": -110.9665, "tz": "America/Phoenix"}},
  {"name": "Prescott", "stateCode": "AZ", "state": "Arizona", "county": "Yavapai County", "metro": "Prescott Valley-Prescott", "population": 46377, "geo": {"lat": 34.5400, "lon": -112.4685, "tz": "America/Phoenix"}},
  {"name": "Sierra Vista", "stateCode": "AZ", "state": "Arizona", "county": "Cochise County", "metro": "Sierra Vista-Douglas", "population": 45468, "geo": {"lat": 31.5455, "lon": -110.2773, "tz": "America/Phoenix"}},
  {"name": "Apache Junction", "stateCode": "AZ", "state": "Arizona", "county": "Pinal County", "metro": "Phoenix-Mesa-Chandler", "population": 43987, "geo": {"lat": 33.4151, "lon": -111.5496, "tz": "America/Phoenix"}},
  {"name": "Bullhead City", "stateCode": "AZ", "state": "Arizona", "county": "Mohave County", "metro": "Lake Havasu City-Kingman", "population": 41914, "geo": {"lat": 35.1478, "lon": -114.5683, "tz": "America/Phoenix"}},
  {"name": "El Mirage", "stateCode": "AZ", "state": "Arizona", "county": "Maricopa County", "metro": "Phoenix-Mesa-Chandler", "population": 36805, "geo": {"lat": 33.6131, "lon": -112.3246, "tz": "America/Phoenix"}},
  {"name": "San Luis", "stateCode": "AZ", "state": "Arizona", "county": "Yuma County", "metro": "Yuma", "population": 35257, "geo": {"lat": 32.4870, "lon": -114.7820, "tz": "America/Phoenix"}},
  {"name": "Sahuarita", "stateCode": "AZ", "state": "Arizona", "county": "Pima County", "metro": "Tucson", "population": 33681, "geo": {"lat": 31.9576, "lon": -110.9556, "tz": "America/Phoenix"}},
  {"name": "Kingman", "stateCode": "AZ", "state": "Arizona", "county": "Mohave County", "metro": "Lake Havasu City-Kingman", "population": 32685, "geo": {"lat": 35.1894, "lon": -114.0530, "tz": "America/Phoenix"}},
  {"name": "Fountain Hills", "stateCode": "AZ", "state": "Arizona", "county": "Maricopa County", "metro": "Phoenix-Mesa-Chandler", "population": 25419, "geo": {"lat": 33.6117, "lon": -111.7174, "tz": "America/Phoenix"}},
  {"name": "Marana", "stateCode": "AZ", "state": "Arizona", "county": "Pima County", "metro": "Tucson", "population": 52127, "geo": {"lat": 32.4367, "lon": -111.2254, "tz": "America/Phoenix"}},
  {"name": "Nogales", "stateCode": "AZ", "state": "Arizona", "county": "Santa Cruz County", "metro": "Nogales", "population": 20103, "geo": {"lat": 31.3404, "lon": -110.9343, "tz": "America/Phoenix"}},
  {"name": "Eloy", "stateCode": "AZ", "state": "Arizona", "county": "Pinal County", "metro": "Phoenix-Mesa-Chandler", "population": 18148, "geo": {"lat": 32.7559, "lon": -111.5546, "tz": "America/Phoenix"}},
  {"name": "Florence", "stateCode": "AZ", "state": "Arizona", "county": "Pinal County", "metro": "Phoenix-Mesa-Chandler", "population": 26864, "geo": {"lat": 33.0314, "lon": -111.3873, "tz": "America/Phoenix"}},
  {"name": "Coolidge", "stateCode": "AZ", "state": "Arizona", "county": "Pinal County", "metro": "Phoenix-Mesa-Chandler", "population": 13218, "geo": {"lat": 32.9779, "lon": -111.5174, "tz": "America/Phoenix"}},
  {"name": "Douglas", "stateCode": "AZ", "state": "Arizona", "county": "Cochise County", "metro": "Sierra Vista-Douglas", "population": 16604, "geo": {"lat": 31.3445, "lon": -109.5453, "tz": "America/Phoenix"}},
  {"name": "Paradise Valley", "stateCode": "AZ", "state": "Arizona", "county": "Maricopa County", "metro": "Phoenix-Mesa-Chandler", "population": 14502, "geo": {"lat": 33.5311, "lon": -111.9426, "tz": "America/Phoenix"}},
  {"name": "Show Low", "stateCode": "AZ", "state": "Arizona", "county": "Navajo County", "metro": "Show Low", "population": 11732, "geo": {"lat": 34.2542, "lon": -110.0298, "tz": "America/Phoenix"}},
  {"name": "Payson", "stateCode": "AZ", "state": "Arizona", "county": "Gila County", "metro": "Payson", "population": 15710, "geo": {"lat": 34.2309, "lon": -111.3251, "tz": "America/Phoenix"}},
  {"name": "Cottonwood", "stateCode": "AZ", "state": "Arizona", "county": "Yavapai County", "metro": "Prescott Valley-Prescott", "population": 12603, "geo": {"lat": 34.7392, "lon": -112.0099, "tz": "America/Phoenix"}},
  {"name": "Sedona", "stateCode": "AZ", "state": "Arizona", "county": "Yavapai County", "metro": "Prescott Valley-Prescott", "population": 10336, "geo": {"lat": 34.8697, "lon": -111.7610, "tz": "America/Phoenix"}},
  {"name": "Safford", "stateCode": "AZ", "state": "Arizona", "county": "Graham County", "metro": "Safford", "population": 9886, "geo": {"lat": 32.8340, "lon": -109.7076, "tz": "America/Phoenix"}},
  {"name": "Page", "stateCode": "AZ", "state": "Arizona", "county": "Coconino County", "metro": "Page", "population": 7440, "geo": {"lat": 36.9147, "lon": -111.4558, "tz": "America/Phoenix"}},
  {"name": "Winslow", "stateCode": "AZ", "state": "Arizona", "county": "Navajo County", "metro": "Winslow", "population": 9005, "geo": {"lat": 35.0242, "lon": -110.6974, "tz": "America/Phoenix"}},
  {"name": "Holbrook", "stateCode": "AZ", "state": "Arizona", "county": "Navajo County", "metro": "Holbrook", "population": 4918, "geo": {"lat": 34.9023, "lon": -110.1579, "tz": "America/Phoenix"}},
  {"name": "Globe", "stateCode": "AZ", "state": "Arizona", "county": "Gila County", "metro": "Globe", "population": 7251, "geo": {"lat": 33.3942, "lon": -110.7865, "tz": "America/Phoenix"}},
  {"name": "Miami", "stateCode": "AZ", "state": "Arizona", "county": "Gila County", "metro": "Globe", "population": 1837, "geo": {"lat": 33.3992, "lon": -110.8687, "tz": "America/Phoenix"}},
  {"name": "Superior", "stateCode": "AZ", "state": "Arizona", "county": "Pinal County", "metro": "Phoenix-Mesa-Chandler", "population": 2837, "geo": {"lat": 33.2937, "lon": -111.0962, "tz": "America/Phoenix"}},
  {"name": "Benson", "stateCode": "AZ", "state": "Arizona", "county": "Cochise County", "metro": "Tucson", "population": 4711, "geo": {"lat": 31.9687, "lon": -110.2946, "tz": "America/Phoenix"}},
  {"name": "Willcox", "stateCode": "AZ", "state": "Arizona", "county": "Cochise County", "metro": "Sierra Vista-Douglas", "population": 3510, "geo": {"lat": 32.2528, "lon": -109.8320, "tz": "America/Phoenix"}},
  {"name": "Bisbee", "stateCode": "AZ", "state": "Arizona", "county": "Cochise County", "metro": "Sierra Vista-Douglas", "population": 5209, "geo": {"lat": 31.4482, "lon": -109.9284, "tz": "America/Phoenix"}},
  {"name": "Tombstone", "stateCode": "AZ", "state": "Arizona", "county": "Cochise County", "metro": "Sierra Vista-Douglas", "population": 1280, "geo": {"lat": 31.7126, "lon": -110.0676, "tz": "America/Phoenix"}},
  {"name": "Clifton", "stateCode": "AZ", "state": "Arizona", "county": "Greenlee County", "metro": "Safford", "population": 3639, "geo": {"lat": 33.0509, "lon": -109.2962, "tz": "America/Phoenix"}},
  {"name": "Duncan", "stateCode": "AZ", "state": "Arizona", "county": "Greenlee County", "metro": "Safford", "population": 696, "geo": {"lat": 32.7195, "lon": -109.0973, "tz": "America/Phoenix"}},
  {"name": "Thatcher", "stateCode": "AZ", "state": "Arizona", "county": "Graham County", "metro": "Safford", "population": 5189, "geo": {"lat": 32.8493, "lon": -109.7590, "tz": "America/Phoenix"}},
  {"name": "Pima", "stateCode": "AZ", "state": "Arizona", "county": "Graham County", "metro": "Safford", "population": 2460, "geo": {"lat": 32.8965, "lon": -109.8287, "tz": "America/Phoenix"}},
  {"name": "Green Valley", "stateCode": "AZ", "state": "Arizona", "county": "Pima County", "metro": "Tucson", "population": 21391, "geo": {"lat": 31.8543, "lon": -110.9934, "tz": "America/Phoenix"}},
  {"name": "Tubac", "stateCode": "AZ", "state": "Arizona", "county": "Santa Cruz County", "metro": "Nogales", "population": 1191, "geo": {"lat": 31.6126, "lon": -111.0459, "tz": "America/Phoenix"}},
  {"name": "Patagonia", "stateCode": "AZ", "state": "Arizona", "county": "Santa Cruz County", "metro": "Nogales", "population": 913, "geo": {"lat": 31.5437, "lon": -110.7540, "tz": "America/Phoenix"}},
  {"name": "Snowflake", "stateCode": "AZ", "state": "Arizona", "county": "Navajo County", "metro": "Show Low", "population": 5903, "geo": {"lat": 34.5131, "lon": -110.0787, "tz": "America/Phoenix"}},
  {"name": "Taylor", "stateCode": "AZ", "state": "Arizona", "county": "Navajo County", "metro": "Show Low", "population": 4112, "geo": {"lat": 34.4653, "lon": -110.0912, "tz": "America/Phoenix"}},
  {"name": "Pinetop-Lakeside", "stateCode": "AZ", "state": "Arizona", "county": "Navajo County", "metro": "Show Low", "population": 4409, "geo": {"lat": 34.1423, "lon": -109.9526, "tz": "America/Phoenix"}},
  {"name": "Eagar", "stateCode": "AZ", "state": "Arizona", "county": "Apache County", "metro": "Show Low", "population": 4885, "geo": {"lat": 34.1106, "lon": -109.2904, "tz": "America/Phoenix"}},
  {"name": "Springerville", "stateCode": "AZ", "state": "Arizona", "county": "Apache County", "metro": "Show Low", "population": 1961, "geo": {"lat": 34.1334, "lon": -109.2835, "tz": "America/Phoenix"}},
  {"name": "St. Johns", "stateCode": "AZ", "state": "Arizona", "county": "Apache County", "metro": "Show Low", "population": 3480, "geo": {"lat": 34.5059, "lon": -109.3609, "tz": "America/Phoenix"}},
  {"name": "Camp Verde", "stateCode": "AZ", "state": "Arizona", "county": "Yavapai County", "metro": "Prescott Valley-Prescott", "population": 11924, "geo": {"lat": 34.5636, "lon": -111.8543, "tz": "America/Phoenix"}},
  {"name": "Clarkdale", "stateCode": "AZ", "state": "Arizona", "county": "Yavapai County", "metro": "Prescott Valley-Prescott", "population": 4512, "geo": {"lat": 34.7714, "lon": -112.0571, "tz": "America/Phoenix"}},
  {"name": "Jerome", "stateCode": "AZ", "state": "Arizona", "county": "Yavapai County", "metro": "Prescott Valley-Prescott", "population": 457, "geo": {"lat": 34.7487, "lon": -112.1138, "tz": "America/Phoenix"}},
  {"name": "Chino Valley", "stateCode": "AZ", "state": "Arizona", "county": "Yavapai County", "metro": "Prescott Valley-Prescott", "population": 13020, "geo": {"lat": 34.7576, "lon": -112.4538, "tz": "America/Phoenix"}},
  {"name": "Dewey-Humboldt", "stateCode": "AZ", "state": "Arizona", "county": "Yavapai County", "metro": "Prescott Valley-Prescott", "population": 4326, "geo": {"lat": 34.5306, "lon": -112.2479, "tz": "America/Phoenix"}},
  {"name": "Wickenburg", "stateCode": "AZ", "state": "Arizona", "county": "Maricopa County", "metro": "Phoenix-Mesa-Chandler", "population": 7748, "geo": {"lat": 33.9687, "lon": -112.7296, "tz": "America/Phoenix"}},
  {"name": "Quartzsite", "stateCode": "AZ", "state": "Arizona", "county": "La Paz County", "metro": "Lake Havasu City-Kingman", "population": 2558, "geo": {"lat": 33.6639, "lon": -114.2290, "tz": "America/Phoenix"}},
  {"name": "Parker", "stateCode": "AZ", "state": "Arizona", "county": "La Paz County", "metro": "Lake Havasu City-Kingman", "population": 3083, "geo": {"lat": 34.1500, "lon": -114.2893, "tz": "America/Phoenix"}},
  {"name": "Williams", "stateCode": "AZ", "state": "Arizona", "county": "Coconino County", "metro": "Flagstaff", "population": 3246, "geo": {"lat": 35.2494, "lon": -112.1910, "tz": "America/Phoenix"}},
  {"name": "Somerton", "stateCode": "AZ", "state": "Arizona", "county": "Yuma County", "metro": "Yuma", "population": 16898, "geo": {"lat": 32.5965, "lon": -114.7098, "tz": "America/Phoenix"}},
  {"name": "Wellton", "stateCode": "AZ", "state": "Arizona", "county": "Yuma County", "metro": "Yuma", "population": 2882, "geo": {"lat": 32.6728, "lon": -114.1468, "tz": "America/Phoenix"}},
  {"name": "San Manuel", "stateCode": "AZ", "state": "Arizona", "county": "Pinal County", "metro": "Tucson", "population": 3551, "geo": {"lat": 32.5998, "lon": -110.6312, "tz": "America/Phoenix"}},
  {"name": "Oracle", "stateCode": "AZ", "state": "Arizona", "county": "Pinal County", "metro": "Tucson", "population": 3686, "geo": {"lat": 32.6101, "lon": -110.7715, "tz": "America/Phoenix"}},
  {"name": "Mammoth", "stateCode": "AZ", "state": "Arizona", "county": "Pinal County", "metro": "Tucson", "population": 1426, "geo": {"lat": 32.7228, "lon": -110.6401, "tz": "America/Phoenix"}},
  {"name": "Kearny", "stateCode": "AZ", "state": "Arizona", "county": "Pinal County", "metro": "Phoenix-Mesa-Chandler", "population": 1950, "geo": {"lat": 33.0573, "lon": -110.9107, "tz": "America/Phoenix"}},
  {"name": "Hayden", "stateCode": "AZ", "state": "Arizona", "county": "Gila County", "metro": "Globe", "population": 662, "geo": {"lat": 33.0059, "lon": -110.7882, "tz": "America/Phoenix"}},
  {"name": "Winkelman", "stateCode": "AZ", "state": "Arizona", "county": "Gila County", "metro": "Globe", "population": 353, "geo": {"lat": 32.9898, "lon": -110.7679, "tz": "America/Phoenix"}},
  {"name": "Litchfield Park", "stateCode": "AZ", "state": "Arizona", "county": "Maricopa County", "metro": "Phoenix-Mesa-Chandler", "population": 6939, "geo": {"lat": 33.4931, "lon": -112.3579, "tz": "America/Phoenix"}},
  {"name": "Tolleson", "stateCode": "AZ", "state": "Arizona", "county": "Maricopa County", "metro": "Phoenix-Mesa-Chandler", "population": 7216, "geo": {"lat": 33.4498, "lon": -112.2563, "tz": "America/Phoenix"}},
  {"name": "Youngtown", "stateCode": "AZ", "state": "Arizona", "county": "Maricopa County", "metro": "Phoenix-Mesa-Chandler", "population": 7056, "geo": {"lat": 33.5939, "lon": -112.2999, "tz": "America/Phoenix"}},
  {"name": "Sun City", "stateCode": "AZ", "state": "Arizona", "county": "Maricopa County", "metro": "Phoenix-Mesa-Chandler", "population": 37499, "geo": {"lat": 33.5978, "lon": -112.2718, "tz": "America/Phoenix"}},
  {"name": "Sun City West", "stateCode": "AZ", "state": "Arizona", "county": "Maricopa County", "metro": "Phoenix-Mesa-Chandler", "population": 26344, "geo": {"lat": 33.6617, "lon": -112.3418, "tz": "America/Phoenix"}},
  {"name": "Sun Lakes", "stateCode": "AZ", "state": "Arizona", "county": "Maricopa County", "metro": "Phoenix-Mesa-Chandler", "population": 14413, "geo": {"lat": 33.2106, "lon": -111.8754, "tz": "America/Phoenix"}},
  {"name": "Anthem", "stateCode": "AZ", "state": "Arizona", "county": "Maricopa County", "metro": "Phoenix-Mesa-Chandler", "population": 26924, "geo": {"lat": 33.8645, "lon": -112.1476, "tz": "America/Phoenix"}},
  {"name": "Cave Creek", "stateCode": "AZ", "state": "Arizona", "county": "Maricopa County", "metro": "Phoenix-Mesa-Chandler", "population": 5778, "geo": {"lat": 33.8317, "lon": -111.9506, "tz": "America/Phoenix"}},
  {"name": "Carefree", "stateCode": "AZ", "state": "Arizona", "county": "Maricopa County", "metro": "Phoenix-Mesa-Chandler", "population": 3690, "geo": {"lat": 33.8220, "lon": -111.9181, "tz": "America/Phoenix"}},
  {"name": "Rio Rico", "stateCode": "AZ", "state": "Arizona", "county": "Santa Cruz County", "metro": "Nogales", "population": 19033, "geo": {"lat": 31.4715, "lon": -110.9762, "tz": "America/Phoenix"}},
  {"name": "Catalina Foothills", "stateCode": "AZ", "state": "Arizona", "county": "Pima County", "metro": "Tucson", "population": 50796, "geo": {"lat": 32.2992, "lon": -110.9220, "tz": "America/Phoenix"}},
  {"name": "Tanque Verde", "stateCode": "AZ", "state": "Arizona", "county": "Pima County", "metro": "Tucson", "population": 15698, "geo": {"lat": 32.2539, "lon": -110.7379, "tz": "America/Phoenix"}},
  {"name": "Flowing Wells", "stateCode": "AZ", "state": "Arizona", "county": "Pima County", "metro": "Tucson", "population": 16419, "geo": {"lat": 32.2937, "lon": -111.0107, "tz": "America/Phoenix"}},
  {"name": "Drexel Heights", "stateCode": "AZ", "state": "Arizona", "county": "Pima County", "metro": "Tucson", "population": 30070, "geo": {"lat": 32.1409, "lon": -111.0201, "tz": "America/Phoenix"}},
  {"name": "Picture Rocks", "stateCode": "AZ", "state": "Arizona", "county": "Pima County", "metro": "Tucson", "population": 8964, "geo": {"lat": 32.3453, "lon": -111.2454, "tz": "America/Phoenix"}},
  {"name": "Catalina", "stateCode": "AZ", "state": "Arizona", "county": "Pima County", "metro": "Tucson", "population": 7025, "geo": {"lat": 32.5059, "lon": -110.9212, "tz": "America/Phoenix"}},
  {"name": "South Tucson", "stateCode": "AZ", "state": "Arizona", "county": "Pima County", "metro": "Tucson", "population": 5652, "geo": {"lat": 32.1959, "lon": -110.9687, "tz": "America/Phoenix"}},
  {"name": "Ajo", "stateCode": "AZ", "state": "Arizona", "county": "Pima County", "metro": "Tucson", "population": 2750, "geo": {"lat": 32.3717, "lon": -112.8607, "tz": "America/Phoenix"}},
  {"name": "Sells", "stateCode": "AZ", "state": "Arizona", "county": "Pima County", "metro": "Tucson", "population": 2799, "geo": {"lat": 31.9120, "lon": -111.8812, "tz": "America/Phoenix"}},
  {"name": "Why", "stateCode": "AZ", "state": "Arizona", "county": "Pima County", "metro": "Tucson", "population": 116, "geo": {"lat": 32.2673, "lon": -112.7479, "tz": "America/Phoenix"}},
  {"name": "Lukeville", "stateCode": "AZ", "state": "Arizona", "county": "Pima County", "metro": "Tucson", "population": 35, "geo": {"lat": 31.8787, "lon": -112.8193, "tz": "America/Phoenix"}},
  {"name": "Fort Mohave", "stateCode": "AZ", "state": "Arizona", "county": "Mohave County", "metro": "Lake Havasu City-Kingman", "population": 16244, "geo": {"lat": 35.0173, "lon": -114.5871, "tz": "America/Phoenix"}},
  {"name": "Golden Valley", "stateCode": "AZ", "state": "Arizona", "county": "Mohave County", "metro": "Lake Havasu City-Kingman", "population": 8523, "geo": {"lat": 35.2237, "lon": -114.2223, "tz": "America/Phoenix"}},
  {"name": "Dolan Springs", "stateCode": "AZ", "state": "Arizona", "county": "Mohave County", "metro": "Lake Havasu City-Kingman", "population": 2017, "geo": {"lat": 35.5917, "lon": -114.2757, "tz": "America/Phoenix"}},
  {"name": "Meadview", "stateCode": "AZ", "state": "Arizona", "county": "Mohave County", "metro": "Lake Havasu City-Kingman", "population": 1570, "geo": {"lat": 36.0017, "lon": -114.0682, "tz": "America/Phoenix"}},
  {"name": "Peach Springs", "stateCode": "AZ", "state": "Arizona", "county": "Mohave County", "metro": "Lake Havasu City-Kingman", "population": 600, "geo": {"lat": 35.5292, "lon": -113.4254, "tz": "America/Phoenix"}},
  {"name": "Colorado City", "stateCode": "AZ", "state": "Arizona", "county": "Mohave County", "metro": "Lake Havasu City-Kingman", "population": 4821, "geo": {"lat": 36.9903, "lon": -112.9752, "tz": "America/Denver"}},
  {"name": "Fredonia", "stateCode": "AZ", "state": "Arizona", "county": "Coconino County", "metro": "Flagstaff", "population": 1314, "geo": {"lat": 36.9453, "lon": -112.5268, "tz": "America/Denver"}},
  {"name": "Marble Canyon", "stateCode": "AZ", "state": "Arizona", "county": "Coconino County", "metro": "Flagstaff", "population": 238, "geo": {"lat": 36.8160, "lon": -111.6374, "tz": "America/Phoenix"}},
  {"name": "Tusayan", "stateCode": "AZ", "state": "Arizona", "county": "Coconino County", "metro": "Flagstaff", "population": 558, "geo": {"lat": 35.9745, "lon": -112.1215, "tz": "America/Phoenix"}},
  {"name": "Grand Canyon Village", "stateCode": "AZ", "state": "Arizona", "county": "Coconino County", "metro": "Flagstaff", "population": 2004, "geo": {"lat": 36.0544, "lon": -112.1401, "tz": "America/Phoenix"}},
  {"name": "Tuba City", "stateCode": "AZ", "state": "Arizona", "county": "Coconino County", "metro": "Flagstaff", "population": 8611, "geo": {"lat": 36.1350, "lon": -111.2393, "tz": "America/Phoenix"}},
  {"name": "Kayenta", "stateCode": "AZ", "state": "Arizona", "county": "Navajo County", "metro": "Navajo Nation", "population": 5189, "geo": {"lat": 36.7275, "lon": -110.2546, "tz": "America/Phoenix"}},
  {"name": "Chinle", "stateCode": "AZ", "state": "Arizona", "county": "Apache County", "metro": "Navajo Nation", "population": 4518, "geo": {"lat": 36.1531, "lon": -109.5526, "tz": "America/Phoenix"}},
  {"name": "Window Rock", "stateCode": "AZ", "state": "Arizona", "county": "Apache County", "metro": "Navajo Nation", "population": 2716, "geo": {"lat": 35.6807, "lon": -109.0526, "tz": "America/Phoenix"}},
  {"name": "Fort Defiance", "stateCode": "AZ", "state": "Arizona", "county": "Apache County", "metro": "Navajo Nation", "population": 3624, "geo": {"lat": 35.7448, "lon": -109.0754, "tz": "America/Phoenix"}},
  {"name": "Ganado", "stateCode": "AZ", "state": "Arizona", "county": "Apache County", "metro": "Navajo Nation", "population": 1210, "geo": {"lat": 35.7114, "lon": -109.5432, "tz": "America/Phoenix"}},
  {"name": "Sanders", "stateCode": "AZ", "state": "Arizona", "county": "Apache County", "metro": "Holbrook", "population": 616, "geo": {"lat": 35.2134, "lon": -109.3340, "tz": "America/Phoenix"}},
  {"name": "San Carlos", "stateCode": "AZ", "state": "Arizona", "county": "Gila County", "metro": "Globe", "population": 4001, "geo": {"lat": 33.3459, "lon": -110.4551, "tz": "America/Phoenix"}},
  {"name": "Bylas", "stateCode": "AZ", "state": "Arizona", "county": "Graham County", "metro": "Safford", "population": 1492, "geo": {"lat": 33.1345, "lon": -109.9554, "tz": "America/Phoenix"}},
  {"name": "Peridot", "stateCode": "AZ", "state": "Arizona", "county": "Gila County", "metro": "Globe", "population": 1491, "geo": {"lat": 33.3109, "lon": -110.4540, "tz": "America/Phoenix"}},
  {"name": "Whiteriver", "stateCode": "AZ", "state": "Arizona", "county": "Navajo County", "metro": "Show Low", "population": 5029, "geo": {"lat": 33.8370, "lon": -109.9626, "tz": "America/Phoenix"}},
  {"name": "Cibecue", "stateCode": "AZ", "state": "Arizona", "county": "Navajo County", "metro": "Show Low", "population": 2450, "geo": {"lat": 34.0459, "lon": -110.4879, "tz": "America/Phoenix"}},
  {"name": "McNary", "stateCode": "AZ", "state": "Arizona", "county": "Apache County", "metro": "Show Low", "population": 320, "geo": {"lat": 34.0812, "lon": -109.8501, "tz": "America/Phoenix"}},
  {"name": "Heber-Overgaard", "stateCode": "AZ", "state": "Arizona", "county": "Navajo County", "metro": "Show Low", "population": 2863, "geo": {"lat": 34.4145, "lon": -110.5618, "tz": "America/Phoenix"}},
  {"name": "Pine", "stateCode": "AZ", "state": "Arizona", "county": "Gila County", "metro": "Payson", "population": 1963, "geo": {"lat": 34.3848, "lon": -111.4570, "tz": "America/Phoenix"}},
  {"name": "Strawberry", "stateCode": "AZ", "state": "Arizona", "county": "Gila County", "metro": "Payson", "population": 961, "geo": {"lat": 34.3956, "lon": -111.4965, "tz": "America/Phoenix"}},
  {"name": "Star Valley", "stateCode": "AZ", "state": "Arizona", "county": "Gila County", "metro": "Payson", "population": 2310, "geo": {"lat": 34.2559, "lon": -111.2587, "tz": "America/Phoenix"}},
  {"name": "Tonto Basin", "stateCode": "AZ", "state": "Arizona", "county": "Gila County", "metro": "Payson", "population": 1182, "geo": {"lat": 33.8293, "lon": -111.2948, "tz": "America/Phoenix"}},
  {"name": "Punkin Center", "stateCode": "AZ", "state": "Arizona", "county": "Gila County", "metro": "Payson", "population": 734, "geo": {"lat": 33.7598, "lon": -111.2268, "tz": "America/Phoenix"}},
  {"name": "Young", "stateCode": "AZ", "state": "Arizona", "county": "Gila County", "metro": "Payson", "population": 560, "geo": {"lat": 34.1034, "lon": -110.9571, "tz": "America/Phoenix"}},
  {"name": "Fort McDowell", "stateCode": "AZ", "state": "Arizona", "county": "Maricopa County", "metro": "Phoenix-Mesa-Chandler", "population": 971, "geo": {"lat": 33.6206, "lon": -111.6701, "tz": "America/Phoenix"}},
  {"name": "Guadalupe", "stateCode": "AZ", "state": "Arizona", "county": "Maricopa County", "metro": "Phoenix-Mesa-Chandler", "population": 6177, "geo": {"lat": 33.3681, "lon": -111.9626, "tz": "America/Phoenix"}},
  {"name": "Salt River", "stateCode": "AZ", "state": "Arizona", "county": "Maricopa County", "metro": "Phoenix-Mesa-Chandler", "population": 7373, "geo": {"lat": 33.5353, "lon": -111.6526, "tz": "America/Phoenix"}},
  {"name": "Gila Bend", "stateCode": "AZ", "state": "Arizona", "county": "Maricopa County", "metro": "Phoenix-Mesa-Chandler", "population": 1922, "geo": {"lat": 32.9478, "lon": -112.7168, "tz": "America/Phoenix"}},
  {"name": "Aguila", "stateCode": "AZ", "state": "Arizona", "county": "Maricopa County", "metro": "Phoenix-Mesa-Chandler", "population": 829, "geo": {"lat": 33.9431, "lon": -113.1673, "tz": "America/Phoenix"}},
  {"name": "Wittmann", "stateCode": "AZ", "state": "Arizona", "county": "Maricopa County", "metro": "Phoenix-Mesa-Chandler", "population": 770, "geo": {"lat": 33.7639, "lon": -112.5207, "tz": "America/Phoenix"}},
  {"name": "Morristown", "stateCode": "AZ", "state": "Arizona", "county": "Maricopa County", "metro": "Phoenix-Mesa-Chandler", "population": 227, "geo": {"lat": 33.8556, "lon": -112.5835, "tz": "America/Phoenix"}},
  {"name": "Congress", "stateCode": "AZ", "state": "Arizona", "county": "Yavapai County", "metro": "Prescott Valley-Prescott", "population": 2004, "geo": {"lat": 34.1612, "lon": -112.8543, "tz": "America/Phoenix"}},
  {"name": "Yarnell", "stateCode": "AZ", "state": "Arizona", "county": "Yavapai County", "metro": "Prescott Valley-Prescott", "population": 645, "geo": {"lat": 34.2267, "lon": -112.7535, "tz": "America/Phoenix"}},
  {"name": "Bagdad", "stateCode": "AZ", "state": "Arizona", "county": "Yavapai County", "metro": "Prescott Valley-Prescott", "population": 1578, "geo": {"lat": 34.5812, "lon": -113.2082, "tz": "America/Phoenix"}},
  {"name": "Mayer", "stateCode": "AZ", "state": "Arizona", "county": "Yavapai County", "metro": "Prescott Valley-Prescott", "population": 1456, "geo": {"lat": 34.3898, "lon": -112.2354, "tz": "America/Phoenix"}},
  {"name": "Cordes Lakes", "stateCode": "AZ", "state": "Arizona", "county": "Yavapai County", "metro": "Prescott Valley-Prescott", "population": 3034, "geo": {"lat": 34.3056, "lon": -112.1004, "tz": "America/Phoenix"}},
  {"name": "Black Canyon City", "stateCode": "AZ", "state": "Arizona", "county": "Yavapai County", "metro": "Prescott Valley-Prescott", "population": 2837, "geo": {"lat": 34.0706, "lon": -112.1507, "tz": "America/Phoenix"}},
  {"name": "New River", "stateCode": "AZ", "state": "Arizona", "county": "Maricopa County", "metro": "Phoenix-Mesa-Chandler", "population": 16656, "geo": {"lat": 33.9114, "lon": -112.1351, "tz": "America/Phoenix"}},
  {"name": "Desert Hills", "stateCode": "AZ", "state": "Arizona", "county": "Maricopa County", "metro": "Phoenix-Mesa-Chandler", "population": 3180, "geo": {"lat": 33.8417, "lon": -112.0893, "tz": "America/Phoenix"}},
  {"name": "Rio Verde", "stateCode": "AZ", "state": "Arizona", "county": "Maricopa County", "metro": "Phoenix-Mesa-Chandler", "population": 2040, "geo": {"lat": 33.7220, "lon": -111.6712, "tz": "America/Phoenix"}},
  {"name": "Fort Apache", "stateCode": "AZ", "state": "Arizona", "county": "Navajo County", "metro": "Show Low", "population": 392, "geo": {"lat": 33.7945, "lon": -109.9898, "tz": "America/Phoenix"}},
  {"name": "Sacaton", "stateCode": "AZ", "state": "Arizona", "county": "Pinal County", "metro": "Phoenix-Mesa-Chandler", "population": 1687, "geo": {"lat": 33.0773, "lon": -111.7387, "tz": "America/Phoenix"}},
  {"name": "Stanfield", "stateCode": "AZ", "state": "Arizona", "county": "Pinal County", "metro": "Phoenix-Mesa-Chandler", "population": 501, "geo": {"lat": 32.8792, "lon": -111.9596, "tz": "America/Phoenix"}},
  {"name": "Arizona City", "stateCode": "AZ", "state": "Arizona", "county": "Pinal County", "metro": "Phoenix-Mesa-Chandler", "population": 11853, "geo": {"lat": 32.7550, "lon": -111.6712, "tz": "America/Phoenix"}},
  {"name": "Red Rock", "stateCode": "AZ", "state": "Arizona", "county": "Pinal County", "metro": "Tucson", "population": 2676, "geo": {"lat": 32.5212, "lon": -111.3082, "tz": "America/Phoenix"}},
  {"name": "Gold Canyon", "stateCode": "AZ", "state": "Arizona", "county": "Pinal County", "metro": "Phoenix-Mesa-Chandler", "population": 11640, "geo": {"lat": 33.3695, "lon": -111.4318, "tz": "America/Phoenix"}},
  {"name": "San Tan Valley", "stateCode": "AZ", "state": "Arizona", "county": "Pinal County", "metro": "Phoenix-Mesa-Chandler", "population": 104936, "geo": {"lat": 33.1917, "lon": -111.5362, "tz": "America/Phoenix"}}
]
