[
  {"name": "Denver", "stateCode": "CO", "state": "Colorado", "county": "Denver County", "metro": "Denver-Aurora-Lakewood", "population": 715522, "geo": {"lat": 39.7392, "lon": -104.9903, "tz": "America/Denver"}},
  {"name": "Colorado Springs", "stateCode": "CO", "state": "Colorado", "county": "El Paso County", "metro": "Colorado Springs", "population": 478961, "geo": {"lat": 38.8339, "lon": -104.8214, "tz": "America/Denver"}},
  {"name": "Aurora", "stateCode": "CO", "state": "Colorado", "county": "Arapahoe County", "metro": "Denver-Aurora-Lakewood", "population": 386261, "geo": {"lat": 39.7294, "lon": -104.8319, "tz": "America/Denver"}},
  {"name": "Fort Collins", "stateCode": "CO", "state": "Colorado", "county": "Larimer County", "metro": "Fort Collins", "population": 169810, "geo": {"lat": 40.5853, "lon": -105.0844, "tz": "America/Denver"}},
  {"name": "Lakewood", "stateCode": "CO", "state": "Colorado", "county": "Jefferson County", "metro": "Denver-Aurora-Lakewood", "population": 155984, "geo": {"lat": 39.7047, "lon": -105.0814, "tz": "America/Denver"}},
  {"name": "Thornton", "stateCode": "CO", "state": "Colorado", "county": "Adams County", "metro": "Denver-Aurora-Lakewood", "population": 141867, "geo": {"lat": 39.8681, "lon": -104.9719, "tz": "America/Denver"}},
  {"name": "Arvada", "stateCode": "CO", "state": "Colorado", "county": "Jefferson County", "metro": "Denver-Aurora-Lakewood", "population": 124402, "geo": {"lat": 39.8028, "lon": -105.0875, "tz": "America/Denver"}},
  {"name": "Westminster", "stateCode": "CO", "state": "Colorado", "county": "Adams County", "metro": "Denver-Aurora-Lakewood", "population": 116317, "geo": {"lat": 39.8367, "lon": -105.0372, "tz": "America/Denver"}},
  {"name": "Pueblo", "stateCode": "CO", "state": "Colorado", "county": "Pueblo County", "metro": "Pueblo", "population": 111876, "geo": {"lat": 38.2545, "lon": -104.6091, "tz": "America/Denver"}},
  {"name": "Greeley", "stateCode": "CO", "state": "Colorado", "county": "Weld County", "metro": "Greeley", "population": 108795, "geo": {"lat": 40.4233, "lon": -104.7091, "tz": "America/Denver"}},
  {"name": "Centennial", "stateCode": "CO", "state": "Colorado", "county": "Arapahoe County", "metro": "Denver-Aurora-Lakewood", "population": 108418, "geo": {"lat": 39.5807, "lon": -104.8772, "tz": "America/Denver"}},
  {"name": "Boulder", "stateCode": "CO", "state": "Colorado", "county": "Boulder County", "metro": "Boulder", "population": 105485, "geo": {"lat": 40.0150, "lon": -105.2705, "tz": "America/Denver"}},
  {"name": "Longmont", "stateCode": "CO", "state": "Colorado", "county": "Boulder County", "metro": "Boulder", "population": 98885, "geo": {"lat": 40.1672, "lon": -105.1019, "tz": "America/Denver"}},
  {"name": "Loveland", "stateCode": "CO", "state": "Colorado", "county": "Larimer County", "metro": "Fort Collins", "population": 76378, "geo": {"lat": 40.3978, "lon": -105.0750, "tz": "America/Denver"}},
  {"name": "Broomfield", "stateCode": "CO", "state": "Colorado", "county": "Broomfield County", "metro": "Denver-Aurora-Lakewood", "population": 74112, "geo": {"lat": 39.9205, "lon": -105.0867, "tz": "America/Denver"}},
  {"name": "Castle Rock", "stateCode": "CO", "state": "Colorado", "county": "Douglas County", "metro": "Denver-Aurora-Lakewood", "population": 73158, "geo": {"lat": 39.3722, "lon": -104.8561, "tz": "America/Denver"}},
  {"name": "Commerce City", "stateCode": "CO", "state": "Colorado", "county": "Adams County", "metro": "Denver-Aurora-Lakewood", "population": 62339, "geo": {"lat": 39.8083, "lon": -104.9339, "tz": "America/Denver"}},
  {"name": "Parker", "stateCode": "CO", "state": "Colorado", "county": "Douglas County", "metro": "Denver-Aurora-Lakewood", "population": 58512, "geo": {"lat": 39.5186, "lon": -104.7614, "tz": "America/Denver"}},
  {"name": "Littleton", "stateCode": "CO", "state": "Colorado", "county": "Arapahoe County", "metro": "Denver-Aurora-Lakewood", "population": 47017, "geo": {"lat": 39.6133, "lon": -105.0166, "tz": "America/Denver"}},
  {"name": "Northglenn", "stateCode": "CO", "state": "Colorado", "county": "Adams County", "metro": "Denver-Aurora-Lakewood", "population": 39187, "geo": {"lat": 39.8853, "lon": -104.9872, "tz": "America/Denver"}},
  {"name": "Brighton", "stateCode": "CO", "state": "Colorado", "county": "Adams County", "metro": "Denver-Aurora-Lakewood", "population": 42258, "geo": {"lat": 39.9853, "lon": -104.8206, "tz": "America/Denver"}},
  {"name": "Englewood", "stateCode": "CO", "state": "Colorado", "county": "Arapahoe County", "metro": "Denver-Aurora-Lakewood", "population": 35198, "geo": {"lat": 39.6478, "lon": -104.9878, "tz": "America/Denver"}},
  {"name": "Wheat Ridge", "stateCode": "CO", "state": "Colorado", "county": "Jefferson County", "metro": "Denver-Aurora-Lakewood", "population": 32358, "geo": {"lat": 39.7661, "lon": -105.0772, "tz": "America/Denver"}},
  {"name": "Golden", "stateCode": "CO", "state": "Colorado", "county": "Jefferson County", "metro": "Denver-Aurora-Lakewood", "population": 20913, "geo": {"lat": 39.7555, "lon": -105.2211, "tz": "America/Denver"}},
  {"name": "Grand Junction", "stateCode": "CO", "state": "Colorado", "county": "Mesa County", "metro": "Grand Junction", "population": 65560, "geo": {"lat": 39.0639, "lon": -108.5506, "tz": "America/Denver"}},
  {"name": "Durango", "stateCode": "CO", "state": "Colorado", "county": "La Plata County", "metro": "Durango", "population": 19414, "geo": {"lat": 37.2753, "lon": -107.8801, "tz": "America/Denver"}},
  {"name": "Aspen", "stateCode": "CO", "state": "Colorado", "county": "Pitkin County", "metro": "Glenwood Springs", "population": 7721, "geo": {"lat": 39.1911, "lon": -106.8175, "tz": "America/Denver"}},
  {"name": "Vail", "stateCode": "CO", "state": "Colorado", "county": "Eagle County", "metro": "Edwards", "population": 5614, "geo": {"lat": 39.6403, "lon": -106.3742, "tz": "America/Denver"}},
  {"name": "Steamboat Springs", "stateCode": "CO", "state": "Colorado", "county": "Routt County", "metro": "Steamboat Springs", "population": 13214, "geo": {"lat": 40.4850, "lon": -106.8317, "tz": "America/Denver"}},
  {"name": "Telluride", "stateCode": "CO", "state": "Colorado", "county": "San Miguel County", "metro": "Telluride", "population": 2607, "geo": {"lat": 37.9375, "lon": -107.8123, "tz": "America/Denver"}},
  {"name": "Breckenridge", "stateCode": "CO", "state": "Colorado", "county": "Summit County", "metro": "Breckenridge", "population": 5078, "geo": {"lat": 39.4817, "lon": -106.0384, "tz": "America/Denver"}},
  {"name": "Estes Park", "stateCode": "CO", "state": "Colorado", "county": "Larimer County", "metro": "Fort Collins", "population": 6504, "geo": {"lat": 40.3772, "lon": -105.5217, "tz": "America/Denver"}},
  {"name": "Cherry Hills Village", "stateCode": "CO", "state": "Colorado", "county": "Arapahoe County", "metro": "Denver-Aurora-Lakewood", "population": 6654, "geo": {"lat": 39.6417, "lon": -104.9583, "tz": "America/Denver"}},
  {"name": "Highlands Ranch", "stateCode": "CO", "state": "Colorado", "county": "Douglas County", "metro": "Denver-Aurora-Lakewood", "population": 105128, "geo": {"lat": 39.5536, "lon": -104.9697, "tz": "America/Denver"}}
]
