[
  {"name": "Jacksonville", "stateCode": "FL", "state": "Florida", "county": "Duval County", "metro": "Jacksonville", "population": 949611, "geo": {"lat": 30.3322, "lon": -81.6557, "tz": "America/New_York"}},
  {"name": "Miami", "stateCode": "FL", "state": "Florida", "county": "Miami-Dade County", "metro": "Miami-Fort Lauderdale-Pompano Beach", "population": 442241, "geo": {"lat": 25.7617, "lon": -80.1918, "tz": "America/New_York"}},
  {"name": "Tampa", "stateCode": "FL", "state": "Florida", "county": "Hillsborough County", "metro": "Tampa-St. Petersburg-Clearwater", "population": 384959, "geo": {"lat": 27.9506, "lon": -82.4572, "tz": "America/New_York"}},
  {"name": "Orlando", "stateCode": "FL", "state": "Florida", "county": "Orange County", "metro": "Orlando-Kissimmee-Sanford", "population": 307573, "geo": {"lat": 28.5383, "lon": -81.3792, "tz": "America/New_York"}},
  {"name": "St. Petersburg", "stateCode": "FL", "state": "Florida", "county": "Pinellas County", "metro": "Tampa-St. Petersburg-Clearwater", "population": 258308, "geo": {"lat": 27.7676, "lon": -82.6403, "tz": "America/New_York"}},
  {"name": "Hialeah", "stateCode": "FL", "state": "Florida", "county": "Miami-Dade County", "metro": "Miami-Fort Lauderdale-Pompano Beach", "population": 223109, "geo": {"lat": 25.8576, "lon": -80.2781, "tz": "America/New_York"}},
  {"name": "Port St. Lucie", "stateCode": "FL", "state": "Florida", "county": "St. Lucie County", "metro": "Port St. Lucie", "population": 204851, "geo": {"lat": 27.2730, "lon": -80.3582, "tz": "America/New_York"}},
  {"name": "Cape Coral", "stateCode": "FL", "state": "Florida", "county": "Lee County", "metro": "Cape Coral-Fort Myers", "population": 194016, "geo": {"lat": 26.5629, "lon": -81.9495, "tz": "America/New_York"}},
  {"name": "Tallahassee", "stateCode": "FL", "state": "Florida", "county": "Leon County", "metro": "Tallahassee", "population": 196169, "geo": {"lat": 30.4383, "lon": -84.2807, "tz": "America/New_York"}},
  {"name": "Fort Lauderdale", "stateCode": "FL", "state": "Florida", "county": "Broward County", "metro": "Miami-Fort Lauderdale-Pompano Beach", "population": 182760, "geo": {"lat": 26.1224, "lon": -80.1373, "tz": "America/New_York"}},
  {"name": "Pembroke Pines", "stateCode": "FL", "state": "Florida", "county": "Broward County", "metro": "Miami-Fort Lauderdale-Pompano Beach", "population": 171178, "geo": {"lat": 26.0128, "lon": -80.2239, "tz": "America/New_York"}},
  {"name": "Hollywood", "stateCode": "FL", "state": "Florida", "county": "Broward County", "metro": "Miami-Fort Lauderdale-Pompano Beach", "population": 153627, "geo": {"lat": 26.0112, "lon": -80.1495, "tz": "America/New_York"}},
  {"name": "Gainesville", "stateCode": "FL", "state": "Florida", "county": "Alachua County", "metro": "Gainesville", "population": 141085, "geo": {"lat": 29.6516, "lon": -82.3248, "tz": "America/New_York"}},
  {"name": "Miramar", "stateCode": "FL", "state": "Florida", "county": "Broward County", "metro": "Miami-Fort Lauderdale-Pompano Beach", "population": 140823, "geo": {"lat": 25.9860, "lon": -80.2323, "tz": "America/New_York"}},
  {"name": "Coral Springs", "stateCode": "FL", "state": "Florida", "county": "Broward County", "metro": "Miami-Fort Lauderdale-Pompano Beach", "population": 134394, "geo": {"lat": 26.2712, "lon": -80.2706, "tz": "America/New_York"}},
  {"name": "Palm Bay", "stateCode": "FL", "state": "Florida", "county": "Brevard County", "metro": "Palm Bay-Melbourne-Titusville", "population": 119760, "geo": {"lat": 28.0345, "lon": -80.5887, "tz": "America/New_York"}},
  {"name": "West Palm Beach", "stateCode": "FL", "state": "Florida", "county": "Palm Beach County", "metro": "Miami-Fort Lauderdale-Pompano Beach", "population": 117415, "geo": {"lat": 26.7153, "lon": -80.0534, "tz": "America/New_York"}},
  {"name": "Clearwater", "stateCode": "FL", "state": "Florida", "county": "Pinellas County", "metro": "Tampa-St. Petersburg-Clearwater", "population": 117292, "geo": {"lat": 27.9659, "lon": -82.8001, "tz": "America/New_York"}},
  {"name": "Lakeland", "stateCode": "FL", "state": "Florida", "county": "Polk County", "metro": "Lakeland-Winter Haven", "population": 112641, "geo": {"lat": 28.0395, "lon": -81.9498, "tz": "America/New_York"}},
  {"name": "Pompano Beach", "stateCode": "FL", "state": "Florida", "county": "Broward County", "metro": "Miami-Fort Lauderdale-Pompano Beach", "population": 112046, "geo": {"lat": 26.2379, "lon": -80.1248, "tz": "America/New_York"}},
  {"name": "Miami Gardens", "stateCode": "FL", "state": "Florida", "county": "Miami-Dade County", "metro": "Miami-Fort Lauderdale-Pompano Beach", "population": 111640, "geo": {"lat": 25.9420, "lon": -80.2456, "tz": "America/New_York"}},
  {"name": "Davie", "stateCode": "FL", "state": "Florida", "county": "Broward County", "metro": "Miami-Fort Lauderdale-Pompano Beach", "population": 105691, "geo": {"lat": 26.0765, "lon": -80.2521, "tz": "America/New_York"}},
  {"name": "Boca Raton", "stateCode": "FL", "state": "Florida", "county": "Palm Beach County", "metro": "Miami-Fort Lauderdale-Pompano Beach", "population": 99805, "geo": {"lat": 26.3683, "lon": -80.1289, "tz": "America/New_York"}},
  {"name": "Sunrise", "stateCode": "FL", "state": "Florida", "county": "Broward County", "metro": "Miami-Fort Lauderdale-Pompano Beach", "population": 97335, "geo": {"lat": 26.1339, "lon": -80.1131, "tz": "America/New_York"}},
  {"name": "Plantation", "stateCode": "FL", "state": "Florida", "county": "Broward County", "metro": "Miami-Fort Lauderdale-Pompano Beach", "population": 94580, "geo": {"lat": 26.1276, "lon": -80.2331, "tz": "America/New_York"}},
  {"name": "Deltona", "stateCode": "FL", "state": "Florida", "county": "Volusia County", "metro": "Deltona-Daytona Beach-Ormond Beach", "population": 91847, "geo": {"lat": 28.9005, "lon": -81.2637, "tz": "America/New_York"}},
  {"name": "Fort Myers", "stateCode": "FL", "state": "Florida", "county": "Lee County", "metro": "Cape Coral-Fort Myers", "population": 92245, "geo": {"lat": 26.6406, "lon": -81.8723, "tz": "America/New_York"}},
  {"name": "Melbourne", "stateCode": "FL", "state": "Florida", "county": "Brevard County", "metro": "Palm Bay-Melbourne-Titusville", "population": 86068, "geo": {"lat": 28.0836, "lon": -80.6081, "tz": "America/New_York"}},
  {"name": "Miami Beach", "stateCode": "FL", "state": "Florida", "county": "Miami-Dade County", "metro": "Miami-Fort Lauderdale-Pompano Beach", "population": 82890, "geo": {"lat": 25.7907, "lon": -80.1300, "tz": "America/New_York"}},
  {"name": "Largo", "stateCode": "FL", "state": "Florida", "county": "Pinellas County", "metro": "Tampa-St. Petersburg-Clearwater", "population": 84948, "geo": {"lat": 27.9095, "lon": -82.7873, "tz": "America/New_York"}},
  {"name": "Deerfield Beach", "stateCode": "FL", "state": "Florida", "county": "Broward County", "metro": "Miami-Fort Lauderdale-Pompano Beach", "population": 80089, "geo": {"lat": 26.3184, "lon": -80.0998, "tz": "America/New_York"}},
  {"name": "Palm Coast", "stateCode": "FL", "state": "Florida", "county": "Flagler County", "metro": "Palm Coast", "population": 88489, "geo": {"lat": 29.5844, "lon": -81.2079, "tz": "America/New_York"}},
  {"name": "Boynton Beach", "stateCode": "FL", "state": "Florida", "county": "Palm Beach County", "metro": "Miami-Fort Lauderdale-Pompano Beach", "population": 80380, "geo": {"lat": 26.5254, "lon": -80.0662, "tz": "America/New_York"}},
  {"name": "Lauderhill", "stateCode": "FL", "state": "Florida", "county": "Broward County", "metro": "Miami-Fort Lauderdale-Pompano Beach", "population": 74486, "geo": {"lat": 26.1404, "lon": -80.2134, "tz": "America/New_York"}},
  {"name": "Weston", "stateCode": "FL", "state": "Florida", "county": "Broward County", "metro": "Miami-Fort Lauderdale-Pompano Beach", "population": 71166, "geo": {"lat": 26.1004, "lon": -80.3998, "tz": "America/New_York"}},
  {"name": "Kissimmee", "stateCode": "FL", "state": "Florida", "county": "Osceola County", "metro": "Orlando-Kissimmee-Sanford", "population": 79226, "geo": {"lat": 28.2920, "lon": -81.4076, "tz": "America/New_York"}},
  {"name": "Homestead", "stateCode": "FL", "state": "Florida", "county": "Miami-Dade County", "metro": "Miami-Fort Lauderdale-Pompano Beach", "population": 80110, "geo": {"lat": 25.4687, "lon": -80.4776, "tz": "America/New_York"}},
  {"name": "Delray Beach", "stateCode": "FL", "state": "Florida", "county": "Palm Beach County", "metro": "Miami-Fort Lauderdale-Pompano Beach", "population": 69451, "geo": {"lat": 26.4615, "lon": -80.0728, "tz": "America/New_York"}},
  {"name": "Tamarac", "stateCode": "FL", "state": "Florida", "county": "Broward County", "metro": "Miami-Fort Lauderdale-Pompano Beach", "population": 71897, "geo": {"lat": 26.2128, "lon": -80.2498, "tz": "America/New_York"}},
  {"name": "Daytona Beach", "stateCode": "FL", "state": "Florida", "county": "Volusia County", "metro": "Deltona-Daytona Beach-Ormond Beach", "population": 72647, "geo": {"lat": 29.2108, "lon": -81.0228, "tz": "America/New_York"}},
  {"name": "Wellington", "stateCode": "FL", "state": "Florida", "county": "Palm Beach County", "metro": "Miami-Fort Lauderdale-Pompano Beach", "population": 67864, "geo": {"lat": 26.6618, "lon": -80.2684, "tz": "America/New_York"}},
  {"name": "Jupiter", "stateCode": "FL", "state": "Florida", "county": "Palm Beach County", "metro": "Miami-Fort Lauderdale-Pompano Beach", "population": 65791, "geo": {"lat": 26.9342, "lon": -80.0942, "tz": "America/New_York"}},
  {"name": "North Miami", "stateCode": "FL", "state": "Florida", "county": "Miami-Dade County", "metro": "Miami-Fort Lauderdale-Pompano Beach", "population": 62822, "geo": {"lat": 25.8900, "lon": -80.1867, "tz": "America/New_York"}},
  {"name": "Ocala", "stateCode": "FL", "state": "Florida", "county": "Marion County", "metro": "Ocala", "population": 63591, "geo": {"lat": 29.1872, "lon": -82.1401, "tz": "America/New_York"}},
  {"name": "Port Orange", "stateCode": "FL", "state": "Florida", "county": "Volusia County", "metro": "Deltona-Daytona Beach-Ormond Beach", "population": 64583, "geo": {"lat": 29.1383, "lon": -80.9956, "tz": "America/New_York"}},
  {"name": "Margate", "stateCode": "FL", "state": "Florida", "county": "Broward County", "metro": "Miami-Fort Lauderdale-Pompano Beach", "population": 58802, "geo": {"lat": 26.2445, "lon": -80.2064, "tz": "America/New_York"}},
  {"name": "Coconut Creek", "stateCode": "FL", "state": "Florida", "county": "Broward County", "metro": "Miami-Fort Lauderdale-Pompano Beach", "population": 60898, "geo": {"lat": 26.2517, "lon": -80.1789, "tz": "America/New_York"}},
  {"name": "Sarasota", "stateCode": "FL", "state": "Florida", "county": "Sarasota County", "metro": "North Port-Sarasota-Bradenton", "population": 57787, "geo": {"lat": 27.3364, "lon": -82.5307, "tz": "America/New_York"}},
  {"name": "Pensacola", "stateCode": "FL", "state": "Florida", "county": "Escambia County", "metro": "Pensacola-Ferry Pass-Brent", "population": 54312, "geo": {"lat": 30.4213, "lon": -87.2169, "tz": "America/Chicago"}},
  {"name": "Bradenton", "stateCode": "FL", "state": "Florida", "county": "Manatee County", "metro": "North Port-Sarasota-Bradenton", "population": 59439, "geo": {"lat": 27.4989, "lon": -82.5748, "tz": "America/New_York"}},
  {"name": "Palm Beach Gardens", "stateCode": "FL", "state": "Florida", "county": "Palm Beach County", "metro": "Miami-Fort Lauderdale-Pompano Beach", "population": 58258, "geo": {"lat": 26.8234, "lon": -80.1387, "tz": "America/New_York"}},
  {"name": "Sanford", "stateCode": "FL", "state": "Florida", "county": "Seminole County", "metro": "Orlando-Kissimmee-Sanford", "population": 63249, "geo": {"lat": 28.8001, "lon": -81.2731, "tz": "America/New_York"}},
  {"name": "Naples", "stateCode": "FL", "state": "Florida", "county": "Collier County", "metro": "Naples-Marco Island", "population": 22088, "geo": {"lat": 26.1420, "lon": -81.7948, "tz": "America/New_York"}},
  {"name": "Key West", "stateCode": "FL", "state": "Florida", "county": "Monroe County", "metro": "Key West", "population": 24649, "geo": {"lat": 24.5551, "lon": -81.7800, "tz": "America/New_York"}},
  {"name": "Winter Park", "stateCode": "FL", "state": "Florida", "county": "Orange County", "metro": "Orlando-Kissimmee-Sanford", "population": 30208, "geo": {"lat": 28.5999, "lon": -81.3392, "tz": "America/New_York"}},
  {"name": "Aventura", "stateCode": "FL", "state": "Florida", "county": "Miami-Dade County", "metro": "Miami-Fort Lauderdale-Pompano Beach", "population": 40242, "geo": {"lat": 25.9565, "lon": -80.1392, "tz": "America/New_York"}},
  {"name": "Coral Gables", "stateCode": "FL", "state": "Florida", "county": "Miami-Dade County", "metro": "Miami-Fort Lauderdale-Pompano Beach", "population": 49631, "geo": {"lat": 25.7215, "lon": -80.2684, "tz": "America/New_York"}},
  {"name": "Doral", "stateCode": "FL", "state": "Florida", "county": "Miami-Dade County", "metro": "Miami-Fort Lauderdale-Pompano Beach", "population": 62367, "geo": {"lat": 25.8195, "lon": -80.3553, "tz": "America/New_York"}},
  {"name": "St. Augustine", "stateCode": "FL", "state": "Florida", "county": "St. Johns County", "metro": "Jacksonville", "population": 14523, "geo": {"lat": 29.8947, "lon": -81.3145, "tz": "America/New_York"}},
  {"name": "Ponte Vedra Beach", "stateCode": "FL", "state": "Florida", "county": "St. Johns County", "metro": "Jacksonville", "population": 29495, "geo": {"lat": 30.2397, "lon": -81.3856, "tz": "America/New_York"}},
  {"name": "Orange Park", "stateCode": "FL", "state": "Florida", "county": "Clay County", "metro": "Jacksonville", "population": 9182, "geo": {"lat": 30.1661, "lon": -81.7065, "tz": "America/New_York"}},
  {"name": "Fernandina Beach", "stateCode": "FL", "state": "Florida", "county": "Nassau County", "metro": "Jacksonville", "population": 12508, "geo": {"lat": 30.6699, "lon": -81.4626, "tz": "America/New_York"}},
  {"name": "Green Cove Springs", "stateCode": "FL", "state": "Florida", "county": "Clay County", "metro": "Jacksonville", "population": 9003, "geo": {"lat": 29.9919, "lon": -81.6787, "tz": "America/New_York"}},
  {"name": "Palatka", "stateCode": "FL", "state": "Florida", "county": "Putnam County", "metro": "Palatka", "population": 10140, "geo": {"lat": 29.6486, "lon": -81.6376, "tz": "America/New_York"}},
  {"name": "Ormond Beach", "stateCode": "FL", "state": "Florida", "county": "Volusia County", "metro": "Deltona-Daytona Beach-Ormond Beach", "population": 43327, "geo": {"lat": 29.2858, "lon": -81.0559, "tz": "America/New_York"}},
  {"name": "New Smyrna Beach", "stateCode": "FL", "state": "Florida", "county": "Volusia County", "metro": "Deltona-Daytona Beach-Ormond Beach", "population": 27844, "geo": {"lat": 29.0258, "lon": -80.9270, "tz": "America/New_York"}},
  {"name": "Edgewater", "stateCode": "FL", "state": "Florida", "county": "Volusia County", "metro": "Deltona-Daytona Beach-Ormond Beach", "population": 23294, "geo": {"lat": 28.9889, "lon": -80.9023, "tz": "America/New_York"}},
  {"name": "DeLand", "stateCode": "FL", "state": "Florida", "county": "Volusia County", "metro": "Deltona-Daytona Beach-Ormond Beach", "population": 36062, "geo": {"lat": 29.0283, "lon": -81.3031, "tz": "America/New_York"}},
  {"name": "Titusville", "stateCode": "FL", "state": "Florida", "county": "Brevard County", "metro": "Palm Bay-Melbourne-Titusville", "population": 48762, "geo": {"lat": 28.6122, "lon": -80.8076, "tz": "America/New_York"}},
  {"name": "Cocoa", "stateCode": "FL", "state": "Florida", "county": "Brevard County", "metro": "Palm Bay-Melbourne-Titusville", "population": 20195, "geo": {"lat": 28.3861, "lon": -80.7420, "tz": "America/New_York"}},
  {"name": "Cocoa Beach", "stateCode": "FL", "state": "Florida", "county": "Brevard County", "metro": "Palm Bay-Melbourne-Titusville", "population": 11546, "geo": {"lat": 28.3200, "lon": -80.6076, "tz": "America/New_York"}},
  {"name": "Merritt Island", "stateCode": "FL", "state": "Florida", "county": "Brevard County", "metro": "Palm Bay-Melbourne-Titusville", "population": 34743, "geo": {"lat": 28.5392, "lon": -80.6717, "tz": "America/New_York"}},
  {"name": "Rockledge", "stateCode": "FL", "state": "Florida", "county": "Brevard County", "metro": "Palm Bay-Melbourne-Titusville", "population": 27739, "geo": {"lat": 28.3506, "lon": -80.7253, "tz": "America/New_York"}},
  {"name": "Satellite Beach", "stateCode": "FL", "state": "Florida", "county": "Brevard County", "metro": "Palm Bay-Melbourne-Titusville", "population": 11257, "geo": {"lat": 28.1761, "lon": -80.5900, "tz": "America/New_York"}},
  {"name": "Indian Harbour Beach", "stateCode": "FL", "state": "Florida", "county": "Brevard County", "metro": "Palm Bay-Melbourne-Titusville", "population": 9056, "geo": {"lat": 28.1522, "lon": -80.5867, "tz": "America/New_York"}},
  {"name": "Vero Beach", "stateCode": "FL", "state": "Florida", "county": "Indian River County", "metro": "Sebastian-Vero Beach", "population": 17163, "geo": {"lat": 27.6386, "lon": -80.3973, "tz": "America/New_York"}},
  {"name": "Sebastian", "stateCode": "FL", "state": "Florida", "county": "Indian River County", "metro": "Sebastian-Vero Beach", "population": 25718, "geo": {"lat": 27.8164, "lon": -80.4706, "tz": "America/New_York"}},
  {"name": "Fort Pierce", "stateCode": "FL", "state": "Florida", "county": "St. Lucie County", "metro": "Port St. Lucie", "population": 46117, "geo": {"lat": 27.4467, "lon": -80.3256, "tz": "America/New_York"}},
  {"name": "Stuart", "stateCode": "FL", "state": "Florida", "county": "Martin County", "metro": "Port St. Lucie", "population": 16923, "geo": {"lat": 27.1976, "lon": -80.2528, "tz": "America/New_York"}},
  {"name": "Okeechobee", "stateCode": "FL", "state": "Florida", "county": "Okeechobee County", "metro": "Okeechobee", "population": 5621, "geo": {"lat": 27.2439, "lon": -80.8298, "tz": "America/New_York"}},
  {"name": "Belle Glade", "stateCode": "FL", "state": "Florida", "county": "Palm Beach County", "metro": "Miami-Fort Lauderdale-Pompano Beach", "population": 19628, "geo": {"lat": 26.6845, "lon": -80.6676, "tz": "America/New_York"}},
  {"name": "Pahokee", "stateCode": "FL", "state": "Florida", "county": "Palm Beach County", "metro": "Miami-Fort Lauderdale-Pompano Beach", "population": 5756, "geo": {"lat": 26.8206, "lon": -80.6659, "tz": "America/New_York"}},
  {"name": "Clewiston", "stateCode": "FL", "state": "Florida", "county": "Hendry County", "metro": "Clewiston", "population": 7386, "geo": {"lat": 26.7542, "lon": -80.9337, "tz": "America/New_York"}},
  {"name": "Immokalee", "stateCode": "FL", "state": "Florida", "county": "Collier County", "metro": "Naples-Marco Island", "population": 28060, "geo": {"lat": 26.4187, "lon": -81.4173, "tz": "America/New_York"}},
  {"name": "Marco Island", "stateCode": "FL", "state": "Florida", "county": "Collier County", "metro": "Naples-Marco Island", "population": 17963, "geo": {"lat": 25.9412, "lon": -81.7187, "tz": "America/New_York"}},
  {"name": "Bonita Springs", "stateCode": "FL", "state": "Florida", "county": "Lee County", "metro": "Cape Coral-Fort Myers", "population": 57755, "geo": {"lat": 26.3398, "lon": -81.7787, "tz": "America/New_York"}},
  {"name": "Estero", "stateCode": "FL", "state": "Florida", "county": "Lee County", "metro": "Cape Coral-Fort Myers", "population": 33240, "geo": {"lat": 26.4381, "lon": -81.8068, "tz": "America/New_York"}},
  {"name": "Lehigh Acres", "stateCode": "FL", "state": "Florida", "county": "Lee County", "metro": "Cape Coral-Fort Myers", "population": 124523, "geo": {"lat": 26.6253, "lon": -81.6248, "tz": "America/New_York"}},
  {"name": "Sanibel", "stateCode": "FL", "state": "Florida", "county": "Lee County", "metro": "Cape Coral-Fort Myers", "population": 6469, "geo": {"lat": 26.4520, "lon": -82.0887, "tz": "America/New_York"}},
  {"name": "Captiva", "stateCode": "FL", "state": "Florida", "county": "Lee County", "metro": "Cape Coral-Fort Myers", "population": 291, "geo": {"lat": 26.5281, "lon": -82.1851, "tz": "America/New_York"}},
  {"name": "North Fort Myers", "stateCode": "FL", "state": "Florida", "county": "Lee County", "metro": "Cape Coral-Fort Myers", "population": 50917, "geo": {"lat": 26.7145, "lon": -81.8501, "tz": "America/New_York"}},
  {"name": "Pine Island", "stateCode": "FL", "state": "Florida", "county": "Lee County", "metro": "Cape Coral-Fort Myers", "population": 9303, "geo": {"lat": 26.6209, "lon": -82.1151, "tz": "America/New_York"}},
  {"name": "Punta Gorda", "stateCode": "FL", "state": "Florida", "county": "Charlotte County", "metro": "Punta Gorda", "population": 20072, "geo": {"lat": 26.9298, "lon": -82.0454, "tz": "America/New_York"}},
  {"name": "Port Charlotte", "stateCode": "FL", "state": "Florida", "county": "Charlotte County", "metro": "Punta Gorda", "population": 62600, "geo": {"lat": 26.9759, "lon": -82.0904, "tz": "America/New_York"}},
  {"name": "North Port", "stateCode": "FL", "state": "Florida", "county": "Sarasota County", "metro": "North Port-Sarasota-Bradenton", "population": 74793, "geo": {"lat": 27.0442, "lon": -82.2359, "tz": "America/New_York"}},
  {"name": "Venice", "stateCode": "FL", "state": "Florida", "county": "Sarasota County", "metro": "North Port-Sarasota-Bradenton", "population": 24384, "geo": {"lat": 27.0998, "lon": -82.4543, "tz": "America/New_York"}},
  {"name": "Englewood", "stateCode": "FL", "state": "Florida", "county": "Sarasota County", "metro": "North Port-Sarasota-Bradenton", "population": 21521, "geo": {"lat": 26.9620, "lon": -82.3526, "tz": "America/New_York"}},
  {"name": "Longboat Key", "stateCode": "FL", "state": "Florida", "county": "Manatee County", "metro": "North Port-Sarasota-Bradenton", "population": 7603, "geo": {"lat": 27.4128, "lon": -82.6576, "tz": "America/New_York"}},
  {"name": "Anna Maria", "stateCode": "FL", "state": "Florida", "county": "Manatee County", "metro": "North Port-Sarasota-Bradenton", "population": 1503, "geo": {"lat": 27.5311, "lon": -82.7326, "tz": "America/New_York"}},
  {"name": "Holmes Beach", "stateCode": "FL", "state": "Florida", "county": "Manatee County", "metro": "North Port-Sarasota-Bradenton", "population": 4016, "geo": {"lat": 27.4942, "lon": -82.7109, "tz": "America/New_York"}},
  {"name": "Palmetto", "stateCode": "FL", "state": "Florida", "county": "Manatee County", "metro": "North Port-Sarasota-Bradenton", "population": 13953, "geo": {"lat": 27.5214, "lon": -82.5726, "tz": "America/New_York"}},
  {"name": "Ellenton", "stateCode": "FL", "state": "Florida", "county": "Manatee County", "metro": "North Port-Sarasota-Bradenton", "population": 5234, "geo": {"lat": 27.5222, "lon": -82.5268, "tz": "America/New_York"}},
  {"name": "Ruskin", "stateCode": "FL", "state": "Florida", "county": "Hillsborough County", "metro": "Tampa-St. Petersburg-Clearwater", "population": 17208, "geo": {"lat": 27.7206, "lon": -82.4326, "tz": "America/New_York"}},
  {"name": "Sun City Center", "stateCode": "FL", "state": "Florida", "county": "Hillsborough County", "metro": "Tampa-St. Petersburg-Clearwater", "population": 26063, "geo": {"lat": 27.7178, "lon": -82.3518, "tz": "America/New_York"}},
  {"name": "Apollo Beach", "stateCode": "FL", "state": "Florida", "county": "Hillsborough County", "metro": "Tampa-St. Petersburg-Clearwater", "population": 23489, "geo": {"lat": 27.7714, "lon": -82.4076, "tz": "America/New_York"}},
  {"name": "Brandon", "stateCode": "FL", "state": "Florida", "county": "Hillsborough County", "metro": "Tampa-St. Petersburg-Clearwater", "population": 114626, "geo": {"lat": 27.9378, "lon": -82.2859, "tz": "America/New_York"}},
  {"name": "Riverview", "stateCode": "FL", "state": "Florida", "county": "Hillsborough County", "metro": "Tampa-St. Petersburg-Clearwater", "population": 95027, "geo": {"lat": 27.8661, "lon": -82.3268, "tz": "America/New_York"}},
  {"name": "Valrico", "stateCode": "FL", "state": "Florida", "county": "Hillsborough County", "metro": "Tampa-St. Petersburg-Clearwater", "population": 40285, "geo": {"lat": 27.9381, "lon": -82.2373, "tz": "America/New_York"}},
  {"name": "Plant City", "stateCode": "FL", "state": "Florida", "county": "Hillsborough County", "metro": "Tampa-St. Petersburg-Clearwater", "population": 40370, "geo": {"lat": 28.0147, "lon": -82.1306, "tz": "America/New_York"}},
  {"name": "Temple Terrace", "stateCode": "FL", "state": "Florida", "county": "Hillsborough County", "metro": "Tampa-St. Petersburg-Clearwater", "population": 26515, "geo": {"lat": 28.0353, "lon": -82.3893, "tz": "America/New_York"}},
  {"name": "Lutz", "stateCode": "FL", "state": "Florida", "county": "Hillsborough County", "metro": "Tampa-St. Petersburg-Clearwater", "population": 22871, "geo": {"lat": 28.1508, "lon": -82.4615, "tz": "America/New_York"}},
  {"name": "Wesley Chapel", "stateCode": "FL", "state": "Florida", "county": "Pasco County", "metro": "Tampa-St. Petersburg-Clearwater", "population": 67869, "geo": {"lat": 28.2397, "lon": -82.3273, "tz": "America/New_York"}},
  {"name": "New Port Richey", "stateCode": "FL", "state": "Florida", "county": "Pasco County", "metro": "Tampa-St. Petersburg-Clearwater", "population": 17058, "geo": {"lat": 28.2442, "lon": -82.7193, "tz": "America/New_York"}},
  {"name": "Port Richey", "stateCode": "FL", "state": "Florida", "county": "Pasco County", "metro": "Tampa-St. Petersburg-Clearwater", "population": 2881, "geo": {"lat": 28.2714, "lon": -82.7193, "tz": "America/New_York"}},
  {"name": "Hudson", "stateCode": "FL", "state": "Florida", "county": "Pasco County", "metro": "Tampa-St. Petersburg-Clearwater", "population": 12046, "geo": {"lat": 28.3642, "lon": -82.6934, "tz": "America/New_York"}},
  {"name": "Spring Hill", "stateCode": "FL", "state": "Florida", "county": "Hernando County", "metro": "Tampa-St. Petersburg-Clearwater", "population": 113742, "geo": {"lat": 28.4789, "lon": -82.5276, "tz": "America/New_York"}},
  {"name": "Brooksville", "stateCode": "FL", "state": "Florida", "county": "Hernando County", "metro": "Tampa-St. Petersburg-Clearwater", "population": 8476, "geo": {"lat": 28.5553, "lon": -82.3879, "tz": "America/New_York"}},
  {"name": "Weeki Wachee", "stateCode": "FL", "state": "Florida", "county": "Hernando County", "metro": "Tampa-St. Petersburg-Clearwater", "population": 12, "geo": {"lat": 28.5172, "lon": -82.5723, "tz": "America/New_York"}},
  {"name": "Homosassa", "stateCode": "FL", "state": "Florida", "county": "Citrus County", "metro": "Homosassa Springs", "population": 2757, "geo": {"lat": 28.7814, "lon": -82.6154, "tz": "America/New_York"}},
  {"name": "Crystal River", "stateCode": "FL", "state": "Florida", "county": "Citrus County", "metro": "Homosassa Springs", "population": 3485, "geo": {"lat": 28.9025, "lon": -82.5926, "tz": "America/New_York"}},
  {"name": "Inverness", "stateCode": "FL", "state": "Florida", "county": "Citrus County", "metro": "Homosassa Springs", "population": 7517, "geo": {"lat": 28.8361, "lon": -82.3301, "tz": "America/New_York"}},
  {"name": "Beverly Hills", "stateCode": "FL", "state": "Florida", "county": "Citrus County", "metro": "Homosassa Springs", "population": 9245, "geo": {"lat": 28.9170, "lon": -82.4568, "tz": "America/New_York"}},
  {"name": "Dunnellon", "stateCode": "FL", "state": "Florida", "county": "Marion County", "metro": "Ocala", "population": 2013, "geo": {"lat": 29.0497, "lon": -82.4615, "tz": "America/New_York"}},
  {"name": "Belleview", "stateCode": "FL", "state": "Florida", "county": "Marion County", "metro": "Ocala", "population": 5439, "geo": {"lat": 29.0561, "lon": -82.0615, "tz": "America/New_York"}},
  {"name": "The Villages", "stateCode": "FL", "state": "Florida", "county": "Sumter County", "metro": "The Villages", "population": 79077, "geo": {"lat": 28.9347, "lon": -82.0051, "tz": "America/New_York"}},
  {"name": "Wildwood", "stateCode": "FL", "state": "Florida", "county": "Sumter County", "metro": "The Villages", "population": 7436, "geo": {"lat": 28.8653, "lon": -82.0401, "tz": "America/New_York"}},
  {"name": "Leesburg", "stateCode": "FL", "state": "Florida", "county": "Lake County", "metro": "The Villages", "population": 26227, "geo": {"lat": 28.8108, "lon": -81.8779, "tz": "America/New_York"}},
  {"name": "Tavares", "stateCode": "FL", "state": "Florida", "county": "Lake County", "metro": "Orlando-Kissimmee-Sanford", "population": 18114, "geo": {"lat": 28.8042, "lon": -81.7257, "tz": "America/New_York"}},
  {"name": "Mount Dora", "stateCode": "FL", "state": "Florida", "county": "Lake County", "metro": "Orlando-Kissimmee-Sanford", "population": 15699, "geo": {"lat": 28.8025, "lon": -81.6445, "tz": "America/New_York"}},
  {"name": "Eustis", "stateCode": "FL", "state": "Florida", "county": "Lake County", "metro": "Orlando-Kissimmee-Sanford", "population": 21281, "geo": {"lat": 28.8528, "lon": -81.6854, "tz": "America/New_York"}},
  {"name": "Clermont", "stateCode": "FL", "state": "Florida", "county": "Lake County", "metro": "Orlando-Kissimmee-Sanford", "population": 43021, "geo": {"lat": 28.5494, "lon": -81.7729, "tz": "America/New_York"}},
  {"name": "Minneola", "stateCode": "FL", "state": "Florida", "county": "Lake County", "metro": "Orlando-Kissimmee-Sanford", "population": 12927, "geo": {"lat": 28.5744, "lon": -81.7462, "tz": "America/New_York"}},
  {"name": "Groveland", "stateCode": "FL", "state": "Florida", "county": "Lake County", "metro": "Orlando-Kissimmee-Sanford", "population": 16153, "geo": {"lat": 28.5578, "lon": -81.8512, "tz": "America/New_York"}},
  {"name": "Apopka", "stateCode": "FL", "state": "Florida", "county": "Orange County", "metro": "Orlando-Kissimmee-Sanford", "population": 57512, "geo": {"lat": 28.6934, "lon": -81.5322, "tz": "America/New_York"}},
  {"name": "Ocoee", "stateCode": "FL", "state": "Florida", "county": "Orange County", "metro": "Orlando-Kissimmee-Sanford", "population": 47992, "geo": {"lat": 28.5692, "lon": -81.5437, "tz": "America/New_York"}},
  {"name": "Winter Garden", "stateCode": "FL", "state": "Florida", "county": "Orange County", "metro": "Orlando-Kissimmee-Sanford", "population": 46053, "geo": {"lat": 28.5653, "lon": -81.5862, "tz": "America/New_York"}},
  {"name": "Windermere", "stateCode": "FL", "state": "Florida", "county": "Orange County", "metro": "Orlando-Kissimmee-Sanford", "population": 3522, "geo": {"lat": 28.4956, "lon": -81.5348, "tz": "America/New_York"}},
  {"name": "Bay Lake", "stateCode": "FL", "state": "Florida", "county": "Orange County", "metro": "Orlando-Kissimmee-Sanford", "population": 47, "geo": {"lat": 28.3908, "lon": -81.5584, "tz": "America/New_York"}},
  {"name": "Lake Buena Vista", "stateCode": "FL", "state": "Florida", "county": "Orange County", "metro": "Orlando-Kissimmee-Sanford", "population": 24, "geo": {"lat": 28.3772, "lon": -81.5217, "tz": "America/New_York"}},
  {"name": "Celebration", "stateCode": "FL", "state": "Florida", "county": "Osceola County", "metro": "Orlando-Kissimmee-Sanford", "population": 11178, "geo": {"lat": 28.3253, "lon": -81.5334, "tz": "America/New_York"}},
  {"name": "St. Cloud", "stateCode": "FL", "state": "Florida", "county": "Osceola County", "metro": "Orlando-Kissimmee-Sanford", "population": 53691, "geo": {"lat": 28.2489, "lon": -81.2812, "tz": "America/New_York"}},
  {"name": "Poinciana", "stateCode": "FL", "state": "Florida", "county": "Osceola County", "metro": "Orlando-Kissimmee-Sanford", "population": 68432, "geo": {"lat": 28.1406, "lon": -81.4584, "tz": "America/New_York"}},
  {"name": "Haines City", "stateCode": "FL", "state": "Florida", "county": "Polk County", "metro": "Lakeland-Winter Haven", "population": 28088, "geo": {"lat": 28.1142, "lon": -81.6179, "tz": "America/New_York"}},
  {"name": "Winter Haven", "stateCode": "FL", "state": "Florida", "county": "Polk County", "metro": "Lakeland-Winter Haven", "population": 48233, "geo": {"lat": 28.0222, "lon": -81.7329, "tz": "America/New_York"}},
  {"name": "Auburndale", "stateCode": "FL", "state": "Florida", "county": "Polk County", "metro": "Lakeland-Winter Haven", "population": 17568, "geo": {"lat": 28.0639, "lon": -81.7887, "tz": "America/New_York"}},
  {"name": "Lake Wales", "stateCode": "FL", "state": "Florida", "county": "Polk County", "metro": "Lakeland-Winter Haven", "population": 16638, "geo": {"lat": 27.9014, "lon": -81.5859, "tz": "America/New_York"}},
  {"name": "Frostproof", "stateCode": "FL", "state": "Florida", "county": "Polk County", "metro": "Lakeland-Winter Haven", "population": 3179, "geo": {"lat": 27.7467, "lon": -81.5306, "tz": "America/New_York"}},
  {"name": "Bartow", "stateCode": "FL", "state": "Florida", "county": "Polk County", "metro": "Lakeland-Winter Haven", "population": 20258, "geo": {"lat": 27.8964, "lon": -81.8432, "tz": "America/New_York"}},
  {"name": "Mulberry", "stateCode": "FL", "state": "Florida", "county": "Polk County", "metro": "Lakeland-Winter Haven", "population": 4158, "geo": {"lat": 27.8953, "lon": -81.9737, "tz": "America/New_York"}},
  {"name": "Fort Meade", "stateCode": "FL", "state": "Florida", "county": "Polk County", "metro": "Lakeland-Winter Haven", "population": 6133, "geo": {"lat": 27.7517, "lon": -81.8018, "tz": "America/New_York"}},
  {"name": "Avon Park", "stateCode": "FL", "state": "Florida", "county": "Highlands County", "metro": "Sebring-Avon Park", "population": 10753, "geo": {"lat": 27.5958, "lon": -81.5062, "tz": "America/New_York"}},
  {"name": "Sebring", "stateCode": "FL", "state": "Florida", "county": "Highlands County", "metro": "Sebring-Avon Park", "population": 10454, "geo": {"lat": 27.4956, "lon": -81.4409, "tz": "America/New_York"}},
  {"name": "Lake Placid", "stateCode": "FL", "state": "Florida", "county": "Highlands County", "metro": "Sebring-Avon Park", "population": 2223, "geo": {"lat": 27.2928, "lon": -81.3626, "tz": "America/New_York"}},
  {"name": "Arcadia", "stateCode": "FL", "state": "Florida", "county": "DeSoto County", "metro": "Arcadia", "population": 8037, "geo": {"lat": 27.2156, "lon": -81.8587, "tz": "America/New_York"}},
  {"name": "Wauchula", "stateCode": "FL", "state": "Florida", "county": "Hardee County", "metro": "Wauchula", "population": 5042, "geo": {"lat": 27.5483, "lon": -81.8115, "tz": "America/New_York"}},
  {"name": "Zephyrhills", "stateCode": "FL", "state": "Florida", "county": "Pasco County", "metro": "Tampa-St. Petersburg-Clearwater", "population": 16760, "geo": {"lat": 28.2336, "lon": -82.1812, "tz": "America/New_York"}},
  {"name": "Dade City", "stateCode": "FL", "state": "Florida", "county": "Pasco County", "metro": "Tampa-St. Petersburg-Clearwater", "population": 7532, "geo": {"lat": 28.3647, "lon": -82.1962, "tz": "America/New_York"}},
  {"name": "Pinellas Park", "stateCode": "FL", "state": "Florida", "county": "Pinellas County", "metro": "Tampa-St. Petersburg-Clearwater", "population": 53637, "geo": {"lat": 27.8428, "lon": -82.6995, "tz": "America/New_York"}},
  {"name": "Seminole", "stateCode": "FL", "state": "Florida", "county": "Pinellas County", "metro": "Tampa-St. Petersburg-Clearwater", "population": 18772, "geo": {"lat": 27.8397, "lon": -82.7912, "tz": "America/New_York"}},
  {"name": "Dunedin", "stateCode": "FL", "state": "Florida", "county": "Pinellas County", "metro": "Tampa-St. Petersburg-Clearwater", "population": 36475, "geo": {"lat": 28.0197, "lon": -82.7718, "tz": "America/New_York"}},
  {"name": "Safety Harbor", "stateCode": "FL", "state": "Florida", "county": "Pinellas County", "metro": "Tampa-St. Petersburg-Clearwater", "population": 17892, "geo": {"lat": 28.0058, "lon": -82.6923, "tz": "America/New_York"}},
  {"name": "Oldsmar", "stateCode": "FL", "state": "Florida", "county": "Pinellas County", "metro": "Tampa-St. Petersburg-Clearwater", "population": 15285, "geo": {"lat": 28.0339, "lon": -82.6651, "tz": "America/New_York"}},
  {"name": "Tarpon Springs", "stateCode": "FL", "state": "Florida", "county": "Pinellas County", "metro": "Tampa-St. Petersburg-Clearwater", "population": 25562, "geo": {"lat": 28.1461, "lon": -82.7568, "tz": "America/New_York"}},
  {"name": "Palm Harbor", "stateCode": "FL", "state": "Florida", "county": "Pinellas County", "metro": "Tampa-St. Petersburg-Clearwater", "population": 61564, "geo": {"lat": 28.0786, "lon": -82.7637, "tz": "America/New_York"}},
  {"name": "Indian Rocks Beach", "stateCode": "FL", "state": "Florida", "county": "Pinellas County", "metro": "Tampa-St. Petersburg-Clearwater", "population": 4233, "geo": {"lat": 27.8867, "lon": -82.8501, "tz": "America/New_York"}},
  {"name": "Clearwater Beach", "stateCode": "FL", "state": "Florida", "county": "Pinellas County", "metro": "Tampa-St. Petersburg-Clearwater", "population": 7500, "geo": {"lat": 27.9781, "lon": -82.8268, "tz": "America/New_York"}},
  {"name": "Treasure Island", "stateCode": "FL", "state": "Florida", "county": "Pinellas County", "metro": "Tampa-St. Petersburg-Clearwater", "population": 6932, "geo": {"lat": 27.7664, "lon": -82.7693, "tz": "America/New_York"}},
  {"name": "Madeira Beach", "stateCode": "FL", "state": "Florida", "county": "Pinellas County", "metro": "Tampa-St. Petersburg-Clearwater", "population": 4256, "geo": {"lat": 27.7978, "lon": -82.7973, "tz": "America/New_York"}},
  {"name": "St. Pete Beach", "stateCode": "FL", "state": "Florida", "county": "Pinellas County", "metro": "Tampa-St. Petersburg-Clearwater", "population": 9838, "geo": {"lat": 27.7253, "lon": -82.7412, "tz": "America/New_York"}},
  {"name": "Gulfport", "stateCode": "FL", "state": "Florida", "county": "Pinellas County", "metro": "Tampa-St. Petersburg-Clearwater", "population": 12334, "geo": {"lat": 27.7478, "lon": -82.7034, "tz": "America/New_York"}},
  {"name": "South Pasadena", "stateCode": "FL", "state": "Florida", "county": "Pinellas County", "metro": "Tampa-St. Petersburg-Clearwater", "population": 5086, "geo": {"lat": 27.7553, "lon": -82.7376, "tz": "America/New_York"}},
  {"name": "Kenneth City", "stateCode": "FL", "state": "Florida", "county": "Pinellas County", "metro": "Tampa-St. Petersburg-Clearwater", "population": 5039, "geo": {"lat": 27.8156, "lon": -82.7201, "tz": "America/New_York"}},
  {"name": "Belleair", "stateCode": "FL", "state": "Florida", "county": "Pinellas County", "metro": "Tampa-St. Petersburg-Clearwater", "population": 4130, "geo": {"lat": 27.9356, "lon": -82.8076, "tz": "America/New_York"}},
  {"name": "Gulf Breeze", "stateCode": "FL", "state": "Florida", "county": "Santa Rosa County", "metro": "Pensacola-Ferry Pass-Brent", "population": 6798, "geo": {"lat": 30.3572, "lon": -87.1639, "tz": "America/Chicago"}},
  {"name": "Navarre", "stateCode": "FL", "state": "Florida", "county": "Santa Rosa County", "metro": "Pensacola-Ferry Pass-Brent", "population": 44269, "geo": {"lat": 30.4019, "lon": -86.8636, "tz": "America/Chicago"}},
  {"name": "Milton", "stateCode": "FL", "state": "Florida", "county": "Santa Rosa County", "metro": "Pensacola-Ferry Pass-Brent", "population": 10200, "geo": {"lat": 30.6324, "lon": -87.0397, "tz": "America/Chicago"}},
  {"name": "Pace", "stateCode": "FL", "state": "Florida", "county": "Santa Rosa County", "metro": "Pensacola-Ferry Pass-Brent", "population": 22163, "geo": {"lat": 30.6022, "lon": -87.1619, "tz": "America/Chicago"}},
  {"name": "Fort Walton Beach", "stateCode": "FL", "state": "Florida", "county": "Okaloosa County", "metro": "Crestview-Fort Walton Beach-Destin", "population": 22287, "geo": {"lat": 30.4206, "lon": -86.6189, "tz": "America/Chicago"}},
  {"name": "Destin", "stateCode": "FL", "state": "Florida", "county": "Okaloosa County", "metro": "Crestview-Fort Walton Beach-Destin", "population": 14067, "geo": {"lat": 30.3936, "lon": -86.4614, "tz": "America/Chicago"}},
  {"name": "Niceville", "stateCode": "FL", "state": "Florida", "county": "Okaloosa County", "metro": "Crestview-Fort Walton Beach-Destin", "population": 15684, "geo": {"lat": 30.5169, "lon": -86.4822, "tz": "America/Chicago"}},
  {"name": "Crestview", "stateCode": "FL", "state": "Florida", "county": "Okaloosa County", "metro": "Crestview-Fort Walton Beach-Destin", "population": 27731, "geo": {"lat": 30.7621, "lon": -86.5706, "tz": "America/Chicago"}},
  {"name": "Mary Esther", "stateCode": "FL", "state": "Florida", "county": "Okaloosa County", "metro": "Crestview-Fort Walton Beach-Destin", "population": 4057, "geo": {"lat": 30.4139, "lon": -86.6647, "tz": "America/Chicago"}},
  {"name": "Shalimar", "stateCode": "FL", "state": "Florida", "county": "Okaloosa County", "metro": "Crestview-Fort Walton Beach-Destin", "population": 780, "geo": {"lat": 30.4428, "lon": -86.5792, "tz": "America/Chicago"}},
  {"name": "Panama City", "stateCode": "FL", "state": "Florida", "county": "Bay County", "metro": "Panama City", "population": 36484, "geo": {"lat": 30.1588, "lon": -85.6602, "tz": "America/Chicago"}},
  {"name": "Panama City Beach", "stateCode": "FL", "state": "Florida", "county": "Bay County", "metro": "Panama City", "population": 12018, "geo": {"lat": 30.1766, "lon": -85.8055, "tz": "America/Chicago"}},
  {"name": "Lynn Haven", "stateCode": "FL", "state": "Florida", "county": "Bay County", "metro": "Panama City", "population": 20961, "geo": {"lat": 30.2455, "lon": -85.6483, "tz": "America/Chicago"}},
  {"name": "Callaway", "stateCode": "FL", "state": "Florida", "county": "Bay County", "metro": "Panama City", "population": 15116, "geo": {"lat": 30.1530, "lon": -85.5699, "tz": "America/Chicago"}},
  {"name": "Marianna", "stateCode": "FL", "state": "Florida", "county": "Jackson County", "metro": "Marianna", "population": 6102, "geo": {"lat": 30.7744, "lon": -85.2269, "tz": "America/Chicago"}},
  {"name": "Defuniak Springs", "stateCode": "FL", "state": "Florida", "county": "Walton County", "metro": "Crestview-Fort Walton Beach-Destin", "population": 6623, "geo": {"lat": 30.7213, "lon": -86.1158, "tz": "America/Chicago"}},
  {"name": "Santa Rosa Beach", "stateCode": "FL", "state": "Florida", "county": "Walton County", "metro": "Crestview-Fort Walton Beach-Destin", "population": 13093, "geo": {"lat": 30.3930, "lon": -86.2208, "tz": "America/Chicago"}},
  {"name": "Chipley", "stateCode": "FL", "state": "Florida", "county": "Washington County", "metro": "Chipley", "population": 3604, "geo": {"lat": 30.7816, "lon": -85.5388, "tz": "America/Chicago"}},
  {"name": "Bonifay", "stateCode": "FL", "state": "Florida", "county": "Holmes County", "metro": "Bonifay", "population": 2629, "geo": {"lat": 30.7919, "lon": -85.6797, "tz": "America/Chicago"}},
  {"name": "Quincy", "stateCode": "FL", "state": "Florida", "county": "Gadsden County", "metro": "Tallahassee", "population": 7272, "geo": {"lat": 30.5872, "lon": -84.5833, "tz": "America/New_York"}},
  {"name": "Crawfordville", "stateCode": "FL", "state": "Florida", "county": "Wakulla County", "metro": "Tallahassee", "population": 4229, "geo": {"lat": 30.1761, "lon": -84.3755, "tz": "America/New_York"}},
  {"name": "Monticello", "stateCode": "FL", "state": "Florida", "county": "Jefferson County", "metro": "Tallahassee", "population": 2506, "geo": {"lat": 30.5453, "lon": -83.8702, "tz": "America/New_York"}},
  {"name": "Madison", "stateCode": "FL", "state": "Florida", "county": "Madison County", "metro": "Madison", "population": 2843, "geo": {"lat": 30.4694, "lon": -83.4130, "tz": "America/New_York"}},
  {"name": "Live Oak", "stateCode": "FL", "state": "Florida", "county": "Suwannee County", "metro": "Live Oak", "population": 6966, "geo": {"lat": 30.2947, "lon": -82.9840, "tz": "America/New_York"}},
  {"name": "Lake City", "stateCode": "FL", "state": "Florida", "county": "Columbia County", "metro": "Lake City", "population": 12046, "geo": {"lat": 30.1897, "lon": -82.6393, "tz": "America/New_York"}},
  {"name": "Starke", "stateCode": "FL", "state": "Florida", "county": "Bradford County", "metro": "Gainesville", "population": 5449, "geo": {"lat": 29.9436, "lon": -82.1093, "tz": "America/New_York"}},
  {"name": "Keystone Heights", "stateCode": "FL", "state": "Florida", "county": "Clay County", "metro": "Jacksonville", "population": 1350, "geo": {"lat": 29.7861, "lon": -82.0318, "tz": "America/New_York"}},
  {"name": "Macclenny", "stateCode": "FL", "state": "Florida", "county": "Baker County", "metro": "Jacksonville", "population": 6374, "geo": {"lat": 30.2822, "lon": -82.1232, "tz": "America/New_York"}},
  {"name": "Chiefland", "stateCode": "FL", "state": "Florida", "county": "Levy County", "metro": "Chiefland", "population": 2245, "geo": {"lat": 29.4747, "lon": -82.8601, "tz": "America/New_York"}},
  {"name": "Cedar Key", "stateCode": "FL", "state": "Florida", "county": "Levy County", "metro": "Chiefland", "population": 702, "geo": {"lat": 29.1378, "lon": -83.0351, "tz": "America/New_York"}},
  {"name": "Cross City", "stateCode": "FL", "state": "Florida", "county": "Dixie County", "metro": "Cross City", "population": 1728, "geo": {"lat": 29.6344, "lon": -83.1265, "tz": "America/New_York"}},
  {"name": "Perry", "stateCode": "FL", "state": "Florida", "county": "Taylor County", "metro": "Perry", "population": 7017, "geo": {"lat": 30.1172, "lon": -83.5818, "tz": "America/New_York"}},
  {"name": "Key Largo", "stateCode": "FL", "state": "Florida", "county": "Monroe County", "metro": "Key West", "population": 10433, "geo": {"lat": 25.0864, "lon": -80.4473, "tz": "America/New_York"}},
  {"name": "Islamorada", "stateCode": "FL", "state": "Florida", "county": "Monroe County", "metro": "Key West", "population": 6119, "geo": {"lat": 24.9243, "lon": -80.6279, "tz": "America/New_York"}},
  {"name": "Marathon", "stateCode": "FL", "state": "Florida", "county": "Monroe County", "metro": "Key West", "population": 8297, "geo": {"lat": 24.7136, "lon": -81.0903, "tz": "America/New_York"}},
  {"name": "Big Pine Key", "stateCode": "FL", "state": "Florida", "county": "Monroe County", "metro": "Key West", "population": 4448, "geo": {"lat": 24.6698, "lon": -81.3542, "tz": "America/New_York"}},
  {"name": "Kendall", "stateCode": "FL", "state": "Florida", "county": "Miami-Dade County", "metro": "Miami-Fort Lauderdale-Pompano Beach", "population": 77371, "geo": {"lat": 25.6790, "lon": -80.3117, "tz": "America/New_York"}},
  {"name": "Pinecrest", "stateCode": "FL", "state": "Florida", "county": "Miami-Dade County", "metro": "Miami-Fort Lauderdale-Pompano Beach", "population": 19440, "geo": {"lat": 25.6673, "lon": -80.3081, "tz": "America/New_York"}},
  {"name": "Palmetto Bay", "stateCode": "FL", "state": "Florida", "county": "Miami-Dade County", "metro": "Miami-Fort Lauderdale-Pompano Beach", "population": 24781, "geo": {"lat": 25.6219, "lon": -80.3295, "tz": "America/New_York"}},
  {"name": "Cutler Bay", "stateCode": "FL", "state": "Florida", "county": "Miami-Dade County", "metro": "Miami-Fort Lauderdale-Pompano Beach", "population": 46095, "geo": {"lat": 25.5808, "lon": -80.3467, "tz": "America/New_York"}},
  {"name": "Sunny Isles Beach", "stateCode": "FL", "state": "Florida", "county": "Miami-Dade County", "metro": "Miami-Fort Lauderdale-Pompano Beach", "population": 22342, "geo": {"lat": 25.9506, "lon": -80.1228, "tz": "America/New_York"}},
  {"name": "Bal Harbour", "stateCode": "FL", "state": "Florida", "county": "Miami-Dade County", "metro": "Miami-Fort Lauderdale-Pompano Beach", "population": 2980, "geo": {"lat": 25.8919, "lon": -80.1267, "tz": "America/New_York"}},
  {"name": "Surfside", "stateCode": "FL", "state": "Florida", "county": "Miami-Dade County", "metro": "Miami-Fort Lauderdale-Pompano Beach", "population": 5744, "geo": {"lat": 25.8784, "lon": -80.1256, "tz": "America/New_York"}},
  {"name": "North Miami Beach", "stateCode": "FL", "state": "Florida", "county": "Miami-Dade County", "metro": "Miami-Fort Lauderdale-Pompano Beach", "population": 44927, "geo": {"lat": 25.9331, "lon": -80.1628, "tz": "America/New_York"}},
  {"name": "Miami Shores", "stateCode": "FL", "state": "Florida", "county": "Miami-Dade County", "metro": "Miami-Fort Lauderdale-Pompano Beach", "population": 10864, "geo": {"lat": 25.8631, "lon": -80.1928, "tz": "America/New_York"}},
  {"name": "Miami Springs", "stateCode": "FL", "state": "Florida", "county": "Miami-Dade County", "metro": "Miami-Fort Lauderdale-Pompano Beach", "population": 14018, "geo": {"lat": 25.8222, "lon": -80.2892, "tz": "America/New_York"}},
  {"name": "Virginia Gardens", "stateCode": "FL", "state": "Florida", "county": "Miami-Dade County", "metro": "Miami-Fort Lauderdale-Pompano Beach", "population": 2417, "geo": {"lat": 25.8103, "lon": -80.2967, "tz": "America/New_York"}},
  {"name": "Medley", "stateCode": "FL", "state": "Florida", "county": "Miami-Dade County", "metro": "Miami-Fort Lauderdale-Pompano Beach", "population": 838, "geo": {"lat": 25.8600, "lon": -80.3378, "tz": "America/New_York"}},
  {"name": "Hialeah Gardens", "stateCode": "FL", "state": "Florida", "county": "Miami-Dade County", "metro": "Miami-Fort Lauderdale-Pompano Beach", "population": 26324, "geo": {"lat": 25.8650, "lon": -80.3542, "tz": "America/New_York"}},
  {"name": "Miami Lakes", "stateCode": "FL", "state": "Florida", "county": "Miami-Dade County", "metro": "Miami-Fort Lauderdale-Pompano Beach", "population": 31628, "geo": {"lat": 25.9087, "lon": -80.3106, "tz": "America/New_York"}},
  {"name": "Opa-locka", "stateCode": "FL", "state": "Florida", "county": "Miami-Dade County", "metro": "Miami-Fort Lauderdale-Pompano Beach", "population": 16547, "geo": {"lat": 25.9020, "lon": -80.2503, "tz": "America/New_York"}},
  {"name": "Florida City", "stateCode": "FL", "state": "Florida", "county": "Miami-Dade County", "metro": "Miami-Fort Lauderdale-Pompano Beach", "population": 12843, "geo": {"lat": 25.4479, "lon": -80.4792, "tz": "America/New_York"}},
  {"name": "Key Biscayne", "stateCode": "FL", "state": "Florida", "county": "Miami-Dade County", "metro": "Miami-Fort Lauderdale-Pompano Beach", "population": 12943, "geo": {"lat": 25.6936, "lon": -80.1625, "tz": "America/New_York"}},
  {"name": "South Miami", "stateCode": "FL", "state": "Florida", "county": "Miami-Dade County", "metro": "Miami-Fort Lauderdale-Pompano Beach", "population": 12520, "geo": {"lat": 25.7075, "lon": -80.2931, "tz": "America/New_York"}},
  {"name": "West Miami", "stateCode": "FL", "state": "Florida", "county": "Miami-Dade County", "metro": "Miami-Fort Lauderdale-Pompano Beach", "population": 6498, "geo": {"lat": 25.7635, "lon": -80.2962, "tz": "America/New_York"}},
  {"name": "Sweetwater", "stateCode": "FL", "state": "Florida", "county": "Miami-Dade County", "metro": "Miami-Fort Lauderdale-Pompano Beach", "population": 20314, "geo": {"lat": 25.7633, "lon": -80.3717, "tz": "America/New_York"}},
  {"name": "Dania Beach", "stateCode": "FL", "state": "Florida", "county": "Broward County", "metro": "Miami-Fort Lauderdale-Pompano Beach", "population": 31723, "geo": {"lat": 26.0522, "lon": -80.1439, "tz": "America/New_York"}},
  {"name": "Hallandale Beach", "stateCode": "FL", "state": "Florida", "county": "Broward County", "metro": "Miami-Fort Lauderdale-Pompano Beach", "population": 40630, "geo": {"lat": 25.9812, "lon": -80.1484, "tz": "America/New_York"}},
  {"name": "Wilton Manors", "stateCode": "FL", "state": "Florida", "county": "Broward County", "metro": "Miami-Fort Lauderdale-Pompano Beach", "population": 12697, "geo": {"lat": 26.1603, "lon": -80.1389, "tz": "America/New_York"}},
  {"name": "Oakland Park", "stateCode": "FL", "state": "Florida", "county": "Broward County", "metro": "Miami-Fort Lauderdale-Pompano Beach", "population": 44512, "geo": {"lat": 26.1722, "lon": -80.1320, "tz": "America/New_York"}},
  {"name": "Lighthouse Point", "stateCode": "FL", "state": "Florida", "county": "Broward County", "metro": "Miami-Fort Lauderdale-Pompano Beach", "population": 10344, "geo": {"lat": 26.2756, "lon": -80.0873, "tz": "America/New_York"}},
  {"name": "Hillsboro Beach", "stateCode": "FL", "state": "Florida", "county": "Broward County", "metro": "Miami-Fort Lauderdale-Pompano Beach", "population": 1875, "geo": {"lat": 26.2940, "lon": -80.0787, "tz": "America/New_York"}},
  {"name": "Parkland", "stateCode": "FL", "state": "Florida", "county": "Broward County", "metro": "Miami-Fort Lauderdale-Pompano Beach", "population": 32202, "geo": {"lat": 26.3100, "lon": -80.2376, "tz": "America/New_York"}},
  {"name": "Cooper City", "stateCode": "FL", "state": "Florida", "county": "Broward County", "metro": "Miami-Fort Lauderdale-Pompano Beach", "population": 35715, "geo": {"lat": 26.0578, "lon": -80.2717, "tz": "America/New_York"}},
  {"name": "Southwest Ranches", "stateCode": "FL", "state": "Florida", "county": "Broward County", "metro": "Miami-Fort Lauderdale-Pompano Beach", "population": 7704, "geo": {"lat": 26.0505, "lon": -80.3367, "tz": "America/New_York"}},
  {"name": "Pembroke Park", "stateCode": "FL", "state": "Florida", "county": "Broward County", "metro": "Miami-Fort Lauderdale-Pompano Beach", "population": 6102, "geo": {"lat": 25.9873, "lon": -80.1773, "tz": "America/New_York"}}
]
