[
  {"name": "Honolulu", "stateCode": "HI", "state": "Hawaii", "county": "Honolulu", "metro": "Urban Honolulu", "population": 350964, "geo": {"lat": 21.3069, "lon": -157.8583, "tz": "Pacific/Honolulu"}},
  {"name": "East Honolulu", "stateCode": "HI", "state": "Hawaii", "county": "Honolulu", "metro": "Urban Honolulu", "population": 47132, "geo": {"lat": 21.2891, "lon": -157.7113, "tz": "Pacific/Honolulu"}},
  {"name": "Pearl City", "stateCode": "HI", "state": "Hawaii", "county": "Honolulu", "metro": "Urban Honolulu", "population": 45159, "geo": {"lat": 21.3972, "lon": -157.9753, "tz": "Pacific/Honolulu"}},
  {"name": "Hilo", "stateCode": "HI", "state": "Hawaii", "county": "Hawaii", "metro": "Hilo", "population": 45703, "geo": {"lat": 19.7297, "lon": -155.0900, "tz": "Pacific/Honolulu"}},
  {"name": "Kailua", "stateCode": "HI", "state": "Hawaii", "county": "Honolulu", "metro": "Urban Honolulu", "population": 40514, "geo": {"lat": 21.4022, "lon": -157.7394, "tz": "Pacific/Honolulu"}},
  {"name": "Waipahu", "stateCode": "HI", "state": "Hawaii", "county": "Honolulu", "metro": "Urban Honolulu", "population": 44893, "geo": {"lat": 21.3867, "lon": -158.0094, "tz": "Pacific/Honolulu"}},
  {"name": "Kaneohe", "stateCode": "HI", "state": "Hawaii", "county": "Honolulu", "metro": "Urban Honolulu", "population": 34352, "geo": {"lat": 21.4181, "lon": -157.8036, "tz": "Pacific/Honolulu"}},
  {"name": "Mililani Town", "stateCode": "HI", "state": "Hawaii", "county": "Honolulu", "metro": "Urban Honolulu", "population": 27629, "geo": {"lat": 21.4519, "lon": -158.0147, "tz": "Pacific/Honolulu"}},
  {"name": "Kahului", "stateCode": "HI", "state": "Hawaii", "county": "Maui", "metro": "Kahului-Wailuku-Lahaina", "population": 29926, "geo": {"lat": 20.8893, "lon": -156.4729, "tz": "Pacific/Honolulu"}},
  {"name": "Ewa Gentry", "stateCode": "HI", "state": "Hawaii", "county": "Honolulu", "metro": "Urban Honolulu", "population": 26808, "geo": {"lat": 21.3411, "lon": -158.0325, "tz": "Pacific/Honolulu"}},
  {"name": "Mililani Mauka", "stateCode": "HI", "state": "Hawaii", "county": "Honolulu", "metro": "Urban Honolulu", "population": 21039, "geo": {"lat": 21.4758, "lon": -158.0156, "tz": "Pacific/Honolulu"}},
  {"name": "Kihei", "stateCode": "HI", "state": "Hawaii", "county": "Maui", "metro": "Kahului-Wailuku-Lahaina", "population": 23456, "geo": {"lat": 20.7644, "lon": -156.4450, "tz": "Pacific/Honolulu"}},
  {"name": "Makakilo", "stateCode": "HI", "state": "Hawaii", "county": "Honolulu", "metro": "Urban Honolulu", "population": 19239, "geo": {"lat": 21.3469, "lon": -158.0858, "tz": "Pacific/Honolulu"}},
  {"name": "Wahiawa", "stateCode": "HI", "state": "Hawaii", "county": "Honolulu", "metro": "Urban Honolulu", "population": 18050, "geo": {"lat": 21.5022, "lon": -158.0236, "tz": "Pacific/Honolulu"}},
  {"name": "Schofield Barracks", "stateCode": "HI", "state": "Hawaii", "county": "Honolulu", "metro": "Urban Honolulu", "population": 16370, "geo": {"lat": 21.4958, "lon": -158.0642, "tz": "Pacific/Honolulu"}},
  {"name": "Wailuku", "stateCode": "HI", "state": "Hawaii", "county": "Maui", "metro": "Kahului-Wailuku-Lahaina", "population": 17697, "geo": {"lat": 20.8911, "lon": -156.5047, "tz": "Pacific/Honolulu"}},
  {"name": "Kapolei", "stateCode": "HI", "state": "Hawaii", "county": "Honolulu", "metro": "Urban Honolulu", "population": 21541, "geo": {"lat": 21.3350, "lon": -158.0581, "tz": "Pacific/Honolulu"}},
  {"name": "Ewa Beach", "stateCode": "HI", "state": "Hawaii", "county": "Honolulu", "metro": "Urban Honolulu", "population": 15710, "geo": {"lat": 21.3156, "lon": -158.0072, "tz": "Pacific/Honolulu"}},
  {"name": "Royal Kunia", "stateCode": "HI", "state": "Hawaii", "county": "Honolulu", "metro": "Urban Honolulu", "population": 14525, "geo": {"lat": 21.3922, "lon": -158.0347, "tz": "Pacific/Honolulu"}},
  {"name": "Halawa", "stateCode": "HI", "state": "Hawaii", "county": "Honolulu", "metro": "Urban Honolulu", "population": 14014, "geo": {"lat": 21.3742, "lon": -157.9186, "tz": "Pacific/Honolulu"}},
  {"name": "Kailua-Kona", "stateCode": "HI", "state": "Hawaii", "county": "Hawaii", "metro": "Kailua-Kona", "population": 14505, "geo": {"lat": 19.6400, "lon": -155.9969, "tz": "Pacific/Honolulu"}},
  {"name": "Kaneohe Station", "stateCode": "HI", "state": "Hawaii", "county": "Honolulu", "metro": "Urban Honolulu", "population": 11827, "geo": {"lat": 21.4500, "lon": -157.7700, "tz": "Pacific/Honolulu"}},
  {"name": "Nanakuli", "stateCode": "HI", "state": "Hawaii", "county": "Honolulu", "metro": "Urban Honolulu", "population": 12666, "geo": {"lat": 21.3908, "lon": -158.1542, "tz": "Pacific/Honolulu"}},
  {"name": "Waimalu", "stateCode": "HI", "state": "Hawaii", "county": "Honolulu", "metro": "Urban Honolulu", "population": 13730, "geo": {"lat": 21.4008, "lon": -157.9378, "tz": "Pacific/Honolulu"}},
  {"name": "Lahaina", "stateCode": "HI", "state": "Hawaii", "county": "Maui", "metro": "Kahului-Wailuku-Lahaina", "population": 12702, "geo": {"lat": 20.8783, "lon": -156.6825, "tz": "Pacific/Honolulu"}},
  {"name": "Waipio", "stateCode": "HI", "state": "Hawaii", "county": "Honolulu", "metro": "Urban Honolulu", "population": 11674, "geo": {"lat": 21.4136, "lon": -157.9969, "tz": "Pacific/Honolulu"}},
  {"name": "Hawaiian Paradise Park", "stateCode": "HI", "state": "Hawaii", "county": "Hawaii", "metro": "Hilo", "population": 11404, "geo": {"lat": 19.5936, "lon": -154.9739, "tz": "Pacific/Honolulu"}},
  {"name": "Kapaa", "stateCode": "HI", "state": "Hawaii", "county": "Kauai", "metro": "Kapaa", "population": 11060, "geo": {"lat": 22.0881, "lon": -159.3380, "tz": "Pacific/Honolulu"}},
  {"name": "Waimea", "stateCode": "HI", "state": "Hawaii", "county": "Hawaii", "metro": "Waimea", "population": 10303, "geo": {"lat": 20.0231, "lon": -155.6659, "tz": "Pacific/Honolulu"}},
  {"name": "Aiea", "stateCode": "HI", "state": "Hawaii", "county": "Honolulu", "metro": "Urban Honolulu", "population": 9338, "geo": {"lat": 21.3861, "lon": -157.9331, "tz": "Pacific/Honolulu"}},
  {"name": "Ocean Pointe", "stateCode": "HI", "state": "Hawaii", "county": "Honolulu", "metro": "Urban Honolulu", "population": 15512, "geo": {"lat": 21.3106, "lon": -158.0250, "tz": "Pacific/Honolulu"}},
  {"name": "Waikoloa Village", "stateCode": "HI", "state": "Hawaii", "county": "Hawaii", "metro": "Waikoloa Village", "population": 7096, "geo": {"lat": 19.9394, "lon": -155.7872, "tz": "Pacific/Honolulu"}},
  {"name": "Waianae", "stateCode": "HI", "state": "Hawaii", "county": "Honolulu", "metro": "Urban Honolulu", "population": 13177, "geo": {"lat": 21.4411, "lon": -158.1856, "tz": "Pacific/Honolulu"}},
  {"name": "Lihue", "stateCode": "HI", "state": "Hawaii", "county": "Kauai", "metro": "Lihue", "population": 7012, "geo": {"lat": 21.9811, "lon": -159.3711, "tz": "Pacific/Honolulu"}},
  {"name": "Maili", "stateCode": "HI", "state": "Hawaii", "county": "Honolulu", "metro": "Urban Honolulu", "population": 11065, "geo": {"lat": 21.4158, "lon": -158.1703, "tz": "Pacific/Honolulu"}},
  {"name": "Pukalani", "stateCode": "HI", "state": "Hawaii", "county": "Maui", "metro": "Kahului-Wailuku-Lahaina", "population": 7574, "geo": {"lat": 20.8367, "lon": -156.3378, "tz": "Pacific/Honolulu"}},
  {"name": "Haiku-Pauwela", "stateCode": "HI", "state": "Hawaii", "county": "Maui", "metro": "Kahului-Wailuku-Lahaina", "population": 9094, "geo": {"lat": 20.9217, "lon": -156.2981, "tz": "Pacific/Honolulu"}},
  {"name": "Ahuimanu", "stateCode": "HI", "state": "Hawaii", "county": "Honolulu", "metro": "Urban Honolulu", "population": 8978, "geo": {"lat": 21.4469, "lon": -157.8375, "tz": "Pacific/Honolulu"}},
  {"name": "Kula", "stateCode": "HI", "state": "Hawaii", "county": "Maui", "metro": "Kahului-Wailuku-Lahaina", "population": 6727, "geo": {"lat": 20.7908, "lon": -156.3256, "tz": "Pacific/Honolulu"}},
  {"name": "Holualoa", "stateCode": "HI", "state": "Hawaii", "county": "Hawaii", "metro": "Kailua-Kona", "population": 9014, "geo": {"lat": 19.6178, "lon": -155.9469, "tz": "Pacific/Honolulu"}},
  {"name": "Keaau", "stateCode": "HI", "state": "Hawaii", "county": "Hawaii", "metro": "Hilo", "population": 6815, "geo": {"lat": 19.6211, "lon": -155.0378, "tz": "Pacific/Honolulu"}},
  {"name": "Napili-Honokowai", "stateCode": "HI", "state": "Hawaii", "county": "Maui", "metro": "Kahului-Wailuku-Lahaina", "population": 7261, "geo": {"lat": 20.9753, "lon": -156.6658, "tz": "Pacific/Honolulu"}},
  {"name": "Kaanapali", "stateCode": "HI", "state": "Hawaii", "county": "Maui", "metro": "Kahului-Wailuku-Lahaina", "population": 1215, "geo": {"lat": 20.9253, "lon": -156.6939, "tz": "Pacific/Honolulu"}},
  {"name": "Laie", "stateCode": "HI", "state": "Hawaii", "county": "Honolulu", "metro": "Urban Honolulu", "population": 6138, "geo": {"lat": 21.6472, "lon": -157.9244, "tz": "Pacific/Honolulu"}},
  {"name": "Princeville", "stateCode": "HI", "state": "Hawaii", "county": "Kauai", "metro": "Princeville", "population": 2243, "geo": {"lat": 22.2181, "lon": -159.4781, "tz": "Pacific/Honolulu"}},
  {"name": "Waipio Acres", "stateCode": "HI", "state": "Hawaii", "county": "Honolulu", "metro": "Urban Honolulu", "population": 5196, "geo": {"lat": 21.4547, "lon": -157.9831, "tz": "Pacific/Honolulu"}},
  {"name": "Haleiwa", "stateCode": "HI", "state": "Hawaii", "county": "Honolulu", "metro": "Urban Honolulu", "population": 4794, "geo": {"lat": 21.5939, "lon": -158.1031, "tz": "Pacific/Honolulu"}},
  {"name": "Volcano", "stateCode": "HI", "state": "Hawaii", "county": "Hawaii", "metro": "Volcano", "population": 2575, "geo": {"lat": 19.4400, "lon": -155.2339, "tz": "Pacific/Honolulu"}},
  {"name": "Captain Cook", "stateCode": "HI", "state": "Hawaii", "county": "Hawaii", "metro": "Kailua-Kona", "population": 3429, "geo": {"lat": 19.4969, "lon": -155.9200, "tz": "Pacific/Honolulu"}},
  {"name": "Poipu", "stateCode": "HI", "state": "Hawaii", "county": "Kauai", "metro": "Poipu", "population": 4050, "geo": {"lat": 21.8761, "lon": -159.4550, "tz": "Pacific/Honolulu"}},
  {"name": "Paia", "stateCode": "HI", "state": "Hawaii", "county": "Maui", "metro": "Kahului-Wailuku-Lahaina", "population": 2668, "geo": {"lat": 20.9033, "lon": -156.3694, "tz": "Pacific/Honolulu"}},
  {"name": "Makawao", "stateCode": "HI", "state": "Hawaii", "county": "Maui", "metro": "Kahului-Wailuku-Lahaina", "population": 7184, "geo": {"lat": 20.8567, "lon": -156.3128, "tz": "Pacific/Honolulu"}},
  {"name": "Hana", "stateCode": "HI", "state": "Hawaii", "county": "Maui", "metro": "Kahului-Wailuku-Lahaina", "population": 1235, "geo": {"lat": 20.7575, "lon": -155.9900, "tz": "Pacific/Honolulu"}},
  {"name": "Lanai City", "stateCode": "HI", "state": "Hawaii", "county": "Maui", "metro": "Lanai City", "population": 3193, "geo": {"lat": 20.8281, "lon": -156.9219, "tz": "Pacific/Honolulu"}},
  {"name": "Kaunakakai", "stateCode": "HI", "state": "Hawaii", "county": "Maui", "metro": "Kaunakakai", "population": 3425, "geo": {"lat": 21.0928, "lon": -157.0264, "tz": "Pacific/Honolulu"}}
]
