[
  {"name": "Chicago", "stateCode": "IL", "state": "Illinois", "county": "Cook County", "metro": "Chicago-Naperville-Elgin", "population": 2746388, "geo": {"lat": 41.8781, "lon": -87.6298, "tz": "America/Chicago"}},
  {"name": "Aurora", "stateCode": "IL", "state": "Illinois", "county": "Kane County", "metro": "Chicago-Naperville-Elgin", "population": 180542, "geo": {"lat": 41.7606, "lon": -88.3201, "tz": "America/Chicago"}},
  {"name": "Naperville", "stateCode": "IL", "state": "Illinois", "county": "DuPage County", "metro": "Chicago-Naperville-Elgin", "population": 149540, "geo": {"lat": 41.7508, "lon": -88.1535, "tz": "America/Chicago"}},
  {"name": "Joliet", "stateCode": "IL", "state": "Illinois", "county": "Will County", "metro": "Chicago-Naperville-Elgin", "population": 150362, "geo": {"lat": 41.5250, "lon": -88.0817, "tz": "America/Chicago"}},
  {"name": "Rockford", "stateCode": "IL", "state": "Illinois", "county": "Winnebago County", "metro": "Rockford", "population": 148655, "geo": {"lat": 42.2711, "lon": -89.0940, "tz": "America/Chicago"}},
  {"name": "Springfield", "stateCode": "IL", "state": "Illinois", "county": "Sangamon County", "metro": "Springfield", "population": 114394, "geo": {"lat": 39.7817, "lon": -89.6501, "tz": "America/Chicago"}},
  {"name": "Elgin", "stateCode": "IL", "state": "Illinois", "county": "Kane County", "metro": "Chicago-Naperville-Elgin", "population": 114797, "geo": {"lat": 42.0354, "lon": -88.2826, "tz": "America/Chicago"}},
  {"name": "Peoria", "stateCode": "IL", "state": "Illinois", "county": "Peoria County", "metro": "Peoria", "population": 113150, "geo": {"lat": 40.6936, "lon": -89.5890, "tz": "America/Chicago"}},
  {"name": "Champaign", "stateCode": "IL", "state": "Illinois", "county": "Champaign County", "metro": "Champaign-Urbana", "population": 88302, "geo": {"lat": 40.1164, "lon": -88.2434, "tz": "America/Chicago"}},
  {"name": "Waukegan", "stateCode": "IL", "state": "Illinois", "county": "Lake County", "metro": "Chicago-Naperville-Elgin", "population": 89321, "geo": {"lat": 42.3636, "lon": -87.8448, "tz": "America/Chicago"}},
  {"name": "Cicero", "stateCode": "IL", "state": "Illinois", "county": "Cook County", "metro": "Chicago-Naperville-Elgin", "population": 85268, "geo": {"lat": 41.8456, "lon": -87.7539, "tz": "America/Chicago"}},
  {"name": "Bloomington", "stateCode": "IL", "state": "Illinois", "county": "McLean County", "metro": "Bloomington", "population": 78680, "geo": {"lat": 40.4842, "lon": -88.9937, "tz": "America/Chicago"}},
  {"name": "Arlington Heights", "stateCode": "IL", "state": "Illinois", "county": "Cook County", "metro": "Chicago-Naperville-Elgin", "population": 77676, "geo": {"lat": 42.0884, "lon": -87.9806, "tz": "America/Chicago"}},
  {"name": "Evanston", "stateCode": "IL", "state": "Illinois", "county": "Cook County", "metro": "Chicago-Naperville-Elgin", "population": 78110, "geo": {"lat": 42.0451, "lon": -87.6877, "tz": "America/Chicago"}},
  {"name": "Schaumburg", "stateCode": "IL", "state": "Illinois", "county": "Cook County", "metro": "Chicago-Naperville-Elgin", "population": 78723, "geo": {"lat": 42.0334, "lon": -88.0834, "tz": "America/Chicago"}},
  {"name": "Decatur", "stateCode": "IL", "state": "Illinois", "county": "Macon County", "metro": "Decatur", "population": 70522, "geo": {"lat": 39.8403, "lon": -88.9548, "tz": "America/Chicago"}},
  {"name": "Bolingbrook", "stateCode": "IL", "state": "Illinois", "county": "Will County", "metro": "Chicago-Naperville-Elgin", "population": 73936, "geo": {"lat": 41.6986, "lon": -88.0684, "tz": "America/Chicago"}},
  {"name": "Palatine", "stateCode": "IL", "state": "Illinois", "county": "Cook County", "metro": "Chicago-Naperville-Elgin", "population": 69144, "geo": {"lat": 42.1103, "lon": -88.0343, "tz": "America/Chicago"}},
  {"name": "Skokie", "stateCode": "IL", "state": "Illinois", "county": "Cook County", "metro": "Chicago-Naperville-Elgin", "population": 67824, "geo": {"lat": 42.0324, "lon": -87.7416, "tz": "America/Chicago"}},
  {"name": "Des Plaines", "stateCode": "IL", "state": "Illinois", "county": "Cook County", "metro": "Chicago-Naperville-Elgin", "population": 60675, "geo": {"lat": 42.0334, "lon": -87.8834, "tz": "America/Chicago"}},
  {"name": "Orland Park", "stateCode": "IL", "state": "Illinois", "county": "Cook County", "metro": "Chicago-Naperville-Elgin", "population": 59151, "geo": {"lat": 41.6303, "lon": -87.8539, "tz": "America/Chicago"}},
  {"name": "Tinley Park", "stateCode": "IL", "state": "Illinois", "county": "Cook County", "metro": "Chicago-Naperville-Elgin", "population": 57282, "geo": {"lat": 41.5731, "lon": -87.7845, "tz": "America/Chicago"}},
  {"name": "Oak Lawn", "stateCode": "IL", "state": "Illinois", "county": "Cook County", "metro": "Chicago-Naperville-Elgin", "population": 58213, "geo": {"lat": 41.7139, "lon": -87.7528, "tz": "America/Chicago"}},
  {"name": "Berwyn", "stateCode": "IL", "state": "Illinois", "county": "Cook County", "metro": "Chicago-Naperville-Elgin", "population": 56657, "geo": {"lat": 41.8506, "lon": -87.7936, "tz": "America/Chicago"}},
  {"name": "Mount Prospect", "stateCode": "IL", "state": "Illinois", "county": "Cook County", "metro": "Chicago-Naperville-Elgin", "population": 56946, "geo": {"lat": 42.0664, "lon": -87.9373, "tz": "America/Chicago"}},
  {"name": "Normal", "stateCode": "IL", "state": "Illinois", "county": "McLean County", "metro": "Bloomington", "population": 54264, "geo": {"lat": 40.5142, "lon": -88.9906, "tz": "America/Chicago"}},
  {"name": "Wheaton", "stateCode": "IL", "state": "Illinois", "county": "DuPage County", "metro": "Chicago-Naperville-Elgin", "population": 53970, "geo": {"lat": 41.8661, "lon": -88.1070, "tz": "America/Chicago"}},
  {"name": "Hoffman Estates", "stateCode": "IL", "state": "Illinois", "county": "Cook County", "metro": "Chicago-Naperville-Elgin", "population": 52398, "geo": {"lat": 42.0630, "lon": -88.1290, "tz": "America/Chicago"}},
  {"name": "Oak Park", "stateCode": "IL", "state": "Illinois", "county": "Cook County", "metro": "Chicago-Naperville-Elgin", "population": 52524, "geo": {"lat": 41.8850, "lon": -87.7845, "tz": "America/Chicago"}},
  {"name": "Downers Grove", "stateCode": "IL", "state": "Illinois", "county": "DuPage County", "metro": "Chicago-Naperville-Elgin", "population": 49670, "geo": {"lat": 41.8089, "lon": -88.0112, "tz": "America/Chicago"}},
  {"name": "Glenview", "stateCode": "IL", "state": "Illinois", "county": "Cook County", "metro": "Chicago-Naperville-Elgin", "population": 49250, "geo": {"lat": 42.0698, "lon": -87.7876, "tz": "America/Chicago"}},
  {"name": "Elmhurst", "stateCode": "IL", "state": "Illinois", "county": "DuPage County", "metro": "Chicago-Naperville-Elgin", "population": 47595, "geo": {"lat": 41.8995, "lon": -87.9403, "tz": "America/Chicago"}},
  {"name": "Lombard", "stateCode": "IL", "state": "Illinois", "county": "DuPage County", "metro": "Chicago-Naperville-Elgin", "population": 44050, "geo": {"lat": 41.8800, "lon": -88.0078, "tz": "America/Chicago"}},
  {"name": "Buffalo Grove", "stateCode": "IL", "state": "Illinois", "county": "Lake County", "metro": "Chicago-Naperville-Elgin", "population": 42909, "geo": {"lat": 42.1664, "lon": -87.9617, "tz": "America/Chicago"}},
  {"name": "Urbana", "stateCode": "IL", "state": "Illinois", "county": "Champaign County", "metro": "Champaign-Urbana", "population": 42214, "geo": {"lat": 40.1106, "lon": -88.2073, "tz": "America/Chicago"}},
  {"name": "Bartlett", "stateCode": "IL", "state": "Illinois", "county": "DuPage County", "metro": "Chicago-Naperville-Elgin", "population": 42385, "geo": {"lat": 41.9950, "lon": -88.1856, "tz": "America/Chicago"}},
  {"name": "Crystal Lake", "stateCode": "IL", "state": "Illinois", "county": "McHenry County", "metro": "Chicago-Naperville-Elgin", "population": 40388, "geo": {"lat": 42.2411, "lon": -88.3162, "tz": "America/Chicago"}},
  {"name": "Quincy", "stateCode": "IL", "state": "Illinois", "county": "Adams County", "metro": "Quincy", "population": 43055, "geo": {"lat": 39.9356, "lon": -91.4098, "tz": "America/Chicago"}},
  {"name": "Streamwood", "stateCode": "IL", "state": "Illinois", "county": "Cook County", "metro": "Chicago-Naperville-Elgin", "population": 39907, "geo": {"lat": 42.0256, "lon": -88.1784, "tz": "America/Chicago"}},
  {"name": "Carol Stream", "stateCode": "IL", "state": "Illinois", "county": "DuPage County", "metro": "Chicago-Naperville-Elgin", "population": 39904, "geo": {"lat": 41.9125, "lon": -88.1348, "tz": "America/Chicago"}},
  {"name": "Romeoville", "stateCode": "IL", "state": "Illinois", "county": "Will County", "metro": "Chicago-Naperville-Elgin", "population": 40070, "geo": {"lat": 41.6475, "lon": -88.0895, "tz": "America/Chicago"}},
  {"name": "Plainfield", "stateCode": "IL", "state": "Illinois", "county": "Will County", "metro": "Chicago-Naperville-Elgin", "population": 44762, "geo": {"lat": 41.6270, "lon": -88.2120, "tz": "America/Chicago"}},
  {"name": "Hanover Park", "stateCode": "IL", "state": "Illinois", "county": "Cook County", "metro": "Chicago-Naperville-Elgin", "population": 38510, "geo": {"lat": 41.9992, "lon": -88.1451, "tz": "America/Chicago"}},
  {"name": "Carpentersville", "stateCode": "IL", "state": "Illinois", "county": "Kane County", "metro": "Chicago-Naperville-Elgin", "population": 38241, "geo": {"lat": 42.1211, "lon": -88.2579, "tz": "America/Chicago"}},
  {"name": "Wheeling", "stateCode": "IL", "state": "Illinois", "county": "Cook County", "metro": "Chicago-Naperville-Elgin", "population": 39137, "geo": {"lat": 42.1392, "lon": -87.9290, "tz": "America/Chicago"}},
  {"name": "Park Ridge", "stateCode": "IL", "state": "Illinois", "county": "Cook County", "metro": "Chicago-Naperville-Elgin", "population": 38001, "geo": {"lat": 42.0111, "lon": -87.8406, "tz": "America/Chicago"}},
  {"name": "Addison", "stateCode": "IL", "state": "Illinois", "county": "DuPage County", "metro": "Chicago-Naperville-Elgin", "population": 37385, "geo": {"lat": 41.9317, "lon": -87.9890, "tz": "America/Chicago"}},
  {"name": "Calumet City", "stateCode": "IL", "state": "Illinois", "county": "Cook County", "metro": "Chicago-Naperville-Elgin", "population": 36058, "geo": {"lat": 41.6156, "lon": -87.5295, "tz": "America/Chicago"}}
]
