[
  {"name": "New Orleans", "stateCode": "LA", "state": "Louisiana", "county": "Orleans Parish", "metro": "New Orleans", "population": 383997, "geo": {"lat": 29.9511, "lon": -90.0715, "tz": "America/Chicago"}},
  {"name": "Baton Rouge", "stateCode": "LA", "state": "Louisiana", "county": "East Baton Rouge Parish", "metro": "Baton Rouge", "population": 227470, "geo": {"lat": 30.4515, "lon": -91.1871, "tz": "America/Chicago"}},
  {"name": "Shreveport", "stateCode": "LA", "state": "Louisiana", "county": "Caddo Parish", "metro": "Shreveport-Bossier City", "population": 187112, "geo": {"lat": 32.5252, "lon": -93.7502, "tz": "America/Chicago"}},
  {"name": "Metairie", "stateCode": "LA", "state": "Louisiana", "county": "Jefferson Parish", "metro": "New Orleans", "population": 145323, "geo": {"lat": 29.9841, "lon": -90.1528, "tz": "America/Chicago"}},
  {"name": "Lafayette", "stateCode": "LA", "state": "Louisiana", "county": "Lafayette Parish", "metro": "Lafayette", "population": 121374, "geo": {"lat": 30.2241, "lon": -92.0198, "tz": "America/Chicago"}},
  {"name": "Lake Charles", "stateCode": "LA", "state": "Louisiana", "county": "Calcasieu Parish", "metro": "Lake Charles", "population": 83137, "geo": {"lat": 30.2266, "lon": -93.2174, "tz": "America/Chicago"}},
  {"name": "Kenner", "stateCode": "LA", "state": "Louisiana", "county": "Jefferson Parish", "metro": "New Orleans", "population": 66702, "geo": {"lat": 29.9941, "lon": -90.2417, "tz": "America/Chicago"}},
  {"name": "Bossier City", "stateCode": "LA", "state": "Louisiana", "county": "Bossier Parish", "metro": "Shreveport-Bossier City", "population": 68094, "geo": {"lat": 32.5160, "lon": -93.7321, "tz": "America/Chicago"}},
  {"name": "Monroe", "stateCode": "LA", "state": "Louisiana", "county": "Ouachita Parish", "metro": "Monroe", "population": 47702, "geo": {"lat": 32.5093, "lon": -92.1193, "tz": "America/Chicago"}},
  {"name": "Alexandria", "stateCode": "LA", "state": "Louisiana", "county": "Rapides Parish", "metro": "Alexandria", "population": 46545, "geo": {"lat": 31.3113, "lon": -92.4451, "tz": "America/Chicago"}},
  {"name": "Houma", "stateCode": "LA", "state": "Louisiana", "county": "Terrebonne Parish", "metro": "Houma-Thibodaux", "population": 33076, "geo": {"lat": 29.5958, "lon": -90.7195, "tz": "America/Chicago"}},
  {"name": "Marrero", "stateCode": "LA", "state": "Louisiana", "county": "Jefferson Parish", "metro": "New Orleans", "population": 31478, "geo": {"lat": 29.8994, "lon": -90.1004, "tz": "America/Chicago"}},
  {"name": "New Iberia", "stateCode": "LA", "state": "Louisiana", "county": "Iberia Parish", "metro": "New Iberia", "population": 29073, "geo": {"lat": 30.0035, "lon": -91.8187, "tz": "America/Chicago"}},
  {"name": "Slidell", "stateCode": "LA", "state": "Louisiana", "county": "St. Tammany Parish", "metro": "New Orleans", "population": 28276, "geo": {"lat": 30.2752, "lon": -89.7812, "tz": "America/Chicago"}},
  {"name": "Central", "stateCode": "LA", "state": "Louisiana", "county": "East Baton Rouge Parish", "metro": "Baton Rouge", "population": 29555, "geo": {"lat": 30.5544, "lon": -91.0368, "tz": "America/Chicago"}},
  {"name": "Ruston", "stateCode": "LA", "state": "Louisiana", "county": "Lincoln Parish", "metro": "Ruston", "population": 22347, "geo": {"lat": 32.5232, "lon": -92.6379, "tz": "America/Chicago"}},
  {"name": "Sulphur", "stateCode": "LA", "state": "Louisiana", "county": "Calcasieu Parish", "metro": "Lake Charles", "population": 20410, "geo": {"lat": 30.2366, "lon": -93.3774, "tz": "America/Chicago"}},
  {"name": "Hammond", "stateCode": "LA", "state": "Louisiana", "county": "Tangipahoa Parish", "metro": "Hammond", "population": 20557, "geo": {"lat": 30.5044, "lon": -90.4612, "tz": "America/Chicago"}},
  {"name": "Harvey", "stateCode": "LA", "state": "Louisiana", "county": "Jefferson Parish", "metro": "New Orleans", "population": 20556, "geo": {"lat": 29.9036, "lon": -90.0773, "tz": "America/Chicago"}},
  {"name": "Bayou Cane", "stateCode": "LA", "state": "Louisiana", "county": "Terrebonne Parish", "metro": "Houma-Thibodaux", "population": 20675, "geo": {"lat": 29.6233, "lon": -90.7529, "tz": "America/Chicago"}},
  {"name": "Natchitoches", "stateCode": "LA", "state": "Louisiana", "county": "Natchitoches Parish", "metro": "Natchitoches", "population": 18074, "geo": {"lat": 31.7607, "lon": -93.0863, "tz": "America/Chicago"}},
  {"name": "Laplace", "stateCode": "LA", "state": "Louisiana", "county": "St. John the Baptist Parish", "metro": "New Orleans", "population": 32134, "geo": {"lat": 30.0663, "lon": -90.4801, "tz": "America/Chicago"}},
  {"name": "Terrytown", "stateCode": "LA", "state": "Louisiana", "county": "Jefferson Parish", "metro": "New Orleans", "population": 26672, "geo": {"lat": 29.9100, "lon": -90.0326, "tz": "America/Chicago"}},
  {"name": "Chalmette", "stateCode": "LA", "state": "Louisiana", "county": "St. Bernard Parish", "metro": "New Orleans", "population": 23725, "geo": {"lat": 29.9427, "lon": -89.9659, "tz": "America/Chicago"}},
  {"name": "Prairieville", "stateCode": "LA", "state": "Louisiana", "county": "Ascension Parish", "metro": "Baton Rouge", "population": 33197, "geo": {"lat": 30.3021, "lon": -90.9718, "tz": "America/Chicago"}},
  {"name": "Gretna", "stateCode": "LA", "state": "Louisiana", "county": "Jefferson Parish", "metro": "New Orleans", "population": 17736, "geo": {"lat": 29.9146, "lon": -90.0540, "tz": "America/Chicago"}},
  {"name": "Opelousas", "stateCode": "LA", "state": "Louisiana", "county": "St. Landry Parish", "metro": "Opelousas", "population": 16131, "geo": {"lat": 30.5335, "lon": -92.0815, "tz": "America/Chicago"}},
  {"name": "Thibodaux", "stateCode": "LA", "state": "Louisiana", "county": "Lafourche Parish", "metro": "Houma-Thibodaux", "population": 14565, "geo": {"lat": 29.7958, "lon": -90.8229, "tz": "America/Chicago"}},
  {"name": "Estelle", "stateCode": "LA", "state": "Louisiana", "county": "Jefferson Parish", "metro": "New Orleans", "population": 17330, "geo": {"lat": 29.8458, "lon": -90.1062, "tz": "America/Chicago"}},
  {"name": "Zachary", "stateCode": "LA", "state": "Louisiana", "county": "East Baton Rouge Parish", "metro": "Baton Rouge", "population": 17056, "geo": {"lat": 30.6488, "lon": -91.1565, "tz": "America/Chicago"}},
  {"name": "Pineville", "stateCode": "LA", "state": "Louisiana", "county": "Rapides Parish", "metro": "Alexandria", "population": 14890, "geo": {"lat": 31.3224, "lon": -92.4343, "tz": "America/Chicago"}},
  {"name": "Mandeville", "stateCode": "LA", "state": "Louisiana", "county": "St. Tammany Parish", "metro": "New Orleans", "population": 13170, "geo": {"lat": 30.3580, "lon": -90.0687, "tz": "America/Chicago"}},
  {"name": "West Monroe", "stateCode": "LA", "state": "Louisiana", "county": "Ouachita Parish", "metro": "Monroe", "population": 12591, "geo": {"lat": 32.5185, "lon": -92.1474, "tz": "America/Chicago"}},
  {"name": "Baker", "stateCode": "LA", "state": "Louisiana", "county": "East Baton Rouge Parish", "metro": "Baton Rouge", "population": 13233, "geo": {"lat": 30.5880, "lon": -91.1682, "tz": "America/Chicago"}},
  {"name": "Crowley", "stateCode": "LA", "state": "Louisiana", "county": "Acadia Parish", "metro": "Crowley", "population": 12085, "geo": {"lat": 30.2141, "lon": -92.3746, "tz": "America/Chicago"}},
  {"name": "Bogalusa", "stateCode": "LA", "state": "Louisiana", "county": "Washington Parish", "metro": "Bogalusa", "population": 11224, "geo": {"lat": 30.7910, "lon": -89.8487, "tz": "America/Chicago"}},
  {"name": "Minden", "stateCode": "LA", "state": "Louisiana", "county": "Webster Parish", "metro": "Minden", "population": 12426, "geo": {"lat": 32.6157, "lon": -93.2868, "tz": "America/Chicago"}},
  {"name": "Covington", "stateCode": "LA", "state": "Louisiana", "county": "St. Tammany Parish", "metro": "New Orleans", "population": 10824, "geo": {"lat": 30.4755, "lon": -90.1009, "tz": "America/Chicago"}},
  {"name": "Morgan City", "stateCode": "LA", "state": "Louisiana", "county": "St. Mary Parish", "metro": "Morgan City", "population": 11069, "geo": {"lat": 29.6994, "lon": -91.2068, "tz": "America/Chicago"}},
  {"name": "Abbeville", "stateCode": "LA", "state": "Louisiana", "county": "Vermilion Parish", "metro": "Abbeville", "population": 11887, "geo": {"lat": 29.9746, "lon": -92.1343, "tz": "America/Chicago"}},
  {"name": "Gonzales", "stateCode": "LA", "state": "Louisiana", "county": "Ascension Parish", "metro": "Baton Rouge", "population": 12231, "geo": {"lat": 30.2388, "lon": -90.9201, "tz": "America/Chicago"}},
  {"name": "Denham Springs", "stateCode": "LA", "state": "Louisiana", "county": "Livingston Parish", "metro": "Baton Rouge", "population": 10125, "geo": {"lat": 30.4866, "lon": -90.9565, "tz": "America/Chicago"}},
  {"name": "Moss Bluff", "stateCode": "LA", "state": "Louisiana", "county": "Calcasieu Parish", "metro": "Lake Charles", "population": 13071, "geo": {"lat": 30.3024, "lon": -93.1921, "tz": "America/Chicago"}},
  {"name": "Shenandoah", "stateCode": "LA", "state": "Louisiana", "county": "East Baton Rouge Parish", "metro": "Baton Rouge", "population": 22362, "geo": {"lat": 30.4038, "lon": -91.0001, "tz": "America/Chicago"}},
  {"name": "River Ridge", "stateCode": "LA", "state": "Louisiana", "county": "Jefferson Parish", "metro": "New Orleans", "population": 13494, "geo": {"lat": 29.9602, "lon": -90.2154, "tz": "America/Chicago"}},
  {"name": "Woodmere", "stateCode": "LA", "state": "Louisiana", "county": "Jefferson Parish", "metro": "New Orleans", "population": 12612, "geo": {"lat": 29.8566, "lon": -90.0773, "tz": "America/Chicago"}},
  {"name": "Luling", "stateCode": "LA", "state": "Louisiana", "county": "St. Charles Parish", "metro": "New Orleans", "population": 12119, "geo": {"lat": 29.9302, "lon": -90.3590, "tz": "America/Chicago"}},
  {"name": "Youngsville", "stateCode": "LA", "state": "Louisiana", "county": "Lafayette Parish", "metro": "Lafayette", "population": 14068, "geo": {"lat": 30.0991, "lon": -91.9901, "tz": "America/Chicago"}},
  {"name": "Broussard", "stateCode": "LA", "state": "Louisiana", "county": "Lafayette Parish", "metro": "Lafayette", "population": 12755, "geo": {"lat": 30.1435, "lon": -91.9593, "tz": "America/Chicago"}},
  {"name": "Scott", "stateCode": "LA", "state": "Louisiana", "county": "Lafayette Parish", "metro": "Lafayette", "population": 8815, "geo": {"lat": 30.2357, "lon": -92.0946, "tz": "America/Chicago"}},
  {"name": "Carencro", "stateCode": "LA", "state": "Louisiana", "county": "Lafayette Parish", "metro": "Lafayette", "population": 9371, "geo": {"lat": 30.3174, "lon": -92.0490, "tz": "America/Chicago"}},
  {"name": "Breaux Bridge", "stateCode": "LA", "state": "Louisiana", "county": "St. Martin Parish", "metro": "Lafayette", "population": 8341, "geo": {"lat": 30.2735, "lon": -91.8993, "tz": "America/Chicago"}},
  {"name": "Eunice", "stateCode": "LA", "state": "Louisiana", "county": "St. Landry Parish", "metro": "Eunice", "population": 9671, "geo": {"lat": 30.4941, "lon": -92.4179, "tz": "America/Chicago"}},
  {"name": "Jennings", "stateCode": "LA", "state": "Louisiana", "county": "Jefferson Davis Parish", "metro": "Jennings", "population": 9940, "geo": {"lat": 30.2224, "lon": -92.6571, "tz": "America/Chicago"}},
  {"name": "DeRidder", "stateCode": "LA", "state": "Louisiana", "county": "Beauregard Parish", "metro": "DeRidder", "population": 11420, "geo": {"lat": 30.8463, "lon": -93.2890, "tz": "America/Chicago"}},
  {"name": "Leesville", "stateCode": "LA", "state": "Louisiana", "county": "Vernon Parish", "metro": "Fort Polk South", "population": 5785, "geo": {"lat": 31.1435, "lon": -93.2615, "tz": "America/Chicago"}},
  {"name": "Ville Platte", "stateCode": "LA", "state": "Louisiana", "county": "Evangeline Parish", "metro": "Ville Platte", "population": 6937, "geo": {"lat": 30.6880, "lon": -92.2718, "tz": "America/Chicago"}},
  {"name": "Marksville", "stateCode": "LA", "state": "Louisiana", "county": "Avoyelles Parish", "metro": "Marksville", "population": 5160, "geo": {"lat": 31.1277, "lon": -92.0657, "tz": "America/Chicago"}},
  {"name": "Oakdale", "stateCode": "LA", "state": "Louisiana", "county": "Allen Parish", "metro": "Oakdale", "population": 7624, "geo": {"lat": 30.8163, "lon": -92.6604, "tz": "America/Chicago"}},
  {"name": "Bastrop", "stateCode": "LA", "state": "Louisiana", "county": "Morehouse Parish", "metro": "Bastrop", "population": 9810, "geo": {"lat": 32.7785, "lon": -91.9118, "tz": "America/Chicago"}},
  {"name": "Tallulah", "stateCode": "LA", "state": "Louisiana", "county": "Madison Parish", "metro": "Tallulah", "population": 6340, "geo": {"lat": 32.4085, "lon": -91.1868, "tz": "America/Chicago"}},
  {"name": "Winnfield", "stateCode": "LA", "state": "Louisiana", "county": "Winn Parish", "metro": "Winnfield", "population": 4197, "geo": {"lat": 31.9254, "lon": -92.6393, "tz": "America/Chicago"}},
  {"name": "Many", "stateCode": "LA", "state": "Louisiana", "county": "Sabine Parish", "metro": "Many", "population": 2693, "geo": {"lat": 31.5668, "lon": -93.4824, "tz": "America/Chicago"}},
  {"name": "Franklin", "stateCode": "LA", "state": "Louisiana", "county": "St. Mary Parish", "metro": "Morgan City", "population": 6564, "geo": {"lat": 29.7958, "lon": -91.5015, "tz": "America/Chicago"}},
  {"name": "Patterson", "stateCode": "LA", "state": "Louisiana", "county": "St. Mary Parish", "metro": "Morgan City", "population": 5592, "geo": {"lat": 29.6935, "lon": -91.3018, "tz": "America/Chicago"}},
  {"name": "Jeanerette", "stateCode": "LA", "state": "Louisiana", "county": "Iberia Parish", "metro": "New Iberia", "population": 5103, "geo": {"lat": 29.9113, "lon": -91.6637, "tz": "America/Chicago"}},
  {"name": "Kaplan", "stateCode": "LA", "state": "Louisiana", "county": "Vermilion Parish", "metro": "Abbeville", "population": 4565, "geo": {"lat": 29.9980, "lon": -92.2854, "tz": "America/Chicago"}},
  {"name": "Rayne", "stateCode": "LA", "state": "Louisiana", "county": "Acadia Parish", "metro": "Crowley", "population": 7844, "geo": {"lat": 30.2346, "lon": -92.2679, "tz": "America/Chicago"}},
  {"name": "Church Point", "stateCode": "LA", "state": "Louisiana", "county": "Acadia Parish", "metro": "Crowley", "population": 4420, "geo": {"lat": 30.4024, "lon": -92.2168, "tz": "America/Chicago"}},
  {"name": "St. Martinville", "stateCode": "LA", "state": "Louisiana", "county": "St. Martin Parish", "metro": "Lafayette", "population": 5606, "geo": {"lat": 30.1252, "lon": -91.8354, "tz": "America/Chicago"}},
  {"name": "Ponchatoula", "stateCode": "LA", "state": "Louisiana", "county": "Tangipahoa Parish", "metro": "Hammond", "population": 7520, "geo": {"lat": 30.4388, "lon": -90.4412, "tz": "America/Chicago"}},
  {"name": "Donaldsonville", "stateCode": "LA", "state": "Louisiana", "county": "Ascension Parish", "metro": "Baton Rouge", "population": 6954, "geo": {"lat": 30.1010, "lon": -90.9918, "tz": "America/Chicago"}},
  {"name": "Plaquemine", "stateCode": "LA", "state": "Louisiana", "county": "Iberville Parish", "metro": "Baton Rouge", "population": 6307, "geo": {"lat": 30.2891, "lon": -91.2343, "tz": "America/Chicago"}},
  {"name": "Port Allen", "stateCode": "LA", "state": "Louisiana", "county": "West Baton Rouge Parish", "metro": "Baton Rouge", "population": 4942, "geo": {"lat": 30.4524, "lon": -91.2101, "tz": "America/Chicago"}},
  {"name": "New Roads", "stateCode": "LA", "state": "Louisiana", "county": "Pointe Coupee Parish", "metro": "New Roads", "population": 4707, "geo": {"lat": 30.7024, "lon": -91.4365, "tz": "America/Chicago"}},
  {"name": "St. Francisville", "stateCode": "LA", "state": "Louisiana", "county": "West Feliciana Parish", "metro": "Baton Rouge", "population": 1765, "geo": {"lat": 30.7799, "lon": -91.3765, "tz": "America/Chicago"}},
  {"name": "Grambling", "stateCode": "LA", "state": "Louisiana", "county": "Lincoln Parish", "metro": "Ruston", "population": 5208, "geo": {"lat": 32.5277, "lon": -92.7140, "tz": "America/Chicago"}},
  {"name": "Springhill", "stateCode": "LA", "state": "Louisiana", "county": "Webster Parish", "metro": "Springhill", "population": 5019, "geo": {"lat": 33.0063, "lon": -93.4668, "tz": "America/Chicago"}},
  {"name": "Jonesboro", "stateCode": "LA", "state": "Louisiana", "county": "Jackson Parish", "metro": "Jonesboro", "population": 4137, "geo": {"lat": 32.2413, "lon": -92.7151, "tz": "America/Chicago"}},
  {"name": "Arcadia", "stateCode": "LA", "state": "Louisiana", "county": "Bienville Parish", "metro": "Arcadia", "population": 2697, "geo": {"lat": 32.5479, "lon": -92.9179, "tz": "America/Chicago"}},
  {"name": "Mansfield", "stateCode": "LA", "state": "Louisiana", "county": "DeSoto Parish", "metro": "Mansfield", "population": 4452, "geo": {"lat": 32.0374, "lon": -93.7007, "tz": "America/Chicago"}},
  {"name": "Coushatta", "stateCode": "LA", "state": "Louisiana", "county": "Red River Parish", "metro": "Coushatta", "population": 1875, "geo": {"lat": 32.0163, "lon": -93.3418, "tz": "America/Chicago"}},
  {"name": "Vidalia", "stateCode": "LA", "state": "Louisiana", "county": "Concordia Parish", "metro": "Vidalia", "population": 3998, "geo": {"lat": 31.5652, "lon": -91.4265, "tz": "America/Chicago"}},
  {"name": "Ferriday", "stateCode": "LA", "state": "Louisiana", "county": "Concordia Parish", "metro": "Vidalia", "population": 3021, "geo": {"lat": 31.6302, "lon": -91.5543, "tz": "America/Chicago"}},
  {"name": "Jena", "stateCode": "LA", "state": "Louisiana", "county": "LaSalle Parish", "metro": "Jena", "population": 2991, "geo": {"lat": 31.6824, "lon": -92.1315, "tz": "America/Chicago"}},
  {"name": "Grand Isle", "stateCode": "LA", "state": "Louisiana", "county": "Jefferson Parish", "metro": "New Orleans", "population": 1296, "geo": {"lat": 29.2366, "lon": -89.9873, "tz": "America/Chicago"}}
]
