[
  {"name": "Baltimore", "stateCode": "MD", "state": "Maryland", "county": "Baltimore City", "metro": "Baltimore-Washington", "population": 585708, "geo": {"lat": 39.2904, "lon": -76.6122, "tz": "America/New_York"}},
  {"name": "Germantown", "stateCode": "MD", "state": "Maryland", "county": "Montgomery", "metro": "Washington DC", "population": 91249, "geo": {"lat": 39.1732, "lon": -77.2717, "tz": "America/New_York"}},
  {"name": "Silver Spring", "stateCode": "MD", "state": "Maryland", "county": "Montgomery", "metro": "Washington DC", "population": 81015, "geo": {"lat": 38.9907, "lon": -77.0261, "tz": "America/New_York"}},
  {"name": "Frederick", "stateCode": "MD", "state": "Maryland", "county": "Frederick", "metro": "Baltimore-Washington", "population": 78171, "geo": {"lat": 39.4143, "lon": -77.4105, "tz": "America/New_York"}},
  {"name": "Waldorf", "stateCode": "MD", "state": "Maryland", "county": "Charles", "metro": "Washington DC", "population": 77711, "geo": {"lat": 38.6246, "lon": -76.9391, "tz": "America/New_York"}},
  {"name": "Gaithersburg", "stateCode": "MD", "state": "Maryland", "county": "Montgomery", "metro": "Washington DC", "population": 69657, "geo": {"lat": 39.1434, "lon": -77.2014, "tz": "America/New_York"}},
  {"name": "Rockville", "stateCode": "MD", "state": "Maryland", "county": "Montgomery", "metro": "Washington DC", "population": 68401, "geo": {"lat": 39.0840, "lon": -77.1528, "tz": "America/New_York"}},
  {"name": "Bethesda", "stateCode": "MD", "state": "Maryland", "county": "Montgomery", "metro": "Washington DC", "population": 63374, "geo": {"lat": 38.9847, "lon": -77.0947, "tz": "America/New_York"}},
  {"name": "Ellicott City", "stateCode": "MD", "state": "Maryland", "county": "Howard", "metro": "Baltimore-Washington", "population": 73272, "geo": {"lat": 39.2673, "lon": -76.7983, "tz": "America/New_York"}},
  {"name": "Columbia", "stateCode": "MD", "state": "Maryland", "county": "Howard", "metro": "Baltimore-Washington", "population": 104681, "geo": {"lat": 39.2037, "lon": -76.8610, "tz": "America/New_York"}},
  {"name": "Bowie", "stateCode": "MD", "state": "Maryland", "county": "Prince George's", "metro": "Washington DC", "population": 58682, "geo": {"lat": 39.0068, "lon": -76.7791, "tz": "America/New_York"}},
  {"name": "Dundalk", "stateCode": "MD", "state": "Maryland", "county": "Baltimore", "metro": "Baltimore-Washington", "population": 63597, "geo": {"lat": 39.2504, "lon": -76.5205, "tz": "America/New_York"}},
  {"name": "Towson", "stateCode": "MD", "state": "Maryland", "county": "Baltimore", "metro": "Baltimore-Washington", "population": 57542, "geo": {"lat": 39.4015, "lon": -76.6019, "tz": "America/New_York"}},
  {"name": "Aspen Hill", "stateCode": "MD", "state": "Maryland", "county": "Montgomery", "metro": "Washington DC", "population": 53347, "geo": {"lat": 39.0879, "lon": -77.0839, "tz": "America/New_York"}},
  {"name": "Wheaton", "stateCode": "MD", "state": "Maryland", "county": "Montgomery", "metro": "Washington DC", "population": 51491, "geo": {"lat": 39.0398, "lon": -77.0553, "tz": "America/New_York"}},
  {"name": "North Bethesda", "stateCode": "MD", "state": "Maryland", "county": "Montgomery", "metro": "Washington DC", "population": 49924, "geo": {"lat": 39.0445, "lon": -77.1189, "tz": "America/New_York"}},
  {"name": "Potomac", "stateCode": "MD", "state": "Maryland", "county": "Montgomery", "metro": "Washington DC", "population": 46716, "geo": {"lat": 39.0182, "lon": -77.2086, "tz": "America/New_York"}},
  {"name": "Catonsville", "stateCode": "MD", "state": "Maryland", "county": "Baltimore", "metro": "Baltimore-Washington", "population": 44701, "geo": {"lat": 39.2721, "lon": -76.7319, "tz": "America/New_York"}},
  {"name": "Hagerstown", "stateCode": "MD", "state": "Maryland", "county": "Washington", "metro": "Hagerstown-Martinsburg", "population": 41280, "geo": {"lat": 39.6418, "lon": -77.7200, "tz": "America/New_York"}},
  {"name": "Annapolis", "stateCode": "MD", "state": "Maryland", "county": "Anne Arundel", "metro": "Baltimore-Washington", "population": 40812, "geo": {"lat": 38.9784, "lon": -76.4922, "tz": "America/New_York"}},
  {"name": "Essex", "stateCode": "MD", "state": "Maryland", "county": "Baltimore", "metro": "Baltimore-Washington", "population": 40296, "geo": {"lat": 39.3093, "lon": -76.4749, "tz": "America/New_York"}},
  {"name": "Woodlawn", "stateCode": "MD", "state": "Maryland", "county": "Baltimore", "metro": "Baltimore-Washington", "population": 37879, "geo": {"lat": 39.3232, "lon": -76.7280, "tz": "America/New_York"}},
  {"name": "Glen Burnie", "stateCode": "MD", "state": "Maryland", "county": "Anne Arundel", "metro": "Baltimore-Washington", "population": 69709, "geo": {"lat": 39.1626, "lon": -76.6247, "tz": "America/New_York"}},
  {"name": "Severn", "stateCode": "MD", "state": "Maryland", "county": "Anne Arundel", "metro": "Baltimore-Washington", "population": 52872, "geo": {"lat": 39.1351, "lon": -76.6983, "tz": "America/New_York"}},
  {"name": "Odenton", "stateCode": "MD", "state": "Maryland", "county": "Anne Arundel", "metro": "Baltimore-Washington", "population": 42258, "geo": {"lat": 39.0840, "lon": -76.7002, "tz": "America/New_York"}},
  {"name": "Clinton", "stateCode": "MD", "state": "Maryland", "county": "Prince George's", "metro": "Washington DC", "population": 40023, "geo": {"lat": 38.7651, "lon": -76.9064, "tz": "America/New_York"}},
  {"name": "Severna Park", "stateCode": "MD", "state": "Maryland", "county": "Anne Arundel", "metro": "Baltimore-Washington", "population": 39020, "geo": {"lat": 39.0704, "lon": -76.5452, "tz": "America/New_York"}},
  {"name": "College Park", "stateCode": "MD", "state": "Maryland", "county": "Prince George's", "metro": "Washington DC", "population": 32303, "geo": {"lat": 38.9807, "lon": -76.9369, "tz": "America/New_York"}},
  {"name": "Salisbury", "stateCode": "MD", "state": "Maryland", "county": "Wicomico", "metro": "Salisbury", "population": 33618, "geo": {"lat": 38.3607, "lon": -75.5994, "tz": "America/New_York"}},
  {"name": "Chillum", "stateCode": "MD", "state": "Maryland", "county": "Prince George's", "metro": "Washington DC", "population": 34652, "geo": {"lat": 38.9637, "lon": -76.9908, "tz": "America/New_York"}},
  {"name": "Randallstown", "stateCode": "MD", "state": "Maryland", "county": "Baltimore", "metro": "Baltimore-Washington", "population": 34853, "geo": {"lat": 39.3676, "lon": -76.7953, "tz": "America/New_York"}},
  {"name": "Parkville", "stateCode": "MD", "state": "Maryland", "county": "Baltimore", "metro": "Baltimore-Washington", "population": 31118, "geo": {"lat": 39.3776, "lon": -76.5397, "tz": "America/New_York"}},
  {"name": "Pasadena", "stateCode": "MD", "state": "Maryland", "county": "Anne Arundel", "metro": "Baltimore-Washington", "population": 29255, "geo": {"lat": 39.1076, "lon": -76.5713, "tz": "America/New_York"}},
  {"name": "Perry Hall", "stateCode": "MD", "state": "Maryland", "county": "Baltimore", "metro": "Baltimore-Washington", "population": 28474, "geo": {"lat": 39.4126, "lon": -76.4635, "tz": "America/New_York"}},
  {"name": "Laurel", "stateCode": "MD", "state": "Maryland", "county": "Prince George's", "metro": "Washington DC", "population": 26593, "geo": {"lat": 39.0993, "lon": -76.8483, "tz": "America/New_York"}},
  {"name": "Greenbelt", "stateCode": "MD", "state": "Maryland", "county": "Prince George's", "metro": "Washington DC", "population": 24921, "geo": {"lat": 38.9956, "lon": -76.8892, "tz": "America/New_York"}},
  {"name": "Pikesville", "stateCode": "MD", "state": "Maryland", "county": "Baltimore", "metro": "Baltimore-Washington", "population": 32414, "geo": {"lat": 39.3743, "lon": -76.7225, "tz": "America/New_York"}},
  {"name": "Reisterstown", "stateCode": "MD", "state": "Maryland", "county": "Baltimore", "metro": "Baltimore-Washington", "population": 27271, "geo": {"lat": 39.4693, "lon": -76.8294, "tz": "America/New_York"}},
  {"name": "Milford Mill", "stateCode": "MD", "state": "Maryland", "county": "Baltimore", "metro": "Baltimore-Washington", "population": 30456, "geo": {"lat": 39.3451, "lon": -76.7672, "tz": "America/New_York"}},
  {"name": "Crofton", "stateCode": "MD", "state": "Maryland", "county": "Anne Arundel", "metro": "Baltimore-Washington", "population": 29271, "geo": {"lat": 39.0018, "lon": -76.6875, "tz": "America/New_York"}},
  {"name": "Owings Mills", "stateCode": "MD", "state": "Maryland", "county": "Baltimore", "metro": "Baltimore-Washington", "population": 34711, "geo": {"lat": 39.4196, "lon": -76.7803, "tz": "America/New_York"}},
  {"name": "Arbutus", "stateCode": "MD", "state": "Maryland", "county": "Baltimore", "metro": "Baltimore-Washington", "population": 20116, "geo": {"lat": 39.2454, "lon": -76.6922, "tz": "America/New_York"}},
  {"name": "Eldersburg", "stateCode": "MD", "state": "Maryland", "county": "Carroll", "metro": "Baltimore-Washington", "population": 30531, "geo": {"lat": 39.4037, "lon": -76.9500, "tz": "America/New_York"}},
  {"name": "Westminster", "stateCode": "MD", "state": "Maryland", "county": "Carroll", "metro": "Baltimore-Washington", "population": 18590, "geo": {"lat": 39.5754, "lon": -76.9958, "tz": "America/New_York"}},
  {"name": "Cumberland", "stateCode": "MD", "state": "Maryland", "county": "Allegany", "metro": "Cumberland", "population": 19812, "geo": {"lat": 39.6528, "lon": -78.7625, "tz": "America/New_York"}},
  {"name": "Arnold", "stateCode": "MD", "state": "Maryland", "county": "Anne Arundel", "metro": "Baltimore-Washington", "population": 24641, "geo": {"lat": 39.0326, "lon": -76.5027, "tz": "America/New_York"}},
  {"name": "Middle River", "stateCode": "MD", "state": "Maryland", "county": "Baltimore", "metro": "Baltimore-Washington", "population": 25191, "geo": {"lat": 39.3343, "lon": -76.4394, "tz": "America/New_York"}},
  {"name": "Edgewood", "stateCode": "MD", "state": "Maryland", "county": "Harford", "metro": "Baltimore-Washington", "population": 25562, "geo": {"lat": 39.4188, "lon": -76.2944, "tz": "America/New_York"}},
  {"name": "Bel Air", "stateCode": "MD", "state": "Maryland", "county": "Harford", "metro": "Baltimore-Washington", "population": 10588, "geo": {"lat": 39.5357, "lon": -76.3484, "tz": "America/New_York"}},
  {"name": "Aberdeen", "stateCode": "MD", "state": "Maryland", "county": "Harford", "metro": "Baltimore-Washington", "population": 16456, "geo": {"lat": 39.5096, "lon": -76.1641, "tz": "America/New_York"}},
  {"name": "Havre de Grace", "stateCode": "MD", "state": "Maryland", "county": "Harford", "metro": "Baltimore-Washington", "population": 14067, "geo": {"lat": 39.5488, "lon": -76.0917, "tz": "America/New_York"}},
  {"name": "Elkton", "stateCode": "MD", "state": "Maryland", "county": "Cecil", "metro": "Baltimore-Washington", "population": 15833, "geo": {"lat": 39.6068, "lon": -75.8333, "tz": "America/New_York"}},
  {"name": "North East", "stateCode": "MD", "state": "Maryland", "county": "Cecil", "metro": "Baltimore-Washington", "population": 3573, "geo": {"lat": 39.5982, "lon": -75.9416, "tz": "America/New_York"}},
  {"name": "Perryville", "stateCode": "MD", "state": "Maryland", "county": "Cecil", "metro": "Baltimore-Washington", "population": 4361, "geo": {"lat": 39.5601, "lon": -76.0708, "tz": "America/New_York"}},
  {"name": "Rising Sun", "stateCode": "MD", "state": "Maryland", "county": "Cecil", "metro": "Baltimore-Washington", "population": 2857, "geo": {"lat": 39.6979, "lon": -76.0625, "tz": "America/New_York"}},
  {"name": "Chesapeake Beach", "stateCode": "MD", "state": "Maryland", "county": "Calvert", "metro": "Baltimore-Washington", "population": 6079, "geo": {"lat": 38.6865, "lon": -76.5347, "tz": "America/New_York"}},
  {"name": "Prince Frederick", "stateCode": "MD", "state": "Maryland", "county": "Calvert", "metro": "Baltimore-Washington", "population": 3135, "geo": {"lat": 38.5404, "lon": -76.5847, "tz": "America/New_York"}},
  {"name": "Solomons", "stateCode": "MD", "state": "Maryland", "county": "Calvert", "metro": "Baltimore-Washington", "population": 2368, "geo": {"lat": 38.3182, "lon": -76.4541, "tz": "America/New_York"}},
  {"name": "La Plata", "stateCode": "MD", "state": "Maryland", "county": "Charles", "metro": "Washington DC", "population": 9516, "geo": {"lat": 38.5293, "lon": -76.9753, "tz": "America/New_York"}},
  {"name": "Indian Head", "stateCode": "MD", "state": "Maryland", "county": "Charles", "metro": "Washington DC", "population": 3879, "geo": {"lat": 38.6001, "lon": -77.1625, "tz": "America/New_York"}},
  {"name": "Lexington Park", "stateCode": "MD", "state": "Maryland", "county": "St. Mary's", "metro": "California-Lexington Park", "population": 12560, "geo": {"lat": 38.2668, "lon": -76.4539, "tz": "America/New_York"}},
  {"name": "California", "stateCode": "MD", "state": "Maryland", "county": "St. Mary's", "metro": "California-Lexington Park", "population": 14704, "geo": {"lat": 38.3001, "lon": -76.5069, "tz": "America/New_York"}},
  {"name": "Leonardtown", "stateCode": "MD", "state": "Maryland", "county": "St. Mary's", "metro": "California-Lexington Park", "population": 4478, "geo": {"lat": 38.2915, "lon": -76.6358, "tz": "America/New_York"}},
  {"name": "Cambridge", "stateCode": "MD", "state": "Maryland", "county": "Dorchester", "metro": "Cambridge", "population": 12326, "geo": {"lat": 38.5632, "lon": -76.0788, "tz": "America/New_York"}},
  {"name": "Easton", "stateCode": "MD", "state": "Maryland", "county": "Talbot", "metro": "Easton", "population": 16871, "geo": {"lat": 38.7743, "lon": -76.0763, "tz": "America/New_York"}},
  {"name": "St. Michaels", "stateCode": "MD", "state": "Maryland", "county": "Talbot", "metro": "Easton", "population": 1029, "geo": {"lat": 38.7851, "lon": -76.2241, "tz": "America/New_York"}},
  {"name": "Oxford", "stateCode": "MD", "state": "Maryland", "county": "Talbot", "metro": "Easton", "population": 651, "geo": {"lat": 38.6857, "lon": -76.1716, "tz": "America/New_York"}},
  {"name": "Centreville", "stateCode": "MD", "state": "Maryland", "county": "Queen Anne's", "metro": "Baltimore-Washington", "population": 4835, "geo": {"lat": 39.0418, "lon": -76.0663, "tz": "America/New_York"}},
  {"name": "Chestertown", "stateCode": "MD", "state": "Maryland", "county": "Kent", "metro": "Chestertown", "population": 5252, "geo": {"lat": 39.2090, "lon": -76.0663, "tz": "America/New_York"}},
  {"name": "Denton", "stateCode": "MD", "state": "Maryland", "county": "Caroline", "metro": "Denton", "population": 4636, "geo": {"lat": 38.8846, "lon": -75.8277, "tz": "America/New_York"}},
  {"name": "Ocean City", "stateCode": "MD", "state": "Maryland", "county": "Worcester", "metro": "Ocean City", "population": 6957, "geo": {"lat": 38.3365, "lon": -75.0849, "tz": "America/New_York"}},
  {"name": "Berlin", "stateCode": "MD", "state": "Maryland", "county": "Worcester", "metro": "Ocean City", "population": 5114, "geo": {"lat": 38.3226, "lon": -75.2177, "tz": "America/New_York"}},
  {"name": "Snow Hill", "stateCode": "MD", "state": "Maryland", "county": "Worcester", "metro": "Ocean City", "population": 2103, "geo": {"lat": 38.1768, "lon": -75.3927, "tz": "America/New_York"}},
  {"name": "Pocomoke City", "stateCode": "MD", "state": "Maryland", "county": "Worcester", "metro": "Ocean City", "population": 4184, "geo": {"lat": 38.0757, "lon": -75.5677, "tz": "America/New_York"}},
  {"name": "Princess Anne", "stateCode": "MD", "state": "Maryland", "county": "Somerset", "metro": "Salisbury", "population": 3290, "geo": {"lat": 38.2026, "lon": -75.6927, "tz": "America/New_York"}},
  {"name": "Crisfield", "stateCode": "MD", "state": "Maryland", "county": "Somerset", "metro": "Salisbury", "population": 2572, "geo": {"lat": 37.9835, "lon": -75.8538, "tz": "America/New_York"}},
  {"name": "Fruitland", "stateCode": "MD", "state": "Maryland", "county": "Wicomico", "metro": "Salisbury", "population": 5446, "geo": {"lat": 38.3221, "lon": -75.6205, "tz": "America/New_York"}},
  {"name": "Delmar", "stateCode": "MD", "state": "Maryland", "county": "Wicomico", "metro": "Salisbury", "population": 3347, "geo": {"lat": 38.4565, "lon": -75.5766, "tz": "America/New_York"}},
  {"name": "Takoma Park", "stateCode": "MD", "state": "Maryland", "county": "Montgomery", "metro": "Washington DC", "population": 17703, "geo": {"lat": 38.9779, "lon": -77.0075, "tz": "America/New_York"}},
  {"name": "Hyattsville", "stateCode": "MD", "state": "Maryland", "county": "Prince George's", "metro": "Washington DC", "population": 18267, "geo": {"lat": 38.9559, "lon": -76.9455, "tz": "America/New_York"}},
  {"name": "Bladensburg", "stateCode": "MD", "state": "Maryland", "county": "Prince George's", "metro": "Washington DC", "population": 9428, "geo": {"lat": 38.9390, "lon": -76.9339, "tz": "America/New_York"}},
  {"name": "Mount Rainier", "stateCode": "MD", "state": "Maryland", "county": "Prince George's", "metro": "Washington DC", "population": 8068, "geo": {"lat": 38.9418, "lon": -76.9647, "tz": "America/New_York"}},
  {"name": "Riverdale Park", "stateCode": "MD", "state": "Maryland", "county": "Prince George's", "metro": "Washington DC", "population": 7188, "geo": {"lat": 38.9629, "lon": -76.9317, "tz": "America/New_York"}},
  {"name": "New Carrollton", "stateCode": "MD", "state": "Maryland", "county": "Prince George's", "metro": "Washington DC", "population": 12589, "geo": {"lat": 38.9698, "lon": -76.8800, "tz": "America/New_York"}},
  {"name": "Lanham", "stateCode": "MD", "state": "Maryland", "county": "Prince George's", "metro": "Washington DC", "population": 10157, "geo": {"lat": 38.9687, "lon": -76.8633, "tz": "America/New_York"}},
  {"name": "Largo", "stateCode": "MD", "state": "Maryland", "county": "Prince George's", "metro": "Washington DC", "population": 11233, "geo": {"lat": 38.8976, "lon": -76.8300, "tz": "America/New_York"}},
  {"name": "Upper Marlboro", "stateCode": "MD", "state": "Maryland", "county": "Prince George's", "metro": "Washington DC", "population": 674, "geo": {"lat": 38.8162, "lon": -76.7497, "tz": "America/New_York"}},
  {"name": "Fort Washington", "stateCode": "MD", "state": "Maryland", "county": "Prince George's", "metro": "Washington DC", "population": 24032, "geo": {"lat": 38.7334, "lon": -77.0231, "tz": "America/New_York"}},
  {"name": "Suitland", "stateCode": "MD", "state": "Maryland", "county": "Prince George's", "metro": "Washington DC", "population": 25825, "geo": {"lat": 38.8484, "lon": -76.9241, "tz": "America/New_York"}},
  {"name": "Oxon Hill", "stateCode": "MD", "state": "Maryland", "county": "Prince George's", "metro": "Washington DC", "population": 18257, "geo": {"lat": 38.8037, "lon": -76.9897, "tz": "America/New_York"}},
  {"name": "Temple Hills", "stateCode": "MD", "state": "Maryland", "county": "Prince George's", "metro": "Washington DC", "population": 8211, "geo": {"lat": 38.8140, "lon": -76.9453, "tz": "America/New_York"}},
  {"name": "Camp Springs", "stateCode": "MD", "state": "Maryland", "county": "Prince George's", "metro": "Washington DC", "population": 21304, "geo": {"lat": 38.8040, "lon": -76.9069, "tz": "America/New_York"}},
  {"name": "Forestville", "stateCode": "MD", "state": "Maryland", "county": "Prince George's", "metro": "Washington DC", "population": 12577, "geo": {"lat": 38.8451, "lon": -76.8750, "tz": "America/New_York"}},
  {"name": "Brandywine", "stateCode": "MD", "state": "Maryland", "county": "Prince George's", "metro": "Washington DC", "population": 7965, "geo": {"lat": 38.6929, "lon": -76.8522, "tz": "America/New_York"}},
  {"name": "Olney", "stateCode": "MD", "state": "Maryland", "county": "Montgomery", "metro": "Washington DC", "population": 36310, "geo": {"lat": 39.1532, "lon": -77.0669, "tz": "America/New_York"}},
  {"name": "Clarksburg", "stateCode": "MD", "state": "Maryland", "county": "Montgomery", "metro": "Washington DC", "population": 13766, "geo": {"lat": 39.2387, "lon": -77.2794, "tz": "America/New_York"}},
  {"name": "Damascus", "stateCode": "MD", "state": "Maryland", "county": "Montgomery", "metro": "Washington DC", "population": 17003, "geo": {"lat": 39.2879, "lon": -77.2039, "tz": "America/New_York"}},
  {"name": "Poolesville", "stateCode": "MD", "state": "Maryland", "county": "Montgomery", "metro": "Washington DC", "population": 5270, "geo": {"lat": 39.1457, "lon": -77.4172, "tz": "America/New_York"}},
  {"name": "Kensington", "stateCode": "MD", "state": "Maryland", "county": "Montgomery", "metro": "Washington DC", "population": 2451, "geo": {"lat": 39.0257, "lon": -77.0764, "tz": "America/New_York"}},
  {"name": "Chevy Chase", "stateCode": "MD", "state": "Maryland", "county": "Montgomery", "metro": "Washington DC", "population": 10012, "geo": {"lat": 38.9987, "lon": -77.0859, "tz": "America/New_York"}},
  {"name": "Garrett Park", "stateCode": "MD", "state": "Maryland", "county": "Montgomery", "metro": "Washington DC", "population": 1040, "geo": {"lat": 39.0379, "lon": -77.0936, "tz": "America/New_York"}},
  {"name": "Frostburg", "stateCode": "MD", "state": "Maryland", "county": "Allegany", "metro": "Cumberland", "population": 8586, "geo": {"lat": 39.6581, "lon": -78.9286, "tz": "America/New_York"}},
  {"name": "Oakland", "stateCode": "MD", "state": "Maryland", "county": "Garrett", "metro": "Oakland", "population": 1930, "geo": {"lat": 39.4076, "lon": -79.4067, "tz": "America/New_York"}},
  {"name": "Deep Creek Lake", "stateCode": "MD", "state": "Maryland", "county": "Garrett", "metro": "Oakland", "population": 4509, "geo": {"lat": 39.5123, "lon": -79.3481, "tz": "America/New_York"}},
  {"name": "Mount Airy", "stateCode": "MD", "state": "Maryland", "county": "Carroll", "metro": "Baltimore-Washington", "population": 9439, "geo": {"lat": 39.3762, "lon": -77.1547, "tz": "America/New_York"}},
  {"name": "Sykesville", "stateCode": "MD", "state": "Maryland", "county": "Carroll", "metro": "Baltimore-Washington", "population": 4436, "geo": {"lat": 39.3748, "lon": -76.9678, "tz": "America/New_York"}},
  {"name": "Taneytown", "stateCode": "MD", "state": "Maryland", "county": "Carroll", "metro": "Baltimore-Washington", "population": 6837, "geo": {"lat": 39.6579, "lon": -77.1747, "tz": "America/New_York"}},
  {"name": "Hampstead", "stateCode": "MD", "state": "Maryland", "county": "Carroll", "metro": "Baltimore-Washington", "population": 6591, "geo": {"lat": 39.6048, "lon": -76.8500, "tz": "America/New_York"}},
  {"name": "Manchester", "stateCode": "MD", "state": "Maryland", "county": "Carroll", "metro": "Baltimore-Washington", "population": 4808, "geo": {"lat": 39.6615, "lon": -76.8847, "tz": "America/New_York"}},
  {"name": "Thurmont", "stateCode": "MD", "state": "Maryland", "county": "Frederick", "metro": "Baltimore-Washington", "population": 6798, "geo": {"lat": 39.6237, "lon": -77.4108, "tz": "America/New_York"}},
  {"name": "Emmitsburg", "stateCode": "MD", "state": "Maryland", "county": "Frederick", "metro": "Baltimore-Washington", "population": 3013, "geo": {"lat": 39.7043, "lon": -77.3264, "tz": "America/New_York"}},
  {"name": "Brunswick", "stateCode": "MD", "state": "Maryland", "county": "Frederick", "metro": "Baltimore-Washington", "population": 6404, "geo": {"lat": 39.3143, "lon": -77.6278, "tz": "America/New_York"}},
  {"name": "Middletown", "stateCode": "MD", "state": "Maryland", "county": "Frederick", "metro": "Baltimore-Washington", "population": 4738, "geo": {"lat": 39.4432, "lon": -77.5453, "tz": "America/New_York"}},
  {"name": "Myersville", "stateCode": "MD", "state": "Maryland", "county": "Frederick", "metro": "Baltimore-Washington", "population": 2065, "geo": {"lat": 39.5065, "lon": -77.5664, "tz": "America/New_York"}},
  {"name": "New Market", "stateCode": "MD", "state": "Maryland", "county": "Frederick", "metro": "Baltimore-Washington", "population": 1839, "geo": {"lat": 39.3829, "lon": -77.2731, "tz": "America/New_York"}},
  {"name": "Boonsboro", "stateCode": "MD", "state": "Maryland", "county": "Washington", "metro": "Hagerstown-Martinsburg", "population": 3602, "geo": {"lat": 39.5073, "lon": -77.6536, "tz": "America/New_York"}},
  {"name": "Smithsburg", "stateCode": "MD", "state": "Maryland", "county": "Washington", "metro": "Hagerstown-Martinsburg", "population": 3011, "geo": {"lat": 39.6548, "lon": -77.5731, "tz": "America/New_York"}},
  {"name": "Williamsport", "stateCode": "MD", "state": "Maryland", "county": "Washington", "metro": "Hagerstown-Martinsburg", "population": 2137, "geo": {"lat": 39.6001, "lon": -77.8206, "tz": "America/New_York"}},
  {"name": "Hancock", "stateCode": "MD", "state": "Maryland", "county": "Washington", "metro": "Hagerstown-Martinsburg", "population": 1534, "geo": {"lat": 39.6990, "lon": -78.1786, "tz": "America/New_York"}},
  {"name": "Clear Spring", "stateCode": "MD", "state": "Maryland", "county": "Washington", "metro": "Hagerstown-Martinsburg", "population": 421, "geo": {"lat": 39.6548, "lon": -77.9342, "tz": "America/New_York"}}
]
