[
  {"name": "Billings", "stateCode": "MT", "state": "Montana", "county": "Yellowstone", "metro": "Billings", "population": 117116, "geo": {"lat": 45.7833, "lon": -108.5007, "tz": "America/Denver"}},
  {"name": "Missoula", "stateCode": "MT", "state": "Montana", "county": "Missoula", "metro": "Missoula", "population": 75516, "geo": {"lat": 46.8721, "lon": -113.9940, "tz": "America/Denver"}},
  {"name": "Great Falls", "stateCode": "MT", "state": "Montana", "county": "Cascade", "metro": "Great Falls", "population": 60442, "geo": {"lat": 47.5002, "lon": -111.3008, "tz": "America/Denver"}},
  {"name": "Bozeman", "stateCode": "MT", "state": "Montana", "county": "Gallatin", "metro": "Bozeman", "population": 53293, "geo": {"lat": 45.6770, "lon": -111.0429, "tz": "America/Denver"}},
  {"name": "Butte", "stateCode": "MT", "state": "Montana", "county": "Silver Bow", "metro": "Butte-Silver Bow", "population": 34494, "geo": {"lat": 46.0038, "lon": -112.5348, "tz": "America/Denver"}},
  {"name": "Helena", "stateCode": "MT", "state": "Montana", "county": "Lewis and Clark", "metro": "Helena", "population": 32655, "geo": {"lat": 46.5891, "lon": -112.0391, "tz": "America/Denver"}},
  {"name": "Kalispell", "stateCode": "MT", "state": "Montana", "county": "Flathead", "metro": "Kalispell", "population": 26683, "geo": {"lat": 48.1920, "lon": -114.3168, "tz": "America/Denver"}},
  {"name": "Havre", "stateCode": "MT", "state": "Montana", "county": "Hill", "metro": "Havre", "population": 9846, "geo": {"lat": 48.5500, "lon": -109.6841, "tz": "America/Denver"}},
  {"name": "Anaconda", "stateCode": "MT", "state": "Montana", "county": "Deer Lodge", "metro": "Anaconda", "population": 9153, "geo": {"lat": 46.1288, "lon": -112.9432, "tz": "America/Denver"}},
  {"name": "Miles City", "stateCode": "MT", "state": "Montana", "county": "Custer", "metro": "Miles City", "population": 8647, "geo": {"lat": 46.4083, "lon": -105.8406, "tz": "America/Denver"}},
  {"name": "Belgrade", "stateCode": "MT", "state": "Montana", "county": "Gallatin", "metro": "Bozeman", "population": 11411, "geo": {"lat": 45.7758, "lon": -111.1765, "tz": "America/Denver"}},
  {"name": "Livingston", "stateCode": "MT", "state": "Montana", "county": "Park", "metro": "Livingston", "population": 8102, "geo": {"lat": 45.6616, "lon": -110.5609, "tz": "America/Denver"}},
  {"name": "Laurel", "stateCode": "MT", "state": "Montana", "county": "Yellowstone", "metro": "Billings", "population": 7012, "geo": {"lat": 45.6722, "lon": -108.7715, "tz": "America/Denver"}},
  {"name": "Whitefish", "stateCode": "MT", "state": "Montana", "county": "Flathead", "metro": "Kalispell", "population": 8032, "geo": {"lat": 48.4111, "lon": -114.3375, "tz": "America/Denver"}},
  {"name": "Lewistown", "stateCode": "MT", "state": "Montana", "county": "Fergus", "metro": "Lewistown", "population": 5952, "geo": {"lat": 47.0638, "lon": -109.4282, "tz": "America/Denver"}},
  {"name": "Sidney", "stateCode": "MT", "state": "Montana", "county": "Richland", "metro": "Sidney", "population": 6856, "geo": {"lat": 47.7167, "lon": -104.1563, "tz": "America/Denver"}},
  {"name": "Glendive", "stateCode": "MT", "state": "Montana", "county": "Dawson", "metro": "Glendive", "population": 5076, "geo": {"lat": 47.1053, "lon": -104.7127, "tz": "America/Denver"}},
  {"name": "Columbia Falls", "stateCode": "MT", "state": "Montana", "county": "Flathead", "metro": "Kalispell", "population": 6141, "geo": {"lat": 48.3719, "lon": -114.1815, "tz": "America/Denver"}},
  {"name": "Polson", "stateCode": "MT", "state": "Montana", "county": "Lake", "metro": "Polson", "population": 5310, "geo": {"lat": 47.6936, "lon": -114.1632, "tz": "America/Denver"}},
  {"name": "Dillon", "stateCode": "MT", "state": "Montana", "county": "Beaverhead", "metro": "Dillon", "population": 4257, "geo": {"lat": 45.2163, "lon": -112.6372, "tz": "America/Denver"}},
  {"name": "Hamilton", "stateCode": "MT", "state": "Montana", "county": "Ravalli", "metro": "Hamilton", "population": 5041, "geo": {"lat": 46.2466, "lon": -114.1591, "tz": "America/Denver"}},
  {"name": "Deer Lodge", "stateCode": "MT", "state": "Montana", "county": "Powell", "metro": "Deer Lodge", "population": 3111, "geo": {"lat": 46.3983, "lon": -112.7301, "tz": "America/Denver"}},
  {"name": "Hardin", "stateCode": "MT", "state": "Montana", "county": "Big Horn", "metro": "Hardin", "population": 3818, "geo": {"lat": 45.7322, "lon": -107.6126, "tz": "America/Denver"}},
  {"name": "Glasgow", "stateCode": "MT", "state": "Montana", "county": "Valley", "metro": "Glasgow", "population": 3364, "geo": {"lat": 48.1969, "lon": -106.6272, "tz": "America/Denver"}},
  {"name": "Cut Bank", "stateCode": "MT", "state": "Montana", "county": "Glacier", "metro": "Cut Bank", "population": 2869, "geo": {"lat": 48.6336, "lon": -112.3261, "tz": "America/Denver"}},
  {"name": "Libby", "stateCode": "MT", "state": "Montana", "county": "Lincoln", "metro": "Libby", "population": 2837, "geo": {"lat": 48.3886, "lon": -115.5558, "tz": "America/Denver"}},
  {"name": "Shelby", "stateCode": "MT", "state": "Montana", "county": "Toole", "metro": "Shelby", "population": 3011, "geo": {"lat": 48.5047, "lon": -111.8568, "tz": "America/Denver"}},
  {"name": "Conrad", "stateCode": "MT", "state": "Montana", "county": "Pondera", "metro": "Conrad", "population": 2570, "geo": {"lat": 48.1700, "lon": -111.9462, "tz": "America/Denver"}},
  {"name": "Malta", "stateCode": "MT", "state": "Montana", "county": "Phillips", "metro": "Malta", "population": 1877, "geo": {"lat": 48.3569, "lon": -107.8741, "tz": "America/Denver"}},
  {"name": "Chinook", "stateCode": "MT", "state": "Montana", "county": "Blaine", "metro": "Chinook", "population": 1203, "geo": {"lat": 48.5900, "lon": -109.2321, "tz": "America/Denver"}},
  {"name": "Wolf Point", "stateCode": "MT", "state": "Montana", "county": "Roosevelt", "metro": "Wolf Point", "population": 2517, "geo": {"lat": 48.0914, "lon": -105.6405, "tz": "America/Denver"}},
  {"name": "Colstrip", "stateCode": "MT", "state": "Montana", "county": "Rosebud", "metro": "Colstrip", "population": 2323, "geo": {"lat": 45.8844, "lon": -106.6232, "tz": "America/Denver"}},
  {"name": "Red Lodge", "stateCode": "MT", "state": "Montana", "county": "Carbon", "metro": "Red Lodge", "population": 2125, "geo": {"lat": 45.1858, "lon": -109.2468, "tz": "America/Denver"}},
  {"name": "Forsyth", "stateCode": "MT", "state": "Montana", "county": "Rosebud", "metro": "Forsyth", "population": 1736, "geo": {"lat": 46.2669, "lon": -106.6774, "tz": "America/Denver"}},
  {"name": "Ronan", "stateCode": "MT", "state": "Montana", "county": "Lake", "metro": "Polson", "population": 2016, "geo": {"lat": 47.5286, "lon": -114.1010, "tz": "America/Denver"}},
  {"name": "Stevensville", "stateCode": "MT", "state": "Montana", "county": "Ravalli", "metro": "Hamilton", "population": 2095, "geo": {"lat": 46.5102, "lon": -114.0932, "tz": "America/Denver"}},
  {"name": "Big Timber", "stateCode": "MT", "state": "Montana", "county": "Sweet Grass", "metro": "Big Timber", "population": 1764, "geo": {"lat": 45.8347, "lon": -109.9562, "tz": "America/Denver"}},
  {"name": "Three Forks", "stateCode": "MT", "state": "Montana", "county": "Gallatin", "metro": "Bozeman", "population": 2037, "geo": {"lat": 45.8922, "lon": -111.5521, "tz": "America/Denver"}},
  {"name": "Manhattan", "stateCode": "MT", "state": "Montana", "county": "Gallatin", "metro": "Bozeman", "population": 2076, "geo": {"lat": 45.8566, "lon": -111.3326, "tz": "America/Denver"}},
  {"name": "Townsend", "stateCode": "MT", "state": "Montana", "county": "Broadwater", "metro": "Helena", "population": 2003, "geo": {"lat": 46.3194, "lon": -111.5207, "tz": "America/Denver"}},
  {"name": "West Yellowstone", "stateCode": "MT", "state": "Montana", "county": "Gallatin", "metro": "West Yellowstone", "population": 1353, "geo": {"lat": 44.6621, "lon": -111.1041, "tz": "America/Denver"}},
  {"name": "Plentywood", "stateCode": "MT", "state": "Montana", "county": "Sheridan", "metro": "Plentywood", "population": 1689, "geo": {"lat": 48.7747, "lon": -104.5624, "tz": "America/Denver"}},
  {"name": "Circle", "stateCode": "MT", "state": "Montana", "county": "McCone", "metro": "Circle", "population": 615, "geo": {"lat": 47.4183, "lon": -105.5910, "tz": "America/Denver"}},
  {"name": "Roundup", "stateCode": "MT", "state": "Montana", "county": "Musselshell", "metro": "Roundup", "population": 1788, "geo": {"lat": 46.4450, "lon": -108.5418, "tz": "America/Denver"}},
  {"name": "Choteau", "stateCode": "MT", "state": "Montana", "county": "Teton", "metro": "Choteau", "population": 1684, "geo": {"lat": 47.8125, "lon": -112.1857, "tz": "America/Denver"}},
  {"name": "Baker", "stateCode": "MT", "state": "Montana", "county": "Fallon", "metro": "Baker", "population": 1741, "geo": {"lat": 46.3658, "lon": -104.2841, "tz": "America/Denver"}},
  {"name": "Eureka", "stateCode": "MT", "state": "Montana", "county": "Lincoln", "metro": "Eureka", "population": 1517, "geo": {"lat": 48.8797, "lon": -115.0533, "tz": "America/Denver"}},
  {"name": "Browning", "stateCode": "MT", "state": "Montana", "county": "Glacier", "metro": "Browning", "population": 1016, "geo": {"lat": 48.5572, "lon": -113.0136, "tz": "America/Denver"}},
  {"name": "Bigfork", "stateCode": "MT", "state": "Montana", "county": "Flathead", "metro": "Kalispell", "population": 4979, "geo": {"lat": 48.0636, "lon": -114.0729, "tz": "America/Denver"}},
  {"name": "East Helena", "stateCode": "MT", "state": "Montana", "county": "Lewis and Clark", "metro": "Helena", "population": 2395, "geo": {"lat": 46.5900, "lon": -111.9271, "tz": "America/Denver"}},
  {"name": "Lolo", "stateCode": "MT", "state": "Montana", "county": "Missoula", "metro": "Missoula", "population": 4006, "geo": {"lat": 46.7597, "lon": -114.0854, "tz": "America/Denver"}},
  {"name": "Four Corners", "stateCode": "MT", "state": "Montana", "county": "Gallatin", "metro": "Bozeman", "population": 4435, "geo": {"lat": 45.6311, "lon": -111.1857, "tz": "America/Denver"}},
  {"name": "Orchard Homes", "stateCode": "MT", "state": "Montana", "county": "Missoula", "metro": "Missoula", "population": 5777, "geo": {"lat": 46.8611, "lon": -114.0615, "tz": "America/Denver"}},
  {"name": "Lockwood", "stateCode": "MT", "state": "Montana", "county": "Yellowstone", "metro": "Billings", "population": 8708, "geo": {"lat": 45.8125, "lon": -108.4115, "tz": "America/Denver"}},
  {"name": "Helena Valley West Central", "stateCode": "MT", "state": "Montana", "county": "Lewis and Clark", "metro": "Helena", "population": 8395, "geo": {"lat": 46.6597, "lon": -112.0593, "tz": "America/Denver"}},
  {"name": "Evergreen", "stateCode": "MT", "state": "Montana", "county": "Flathead", "metro": "Kalispell", "population": 9315, "geo": {"lat": 48.2283, "lon": -114.2793, "tz": "America/Denver"}}
]
