[
  {"name": "Charlotte", "stateCode": "NC", "state": "North Carolina", "county": "Mecklenburg County", "metro": "Charlotte-Concord-Gastonia", "population": 874579, "geo": {"lat": 35.2271, "lon": -80.8431, "tz": "America/New_York"}},
  {"name": "Raleigh", "stateCode": "NC", "state": "North Carolina", "county": "Wake County", "metro": "Raleigh-Cary", "population": 467665, "geo": {"lat": 35.7796, "lon": -78.6382, "tz": "America/New_York"}},
  {"name": "Greensboro", "stateCode": "NC", "state": "North Carolina", "county": "Guilford County", "metro": "Greensboro-High Point", "population": 299035, "geo": {"lat": 36.0726, "lon": -79.7920, "tz": "America/New_York"}},
  {"name": "Durham", "stateCode": "NC", "state": "North Carolina", "county": "Durham County", "metro": "Durham-Chapel Hill", "population": 283506, "geo": {"lat": 35.9940, "lon": -78.8986, "tz": "America/New_York"}},
  {"name": "Winston-Salem", "stateCode": "NC", "state": "North Carolina", "county": "Forsyth County", "metro": "Winston-Salem", "population": 249545, "geo": {"lat": 36.0999, "lon": -80.2442, "tz": "America/New_York"}},
  {"name": "Fayetteville", "stateCode": "NC", "state": "North Carolina", "county": "Cumberland County", "metro": "Fayetteville", "population": 211657, "geo": {"lat": 35.0527, "lon": -78.8784, "tz": "America/New_York"}},
  {"name": "Cary", "stateCode": "NC", "state": "North Carolina", "county": "Wake County", "metro": "Raleigh-Cary", "population": 174721, "geo": {"lat": 35.7915, "lon": -78.7811, "tz": "America/New_York"}},
  {"name": "Wilmington", "stateCode": "NC", "state": "North Carolina", "county": "New Hanover County", "metro": "Wilmington", "population": 123744, "geo": {"lat": 34.2257, "lon": -77.9447, "tz": "America/New_York"}},
  {"name": "High Point", "stateCode": "NC", "state": "North Carolina", "county": "Guilford County", "metro": "Greensboro-High Point", "population": 112791, "geo": {"lat": 35.9557, "lon": -80.0053, "tz": "America/New_York"}},
  {"name": "Concord", "stateCode": "NC", "state": "North Carolina", "county": "Cabarrus County", "metro": "Charlotte-Concord-Gastonia", "population": 105240, "geo": {"lat": 35.4088, "lon": -80.5795, "tz": "America/New_York"}},
  {"name": "Asheville", "stateCode": "NC", "state": "North Carolina", "county": "Buncombe County", "metro": "Asheville", "population": 94067, "geo": {"lat": 35.5951, "lon": -82.5515, "tz": "America/New_York"}},
  {"name": "Gastonia", "stateCode": "NC", "state": "North Carolina", "county": "Gaston County", "metro": "Charlotte-Concord-Gastonia", "population": 80411, "geo": {"lat": 35.2621, "lon": -81.1873, "tz": "America/New_York"}},
  {"name": "Jacksonville", "stateCode": "NC", "state": "North Carolina", "county": "Onslow County", "metro": "Jacksonville", "population": 72612, "geo": {"lat": 34.7540, "lon": -77.4302, "tz": "America/New_York"}},
  {"name": "Chapel Hill", "stateCode": "NC", "state": "North Carolina", "county": "Orange County", "metro": "Durham-Chapel Hill", "population": 64051, "geo": {"lat": 35.9132, "lon": -79.0558, "tz": "America/New_York"}},
  {"name": "Huntersville", "stateCode": "NC", "state": "North Carolina", "county": "Mecklenburg County", "metro": "Charlotte-Concord-Gastonia", "population": 61255, "geo": {"lat": 35.4107, "lon": -80.8429, "tz": "America/New_York"}},
  {"name": "Apex", "stateCode": "NC", "state": "North Carolina", "county": "Wake County", "metro": "Raleigh-Cary", "population": 59476, "geo": {"lat": 35.7327, "lon": -78.8503, "tz": "America/New_York"}},
  {"name": "Hickory", "stateCode": "NC", "state": "North Carolina", "county": "Catawba County", "metro": "Hickory-Lenoir-Morganton", "population": 43490, "geo": {"lat": 35.7344, "lon": -81.3412, "tz": "America/New_York"}},
  {"name": "Wake Forest", "stateCode": "NC", "state": "North Carolina", "county": "Wake County", "metro": "Raleigh-Cary", "population": 48289, "geo": {"lat": 35.9799, "lon": -78.5097, "tz": "America/New_York"}},
  {"name": "Kannapolis", "stateCode": "NC", "state": "North Carolina", "county": "Cabarrus County", "metro": "Charlotte-Concord-Gastonia", "population": 53027, "geo": {"lat": 35.4874, "lon": -80.6217, "tz": "America/New_York"}},
  {"name": "Indian Trail", "stateCode": "NC", "state": "North Carolina", "county": "Union County", "metro": "Charlotte-Concord-Gastonia", "population": 45523, "geo": {"lat": 35.0768, "lon": -80.6693, "tz": "America/New_York"}},
  {"name": "Mooresville", "stateCode": "NC", "state": "North Carolina", "county": "Iredell County", "metro": "Charlotte-Concord-Gastonia", "population": 50920, "geo": {"lat": 35.5849, "lon": -80.8101, "tz": "America/New_York"}},
  {"name": "Burlington", "stateCode": "NC", "state": "North Carolina", "county": "Alamance County", "metro": "Burlington", "population": 57303, "geo": {"lat": 36.0957, "lon": -79.4378, "tz": "America/New_York"}},
  {"name": "Rocky Mount", "stateCode": "NC", "state": "North Carolina", "county": "Nash County", "metro": "Rocky Mount", "population": 54703, "geo": {"lat": 35.9382, "lon": -77.7905, "tz": "America/New_York"}},
  {"name": "Greenville", "stateCode": "NC", "state": "North Carolina", "county": "Pitt County", "metro": "Greenville", "population": 92156, "geo": {"lat": 35.6127, "lon": -77.3664, "tz": "America/New_York"}},
  {"name": "Matthews", "stateCode": "NC", "state": "North Carolina", "county": "Mecklenburg County", "metro": "Charlotte-Concord-Gastonia", "population": 34188, "geo": {"lat": 35.1168, "lon": -80.7237, "tz": "America/New_York"}},
  {"name": "Sanford", "stateCode": "NC", "state": "North Carolina", "county": "Lee County", "metro": "Sanford", "population": 30280, "geo": {"lat": 35.4799, "lon": -79.1803, "tz": "America/New_York"}},
  {"name": "New Bern", "stateCode": "NC", "state": "North Carolina", "county": "Craven County", "metro": "New Bern", "population": 30242, "geo": {"lat": 35.1085, "lon": -77.0441, "tz": "America/New_York"}},
  {"name": "Salisbury", "stateCode": "NC", "state": "North Carolina", "county": "Rowan County", "metro": "Salisbury", "population": 34615, "geo": {"lat": 35.6710, "lon": -80.4742, "tz": "America/New_York"}},
  {"name": "Goldsboro", "stateCode": "NC", "state": "North Carolina", "county": "Wayne County", "metro": "Goldsboro", "population": 33697, "geo": {"lat": 35.3849, "lon": -77.9928, "tz": "America/New_York"}},
  {"name": "Lumberton", "stateCode": "NC", "state": "North Carolina", "county": "Robeson County", "metro": "Lumberton", "population": 20922, "geo": {"lat": 34.6182, "lon": -79.0086, "tz": "America/New_York"}},
  {"name": "Morrisville", "stateCode": "NC", "state": "North Carolina", "county": "Wake County", "metro": "Raleigh-Cary", "population": 30023, "geo": {"lat": 35.8235, "lon": -78.8256, "tz": "America/New_York"}},
  {"name": "Holly Springs", "stateCode": "NC", "state": "North Carolina", "county": "Wake County", "metro": "Raleigh-Cary", "population": 42004, "geo": {"lat": 35.6513, "lon": -78.8336, "tz": "America/New_York"}},
  {"name": "Cornelius", "stateCode": "NC", "state": "North Carolina", "county": "Mecklenburg County", "metro": "Charlotte-Concord-Gastonia", "population": 33200, "geo": {"lat": 35.4868, "lon": -80.8601, "tz": "America/New_York"}},
  {"name": "Kernersville", "stateCode": "NC", "state": "North Carolina", "county": "Forsyth County", "metro": "Winston-Salem", "population": 25561, "geo": {"lat": 36.1198, "lon": -80.0737, "tz": "America/New_York"}},
  {"name": "Boone", "stateCode": "NC", "state": "North Carolina", "county": "Watauga County", "metro": "Boone", "population": 19205, "geo": {"lat": 36.2168, "lon": -81.6746, "tz": "America/New_York"}},
  {"name": "Outer Banks", "stateCode": "NC", "state": "North Carolina", "county": "Dare County", "metro": "Kill Devil Hills", "population": 38798, "geo": {"lat": 35.9582, "lon": -75.6249, "tz": "America/New_York"}}
]
