[
  {"name": "Fargo", "stateCode": "ND", "state": "North Dakota", "county": "Cass", "metro": "Fargo-Moorhead", "population": 125990, "geo": {"lat": 46.8772, "lon": -96.7898, "tz": "America/Chicago"}},
  {"name": "Bismarck", "stateCode": "ND", "state": "North Dakota", "county": "Burleigh", "metro": "Bismarck", "population": 73622, "geo": {"lat": 46.8083, "lon": -100.7837, "tz": "America/Chicago"}},
  {"name": "Grand Forks", "stateCode": "ND", "state": "North Dakota", "county": "Grand Forks", "metro": "Grand Forks", "population": 55839, "geo": {"lat": 47.9253, "lon": -97.0329, "tz": "America/Chicago"}},
  {"name": "Minot", "stateCode": "ND", "state": "North Dakota", "county": "Ward", "metro": "Minot", "population": 48377, "geo": {"lat": 48.2325, "lon": -101.2963, "tz": "America/Chicago"}},
  {"name": "West Fargo", "stateCode": "ND", "state": "North Dakota", "county": "Cass", "metro": "Fargo-Moorhead", "population": 36566, "geo": {"lat": 46.8750, "lon": -96.8997, "tz": "America/Chicago"}},
  {"name": "Williston", "stateCode": "ND", "state": "North Dakota", "county": "Williams", "metro": "Williston", "population": 29160, "geo": {"lat": 48.1470, "lon": -103.6180, "tz": "America/Chicago"}},
  {"name": "Dickinson", "stateCode": "ND", "state": "North Dakota", "county": "Stark", "metro": "Dickinson", "population": 22186, "geo": {"lat": 46.8792, "lon": -102.7896, "tz": "America/Denver"}},
  {"name": "Mandan", "stateCode": "ND", "state": "North Dakota", "county": "Morton", "metro": "Bismarck", "population": 22228, "geo": {"lat": 46.8267, "lon": -100.8890, "tz": "America/Chicago"}},
  {"name": "Jamestown", "stateCode": "ND", "state": "North Dakota", "county": "Stutsman", "metro": "Jamestown", "population": 15140, "geo": {"lat": 46.9106, "lon": -98.7084, "tz": "America/Chicago"}},
  {"name": "Wahpeton", "stateCode": "ND", "state": "North Dakota", "county": "Richland", "metro": "Wahpeton", "population": 7766, "geo": {"lat": 46.2652, "lon": -96.6059, "tz": "America/Chicago"}},
  {"name": "Devils Lake", "stateCode": "ND", "state": "North Dakota", "county": "Ramsey", "metro": "Devils Lake", "population": 7302, "geo": {"lat": 48.1128, "lon": -98.8651, "tz": "America/Chicago"}},
  {"name": "Valley City", "stateCode": "ND", "state": "North Dakota", "county": "Barnes", "metro": "Valley City", "population": 6479, "geo": {"lat": 46.9233, "lon": -98.0031, "tz": "America/Chicago"}},
  {"name": "Grafton", "stateCode": "ND", "state": "North Dakota", "county": "Walsh", "metro": "Grafton", "population": 4284, "geo": {"lat": 48.4122, "lon": -97.4106, "tz": "America/Chicago"}},
  {"name": "Beulah", "stateCode": "ND", "state": "North Dakota", "county": "Mercer", "metro": "Beulah", "population": 3246, "geo": {"lat": 47.2636, "lon": -101.7779, "tz": "America/Chicago"}},
  {"name": "Lincoln", "stateCode": "ND", "state": "North Dakota", "county": "Burleigh", "metro": "Bismarck", "population": 4174, "geo": {"lat": 46.7625, "lon": -100.7001, "tz": "America/Chicago"}},
  {"name": "Rugby", "stateCode": "ND", "state": "North Dakota", "county": "Pierce", "metro": "Rugby", "population": 2724, "geo": {"lat": 48.3689, "lon": -99.9962, "tz": "America/Chicago"}},
  {"name": "Hazen", "stateCode": "ND", "state": "North Dakota", "county": "Mercer", "metro": "Beulah", "population": 2411, "geo": {"lat": 47.2947, "lon": -101.6223, "tz": "America/Chicago"}},
  {"name": "Bottineau", "stateCode": "ND", "state": "North Dakota", "county": "Bottineau", "metro": "Bottineau", "population": 2092, "geo": {"lat": 48.8272, "lon": -100.4462, "tz": "America/Chicago"}},
  {"name": "Watford City", "stateCode": "ND", "state": "North Dakota", "county": "McKenzie", "metro": "Williston", "population": 7307, "geo": {"lat": 47.8025, "lon": -103.2838, "tz": "America/Chicago"}},
  {"name": "Lisbon", "stateCode": "ND", "state": "North Dakota", "county": "Ransom", "metro": "Lisbon", "population": 2154, "geo": {"lat": 46.4411, "lon": -97.6812, "tz": "America/Chicago"}},
  {"name": "Carrington", "stateCode": "ND", "state": "North Dakota", "county": "Foster", "metro": "Carrington", "population": 2065, "geo": {"lat": 47.4497, "lon": -99.1262, "tz": "America/Chicago"}},
  {"name": "Oakes", "stateCode": "ND", "state": "North Dakota", "county": "Dickey", "metro": "Oakes", "population": 1859, "geo": {"lat": 46.1386, "lon": -98.0901, "tz": "America/Chicago"}},
  {"name": "Langdon", "stateCode": "ND", "state": "North Dakota", "county": "Cavalier", "metro": "Langdon", "population": 1878, "geo": {"lat": 48.7600, "lon": -98.3684, "tz": "America/Chicago"}},
  {"name": "Stanley", "stateCode": "ND", "state": "North Dakota", "county": "Mountrail", "metro": "Stanley", "population": 2691, "geo": {"lat": 48.3175, "lon": -102.3907, "tz": "America/Chicago"}},
  {"name": "Harvey", "stateCode": "ND", "state": "North Dakota", "county": "Wells", "metro": "Harvey", "population": 1783, "geo": {"lat": 47.7697, "lon": -99.9340, "tz": "America/Chicago"}},
  {"name": "Hillsboro", "stateCode": "ND", "state": "North Dakota", "county": "Traill", "metro": "Hillsboro", "population": 1603, "geo": {"lat": 47.4033, "lon": -97.0612, "tz": "America/Chicago"}},
  {"name": "Mayville", "stateCode": "ND", "state": "North Dakota", "county": "Traill", "metro": "Mayville", "population": 1858, "geo": {"lat": 47.4981, "lon": -97.3245, "tz": "America/Chicago"}},
  {"name": "Cavalier", "stateCode": "ND", "state": "North Dakota", "county": "Pembina", "metro": "Cavalier", "population": 1302, "geo": {"lat": 48.7939, "lon": -97.6223, "tz": "America/Chicago"}},
  {"name": "Park River", "stateCode": "ND", "state": "North Dakota", "county": "Walsh", "metro": "Grafton", "population": 1403, "geo": {"lat": 48.3986, "lon": -97.7412, "tz": "America/Chicago"}},
  {"name": "Rolla", "stateCode": "ND", "state": "North Dakota", "county": "Rolette", "metro": "Rolla", "population": 1280, "geo": {"lat": 48.8578, "lon": -99.6179, "tz": "America/Chicago"}},
  {"name": "Horace", "stateCode": "ND", "state": "North Dakota", "county": "Cass", "metro": "Fargo-Moorhead", "population": 3288, "geo": {"lat": 46.7583, "lon": -96.9031, "tz": "America/Chicago"}},
  {"name": "Casselton", "stateCode": "ND", "state": "North Dakota", "county": "Cass", "metro": "Fargo-Moorhead", "population": 2551, "geo": {"lat": 46.9003, "lon": -97.2112, "tz": "America/Chicago"}},
  {"name": "Tioga", "stateCode": "ND", "state": "North Dakota", "county": "Williams", "metro": "Williston", "population": 2332, "geo": {"lat": 48.3969, "lon": -102.9382, "tz": "America/Chicago"}},
  {"name": "Crosby", "stateCode": "ND", "state": "North Dakota", "county": "Divide", "metro": "Crosby", "population": 1070, "geo": {"lat": 48.9142, "lon": -103.2946, "tz": "America/Chicago"}},
  {"name": "Bowman", "stateCode": "ND", "state": "North Dakota", "county": "Bowman", "metro": "Bowman", "population": 1650, "geo": {"lat": 46.1833, "lon": -103.3952, "tz": "America/Denver"}},
  {"name": "New Town", "stateCode": "ND", "state": "North Dakota", "county": "Mountrail", "metro": "New Town", "population": 2656, "geo": {"lat": 47.9808, "lon": -102.4907, "tz": "America/Chicago"}},
  {"name": "Garrison", "stateCode": "ND", "state": "North Dakota", "county": "McLean", "metro": "Garrison", "population": 1453, "geo": {"lat": 47.6536, "lon": -101.4168, "tz": "America/Chicago"}},
  {"name": "Kenmare", "stateCode": "ND", "state": "North Dakota", "county": "Ward", "metro": "Minot", "population": 1096, "geo": {"lat": 48.6747, "lon": -102.0826, "tz": "America/Chicago"}},
  {"name": "Ellendale", "stateCode": "ND", "state": "North Dakota", "county": "Dickey", "metro": "Ellendale", "population": 1394, "geo": {"lat": 46.0036, "lon": -98.5262, "tz": "America/Chicago"}},
  {"name": "New Rockford", "stateCode": "ND", "state": "North Dakota", "county": "Eddy", "metro": "New Rockford", "population": 1391, "geo": {"lat": 47.6803, "lon": -99.1376, "tz": "America/Chicago"}},
  {"name": "Hettinger", "stateCode": "ND", "state": "North Dakota", "county": "Adams", "metro": "Hettinger", "population": 1226, "geo": {"lat": 46.0014, "lon": -102.6368, "tz": "America/Denver"}},
  {"name": "LaMoure", "stateCode": "ND", "state": "North Dakota", "county": "LaMoure", "metro": "LaMoure", "population": 890, "geo": {"lat": 46.3603, "lon": -98.2923, "tz": "America/Chicago"}},
  {"name": "Napoleon", "stateCode": "ND", "state": "North Dakota", "county": "Logan", "metro": "Napoleon", "population": 792, "geo": {"lat": 46.5083, "lon": -99.7712, "tz": "America/Chicago"}},
  {"name": "Beach", "stateCode": "ND", "state": "North Dakota", "county": "Golden Valley", "metro": "Beach", "population": 1094, "geo": {"lat": 46.9181, "lon": -104.0049, "tz": "America/Denver"}},
  {"name": "Linton", "stateCode": "ND", "state": "North Dakota", "county": "Emmons", "metro": "Linton", "population": 997, "geo": {"lat": 46.2667, "lon": -100.2334, "tz": "America/Chicago"}},
  {"name": "Wishek", "stateCode": "ND", "state": "North Dakota", "county": "McIntosh", "metro": "Wishek", "population": 996, "geo": {"lat": 46.2575, "lon": -99.5551, "tz": "America/Chicago"}},
  {"name": "Ashley", "stateCode": "ND", "state": "North Dakota", "county": "McIntosh", "metro": "Ashley", "population": 730, "geo": {"lat": 46.0342, "lon": -99.3712, "tz": "America/Chicago"}},
  {"name": "Mott", "stateCode": "ND", "state": "North Dakota", "county": "Hettinger", "metro": "Mott", "population": 721, "geo": {"lat": 46.3722, "lon": -102.3257, "tz": "America/Denver"}}
]
