[
  {"name": "Manchester", "stateCode": "NH", "state": "New Hampshire", "county": "Hillsborough", "metro": "Manchester-Nashua", "population": 115644, "geo": {"lat": 42.9956, "lon": -71.4548, "tz": "America/New_York"}},
  {"name": "Nashua", "stateCode": "NH", "state": "New Hampshire", "county": "Hillsborough", "metro": "Manchester-Nashua", "population": 91322, "geo": {"lat": 42.7654, "lon": -71.4676, "tz": "America/New_York"}},
  {"name": "Concord", "stateCode": "NH", "state": "New Hampshire", "county": "Merrimack", "metro": "Concord", "population": 43976, "geo": {"lat": 43.2081, "lon": -71.5376, "tz": "America/New_York"}},
  {"name": "Derry", "stateCode": "NH", "state": "New Hampshire", "county": "Rockingham", "metro": "Manchester-Nashua", "population": 33934, "geo": {"lat": 42.8806, "lon": -71.3273, "tz": "America/New_York"}},
  {"name": "Rochester", "stateCode": "NH", "state": "New Hampshire", "county": "Strafford", "metro": "Dover-Durham", "population": 32492, "geo": {"lat": 43.3045, "lon": -70.9756, "tz": "America/New_York"}},
  {"name": "Salem", "stateCode": "NH", "state": "New Hampshire", "county": "Rockingham", "metro": "Manchester-Nashua", "population": 29935, "geo": {"lat": 42.7886, "lon": -71.2009, "tz": "America/New_York"}},
  {"name": "Dover", "stateCode": "NH", "state": "New Hampshire", "county": "Strafford", "metro": "Dover-Durham", "population": 32741, "geo": {"lat": 43.1979, "lon": -70.8737, "tz": "America/New_York"}},
  {"name": "Merrimack", "stateCode": "NH", "state": "New Hampshire", "county": "Hillsborough", "metro": "Manchester-Nashua", "population": 26965, "geo": {"lat": 42.8651, "lon": -71.4934, "tz": "America/New_York"}},
  {"name": "Hudson", "stateCode": "NH", "state": "New Hampshire", "county": "Hillsborough", "metro": "Manchester-Nashua", "population": 25394, "geo": {"lat": 42.7651, "lon": -71.4098, "tz": "America/New_York"}},
  {"name": "Londonderry", "stateCode": "NH", "state": "New Hampshire", "county": "Rockingham", "metro": "Manchester-Nashua", "population": 25887, "geo": {"lat": 42.8651, "lon": -71.3739, "tz": "America/New_York"}},
  {"name": "Keene", "stateCode": "NH", "state": "New Hampshire", "county": "Cheshire", "metro": "Keene", "population": 23047, "geo": {"lat": 42.9337, "lon": -72.2779, "tz": "America/New_York"}},
  {"name": "Bedford", "stateCode": "NH", "state": "New Hampshire", "county": "Hillsborough", "metro": "Manchester-Nashua", "population": 23322, "geo": {"lat": 42.9465, "lon": -71.5151, "tz": "America/New_York"}},
  {"name": "Portsmouth", "stateCode": "NH", "state": "New Hampshire", "county": "Rockingham", "metro": "Dover-Durham", "population": 21956, "geo": {"lat": 43.0718, "lon": -70.7626, "tz": "America/New_York"}},
  {"name": "Goffstown", "stateCode": "NH", "state": "New Hampshire", "county": "Hillsborough", "metro": "Manchester-Nashua", "population": 18577, "geo": {"lat": 43.0201, "lon": -71.6034, "tz": "America/New_York"}},
  {"name": "Laconia", "stateCode": "NH", "state": "New Hampshire", "county": "Belknap", "metro": "Laconia", "population": 16871, "geo": {"lat": 43.5278, "lon": -71.4704, "tz": "America/New_York"}},
  {"name": "Hampton", "stateCode": "NH", "state": "New Hampshire", "county": "Rockingham", "metro": "Boston (MA)", "population": 16014, "geo": {"lat": 42.9376, "lon": -70.8387, "tz": "America/New_York"}},
  {"name": "Milford", "stateCode": "NH", "state": "New Hampshire", "county": "Hillsborough", "metro": "Manchester-Nashua", "population": 15994, "geo": {"lat": 42.8351, "lon": -71.6487, "tz": "America/New_York"}},
  {"name": "Durham", "stateCode": "NH", "state": "New Hampshire", "county": "Strafford", "metro": "Dover-Durham", "population": 17381, "geo": {"lat": 43.1339, "lon": -70.9262, "tz": "America/New_York"}},
  {"name": "Exeter", "stateCode": "NH", "state": "New Hampshire", "county": "Rockingham", "metro": "Boston (MA)", "population": 16108, "geo": {"lat": 42.9812, "lon": -70.9476, "tz": "America/New_York"}},
  {"name": "Windham", "stateCode": "NH", "state": "New Hampshire", "county": "Rockingham", "metro": "Manchester-Nashua", "population": 14954, "geo": {"lat": 42.8020, "lon": -71.3040, "tz": "America/New_York"}},
  {"name": "Hooksett", "stateCode": "NH", "state": "New Hampshire", "county": "Merrimack", "metro": "Manchester-Nashua", "population": 14698, "geo": {"lat": 43.0970, "lon": -71.4651, "tz": "America/New_York"}},
  {"name": "Claremont", "stateCode": "NH", "state": "New Hampshire", "county": "Sullivan", "metro": "Claremont-Lebanon", "population": 13355, "geo": {"lat": 43.3767, "lon": -72.3468, "tz": "America/New_York"}},
  {"name": "Lebanon", "stateCode": "NH", "state": "New Hampshire", "county": "Grafton", "metro": "Claremont-Lebanon", "population": 14282, "geo": {"lat": 43.6423, "lon": -72.2518, "tz": "America/New_York"}},
  {"name": "Pelham", "stateCode": "NH", "state": "New Hampshire", "county": "Hillsborough", "metro": "Boston (MA)", "population": 14222, "geo": {"lat": 42.7348, "lon": -71.3240, "tz": "America/New_York"}},
  {"name": "Somersworth", "stateCode": "NH", "state": "New Hampshire", "county": "Strafford", "metro": "Dover-Durham", "population": 12027, "geo": {"lat": 43.2617, "lon": -70.8873, "tz": "America/New_York"}},
  {"name": "Hanover", "stateCode": "NH", "state": "New Hampshire", "county": "Grafton", "metro": "Claremont-Lebanon", "population": 11870, "geo": {"lat": 43.7022, "lon": -72.2896, "tz": "America/New_York"}},
  {"name": "Amherst", "stateCode": "NH", "state": "New Hampshire", "county": "Hillsborough", "metro": "Manchester-Nashua", "population": 11753, "geo": {"lat": 42.8612, "lon": -71.6073, "tz": "America/New_York"}},
  {"name": "Raymond", "stateCode": "NH", "state": "New Hampshire", "county": "Rockingham", "metro": "Manchester-Nashua", "population": 10657, "geo": {"lat": 43.0359, "lon": -71.1834, "tz": "America/New_York"}},
  {"name": "Newmarket", "stateCode": "NH", "state": "New Hampshire", "county": "Rockingham", "metro": "Dover-Durham", "population": 9514, "geo": {"lat": 43.0745, "lon": -70.9337, "tz": "America/New_York"}},
  {"name": "Conway", "stateCode": "NH", "state": "New Hampshire", "county": "Carroll", "metro": "Conway", "population": 10115, "geo": {"lat": 43.9795, "lon": -71.1284, "tz": "America/New_York"}},
  {"name": "Berlin", "stateCode": "NH", "state": "New Hampshire", "county": "Coos", "metro": "Berlin", "population": 10051, "geo": {"lat": 44.4687, "lon": -71.1851, "tz": "America/New_York"}},
  {"name": "Weare", "stateCode": "NH", "state": "New Hampshire", "county": "Hillsborough", "metro": "Manchester-Nashua", "population": 9084, "geo": {"lat": 43.0737, "lon": -71.7287, "tz": "America/New_York"}},
  {"name": "Seabrook", "stateCode": "NH", "state": "New Hampshire", "county": "Rockingham", "metro": "Boston (MA)", "population": 9218, "geo": {"lat": 42.8951, "lon": -70.8687, "tz": "America/New_York"}},
  {"name": "Barrington", "stateCode": "NH", "state": "New Hampshire", "county": "Strafford", "metro": "Dover-Durham", "population": 9459, "geo": {"lat": 43.2223, "lon": -71.0326, "tz": "America/New_York"}},
  {"name": "Hampstead", "stateCode": "NH", "state": "New Hampshire", "county": "Rockingham", "metro": "Boston (MA)", "population": 8998, "geo": {"lat": 42.8748, "lon": -71.1801, "tz": "America/New_York"}},
  {"name": "Bow", "stateCode": "NH", "state": "New Hampshire", "county": "Merrimack", "metro": "Concord", "population": 8229, "geo": {"lat": 43.1323, "lon": -71.5304, "tz": "America/New_York"}},
  {"name": "Litchfield", "stateCode": "NH", "state": "New Hampshire", "county": "Hillsborough", "metro": "Manchester-Nashua", "population": 8662, "geo": {"lat": 42.8401, "lon": -71.4634, "tz": "America/New_York"}},
  {"name": "Swanzey", "stateCode": "NH", "state": "New Hampshire", "county": "Cheshire", "metro": "Keene", "population": 7329, "geo": {"lat": 42.8687, "lon": -72.2823, "tz": "America/New_York"}},
  {"name": "Gilford", "stateCode": "NH", "state": "New Hampshire", "county": "Belknap", "metro": "Laconia", "population": 7720, "geo": {"lat": 43.5470, "lon": -71.4065, "tz": "America/New_York"}},
  {"name": "Hollis", "stateCode": "NH", "state": "New Hampshire", "county": "Hillsborough", "metro": "Manchester-Nashua", "population": 8004, "geo": {"lat": 42.7426, "lon": -71.5912, "tz": "America/New_York"}},
  {"name": "Plaistow", "stateCode": "NH", "state": "New Hampshire", "county": "Rockingham", "metro": "Boston (MA)", "population": 7831, "geo": {"lat": 42.8365, "lon": -71.0951, "tz": "America/New_York"}},
  {"name": "Farmington", "stateCode": "NH", "state": "New Hampshire", "county": "Strafford", "metro": "Dover-Durham", "population": 6786, "geo": {"lat": 43.3901, "lon": -71.0673, "tz": "America/New_York"}},
  {"name": "Epsom", "stateCode": "NH", "state": "New Hampshire", "county": "Merrimack", "metro": "Concord", "population": 4801, "geo": {"lat": 43.2229, "lon": -71.3340, "tz": "America/New_York"}},
  {"name": "Pembroke", "stateCode": "NH", "state": "New Hampshire", "county": "Merrimack", "metro": "Concord", "population": 7275, "geo": {"lat": 43.1479, "lon": -71.4576, "tz": "America/New_York"}},
  {"name": "Stratham", "stateCode": "NH", "state": "New Hampshire", "county": "Rockingham", "metro": "Dover-Durham", "population": 7965, "geo": {"lat": 43.0190, "lon": -70.9012, "tz": "America/New_York"}},
  {"name": "Epping", "stateCode": "NH", "state": "New Hampshire", "county": "Rockingham", "metro": "Manchester-Nashua", "population": 7125, "geo": {"lat": 43.0415, "lon": -71.0740, "tz": "America/New_York"}},
  {"name": "Rollinsford", "stateCode": "NH", "state": "New Hampshire", "county": "Strafford", "metro": "Dover-Durham", "population": 2667, "geo": {"lat": 43.2340, "lon": -70.8237, "tz": "America/New_York"}},
  {"name": "Plymouth", "stateCode": "NH", "state": "New Hampshire", "county": "Grafton", "metro": "Plymouth", "population": 6990, "geo": {"lat": 43.7570, "lon": -71.6884, "tz": "America/New_York"}},
  {"name": "Wolfeboro", "stateCode": "NH", "state": "New Hampshire", "county": "Carroll", "metro": "Wolfeboro", "population": 6458, "geo": {"lat": 43.5840, "lon": -71.2076, "tz": "America/New_York"}},
  {"name": "Meredith", "stateCode": "NH", "state": "New Hampshire", "county": "Belknap", "metro": "Laconia", "population": 6662, "geo": {"lat": 43.6573, "lon": -71.4998, "tz": "America/New_York"}},
  {"name": "Newport", "stateCode": "NH", "state": "New Hampshire", "county": "Sullivan", "metro": "Claremont-Lebanon", "population": 6507, "geo": {"lat": 43.3651, "lon": -72.1743, "tz": "America/New_York"}},
  {"name": "Jaffrey", "stateCode": "NH", "state": "New Hampshire", "county": "Cheshire", "metro": "Keene", "population": 5457, "geo": {"lat": 42.8137, "lon": -72.0232, "tz": "America/New_York"}},
  {"name": "Peterborough", "stateCode": "NH", "state": "New Hampshire", "county": "Hillsborough", "metro": "Keene", "population": 6284, "geo": {"lat": 42.8740, "lon": -71.9518, "tz": "America/New_York"}},
  {"name": "Littleton", "stateCode": "NH", "state": "New Hampshire", "county": "Grafton", "metro": "Littleton", "population": 5928, "geo": {"lat": 44.3059, "lon": -71.7701, "tz": "America/New_York"}},
  {"name": "Franklin", "stateCode": "NH", "state": "New Hampshire", "county": "Merrimack", "metro": "Laconia", "population": 8741, "geo": {"lat": 43.4445, "lon": -71.6473, "tz": "America/New_York"}},
  {"name": "Hillsborough", "stateCode": "NH", "state": "New Hampshire", "county": "Hillsborough", "metro": "Hillsborough", "population": 6011, "geo": {"lat": 43.1148, "lon": -71.8976, "tz": "America/New_York"}},
  {"name": "Charlestown", "stateCode": "NH", "state": "New Hampshire", "county": "Sullivan", "metro": "Claremont-Lebanon", "population": 5114, "geo": {"lat": 43.2384, "lon": -72.4246, "tz": "America/New_York"}},
  {"name": "Lincoln", "stateCode": "NH", "state": "New Hampshire", "county": "Grafton", "metro": "Lincoln", "population": 1662, "geo": {"lat": 44.0454, "lon": -71.6712, "tz": "America/New_York"}},
  {"name": "North Conway", "stateCode": "NH", "state": "New Hampshire", "county": "Carroll", "metro": "Conway", "population": 2349, "geo": {"lat": 44.0537, "lon": -71.1284, "tz": "America/New_York"}},
  {"name": "Gorham", "stateCode": "NH", "state": "New Hampshire", "county": "Coos", "metro": "Berlin", "population": 2848, "geo": {"lat": 44.3879, "lon": -71.1734, "tz": "America/New_York"}},
  {"name": "Lancaster", "stateCode": "NH", "state": "New Hampshire", "county": "Coos", "metro": "Lancaster", "population": 3507, "geo": {"lat": 44.4890, "lon": -71.5701, "tz": "America/New_York"}},
  {"name": "Colebrook", "stateCode": "NH", "state": "New Hampshire", "county": "Coos", "metro": "Colebrook", "population": 2301, "geo": {"lat": 44.8929, "lon": -71.4951, "tz": "America/New_York"}},
  {"name": "Jackson", "stateCode": "NH", "state": "New Hampshire", "county": "Carroll", "metro": "Conway", "population": 967, "geo": {"lat": 44.1537, "lon": -71.1757, "tz": "America/New_York"}},
  {"name": "Sugar Hill", "stateCode": "NH", "state": "New Hampshire", "county": "Grafton", "metro": "Littleton", "population": 563, "geo": {"lat": 44.2395, "lon": -71.7812, "tz": "America/New_York"}},
  {"name": "Franconia", "stateCode": "NH", "state": "New Hampshire", "county": "Grafton", "metro": "Littleton", "population": 1093, "geo": {"lat": 44.2312, "lon": -71.7473, "tz": "America/New_York"}}
]
