[
  {"name": "Newark", "stateCode": "NJ", "state": "New Jersey", "county": "Essex County", "metro": "New York-Newark-Jersey City", "population": 311549, "geo": {"lat": 40.7357, "lon": -74.1724, "tz": "America/New_York"}},
  {"name": "Jersey City", "stateCode": "NJ", "state": "New Jersey", "county": "Hudson County", "metro": "New York-Newark-Jersey City", "population": 292449, "geo": {"lat": 40.7178, "lon": -74.0431, "tz": "America/New_York"}},
  {"name": "Paterson", "stateCode": "NJ", "state": "New Jersey", "county": "Passaic County", "metro": "New York-Newark-Jersey City", "population": 159732, "geo": {"lat": 40.9168, "lon": -74.1718, "tz": "America/New_York"}},
  {"name": "Elizabeth", "stateCode": "NJ", "state": "New Jersey", "county": "Union County", "metro": "New York-Newark-Jersey City", "population": 137298, "geo": {"lat": 40.6640, "lon": -74.2107, "tz": "America/New_York"}},
  {"name": "Trenton", "stateCode": "NJ", "state": "New Jersey", "county": "Mercer County", "metro": "Trenton-Princeton", "population": 90871, "geo": {"lat": 40.2171, "lon": -74.7429, "tz": "America/New_York"}},
  {"name": "Clifton", "stateCode": "NJ", "state": "New Jersey", "county": "Passaic County", "metro": "New York-Newark-Jersey City", "population": 90296, "geo": {"lat": 40.8584, "lon": -74.1638, "tz": "America/New_York"}},
  {"name": "Camden", "stateCode": "NJ", "state": "New Jersey", "county": "Camden County", "metro": "Philadelphia-Camden-Wilmington", "population": 73562, "geo": {"lat": 39.9259, "lon": -75.1196, "tz": "America/New_York"}},
  {"name": "Passaic", "stateCode": "NJ", "state": "New Jersey", "county": "Passaic County", "metro": "New York-Newark-Jersey City", "population": 72081, "geo": {"lat": 40.8568, "lon": -74.1285, "tz": "America/New_York"}},
  {"name": "Union City", "stateCode": "NJ", "state": "New Jersey", "county": "Hudson County", "metro": "New York-Newark-Jersey City", "population": 73994, "geo": {"lat": 40.7795, "lon": -74.0246, "tz": "America/New_York"}},
  {"name": "Bayonne", "stateCode": "NJ", "state": "New Jersey", "county": "Hudson County", "metro": "New York-Newark-Jersey City", "population": 71852, "geo": {"lat": 40.6687, "lon": -74.1143, "tz": "America/New_York"}},
  {"name": "East Orange", "stateCode": "NJ", "state": "New Jersey", "county": "Essex County", "metro": "New York-Newark-Jersey City", "population": 69674, "geo": {"lat": 40.7673, "lon": -74.2049, "tz": "America/New_York"}},
  {"name": "Vineland", "stateCode": "NJ", "state": "New Jersey", "county": "Cumberland County", "metro": "Vineland-Bridgeton", "population": 60649, "geo": {"lat": 39.4864, "lon": -75.0260, "tz": "America/New_York"}},
  {"name": "New Brunswick", "stateCode": "NJ", "state": "New Jersey", "county": "Middlesex County", "metro": "New York-Newark-Jersey City", "population": 57346, "geo": {"lat": 40.4862, "lon": -74.4518, "tz": "America/New_York"}},
  {"name": "Hoboken", "stateCode": "NJ", "state": "New Jersey", "county": "Hudson County", "metro": "New York-Newark-Jersey City", "population": 60419, "geo": {"lat": 40.7440, "lon": -74.0324, "tz": "America/New_York"}},
  {"name": "Perth Amboy", "stateCode": "NJ", "state": "New Jersey", "county": "Middlesex County", "metro": "New York-Newark-Jersey City", "population": 55024, "geo": {"lat": 40.5068, "lon": -74.2654, "tz": "America/New_York"}},
  {"name": "West New York", "stateCode": "NJ", "state": "New Jersey", "county": "Hudson County", "metro": "New York-Newark-Jersey City", "population": 53715, "geo": {"lat": 40.7879, "lon": -74.0143, "tz": "America/New_York"}},
  {"name": "Plainfield", "stateCode": "NJ", "state": "New Jersey", "county": "Union County", "metro": "New York-Newark-Jersey City", "population": 54586, "geo": {"lat": 40.6337, "lon": -74.4074, "tz": "America/New_York"}},
  {"name": "Hackensack", "stateCode": "NJ", "state": "New Jersey", "county": "Bergen County", "metro": "New York-Newark-Jersey City", "population": 46030, "geo": {"lat": 40.8859, "lon": -74.0435, "tz": "America/New_York"}},
  {"name": "Sayreville", "stateCode": "NJ", "state": "New Jersey", "county": "Middlesex County", "metro": "New York-Newark-Jersey City", "population": 46894, "geo": {"lat": 40.4593, "lon": -74.3609, "tz": "America/New_York"}},
  {"name": "Kearny", "stateCode": "NJ", "state": "New Jersey", "county": "Hudson County", "metro": "New York-Newark-Jersey City", "population": 44065, "geo": {"lat": 40.7684, "lon": -74.1454, "tz": "America/New_York"}},
  {"name": "Linden", "stateCode": "NJ", "state": "New Jersey", "county": "Union County", "metro": "New York-Newark-Jersey City", "population": 44961, "geo": {"lat": 40.6220, "lon": -74.2446, "tz": "America/New_York"}},
  {"name": "Atlantic City", "stateCode": "NJ", "state": "New Jersey", "county": "Atlantic County", "metro": "Atlantic City-Hammonton", "population": 38497, "geo": {"lat": 39.3643, "lon": -74.4229, "tz": "America/New_York"}},
  {"name": "Fort Lee", "stateCode": "NJ", "state": "New Jersey", "county": "Bergen County", "metro": "New York-Newark-Jersey City", "population": 39911, "geo": {"lat": 40.8509, "lon": -73.9712, "tz": "America/New_York"}},
  {"name": "Fair Lawn", "stateCode": "NJ", "state": "New Jersey", "county": "Bergen County", "metro": "New York-Newark-Jersey City", "population": 34127, "geo": {"lat": 40.9401, "lon": -74.1318, "tz": "America/New_York"}},
  {"name": "Long Branch", "stateCode": "NJ", "state": "New Jersey", "county": "Monmouth County", "metro": "New York-Newark-Jersey City", "population": 31084, "geo": {"lat": 40.3043, "lon": -73.9924, "tz": "America/New_York"}},
  {"name": "Garfield", "stateCode": "NJ", "state": "New Jersey", "county": "Bergen County", "metro": "New York-Newark-Jersey City", "population": 32368, "geo": {"lat": 40.8815, "lon": -74.1132, "tz": "America/New_York"}},
  {"name": "Westfield", "stateCode": "NJ", "state": "New Jersey", "county": "Union County", "metro": "New York-Newark-Jersey City", "population": 30425, "geo": {"lat": 40.6590, "lon": -74.3474, "tz": "America/New_York"}},
  {"name": "Orange", "stateCode": "NJ", "state": "New Jersey", "county": "Essex County", "metro": "New York-Newark-Jersey City", "population": 32864, "geo": {"lat": 40.7706, "lon": -74.2327, "tz": "America/New_York"}},
  {"name": "Bloomfield", "stateCode": "NJ", "state": "New Jersey", "county": "Essex County", "metro": "New York-Newark-Jersey City", "population": 51780, "geo": {"lat": 40.8068, "lon": -74.1854, "tz": "America/New_York"}},
  {"name": "Montclair", "stateCode": "NJ", "state": "New Jersey", "county": "Essex County", "metro": "New York-Newark-Jersey City", "population": 40738, "geo": {"lat": 40.8259, "lon": -74.2090, "tz": "America/New_York"}},
  {"name": "Edison", "stateCode": "NJ", "state": "New Jersey", "county": "Middlesex County", "metro": "New York-Newark-Jersey City", "population": 107588, "geo": {"lat": 40.5187, "lon": -74.4121, "tz": "America/New_York"}},
  {"name": "Woodbridge", "stateCode": "NJ", "state": "New Jersey", "county": "Middlesex County", "metro": "New York-Newark-Jersey City", "population": 103639, "geo": {"lat": 40.5576, "lon": -74.2846, "tz": "America/New_York"}},
  {"name": "Toms River", "stateCode": "NJ", "state": "New Jersey", "county": "Ocean County", "metro": "Ocean City", "population": 95438, "geo": {"lat": 39.9537, "lon": -74.1979, "tz": "America/New_York"}},
  {"name": "Hamilton", "stateCode": "NJ", "state": "New Jersey", "county": "Mercer County", "metro": "Trenton-Princeton", "population": 92297, "geo": {"lat": 40.2171, "lon": -74.7027, "tz": "America/New_York"}},
  {"name": "Princeton", "stateCode": "NJ", "state": "New Jersey", "county": "Mercer County", "metro": "Trenton-Princeton", "population": 31822, "geo": {"lat": 40.3573, "lon": -74.6672, "tz": "America/New_York"}},
  {"name": "Morristown", "stateCode": "NJ", "state": "New Jersey", "county": "Morris County", "metro": "New York-Newark-Jersey City", "population": 19509, "geo": {"lat": 40.7968, "lon": -74.4815, "tz": "America/New_York"}},
  {"name": "Red Bank", "stateCode": "NJ", "state": "New Jersey", "county": "Monmouth County", "metro": "New York-Newark-Jersey City", "population": 12451, "geo": {"lat": 40.3471, "lon": -74.0643, "tz": "America/New_York"}},
  {"name": "Asbury Park", "stateCode": "NJ", "state": "New Jersey", "county": "Monmouth County", "metro": "New York-Newark-Jersey City", "population": 15771, "geo": {"lat": 40.2204, "lon": -74.0121, "tz": "America/New_York"}},
  {"name": "Cape May", "stateCode": "NJ", "state": "New Jersey", "county": "Cape May County", "metro": "Ocean City", "population": 2768, "geo": {"lat": 38.9351, "lon": -74.9060, "tz": "America/New_York"}}
]
