[
  {"name": "Las Vegas", "stateCode": "NV", "state": "Nevada", "county": "Clark", "metro": "Las Vegas", "population": 641903, "geo": {"lat": 36.1699, "lon": -115.1398, "tz": "America/Los_Angeles"}},
  {"name": "Henderson", "stateCode": "NV", "state": "Nevada", "county": "Clark", "metro": "Las Vegas", "population": 320189, "geo": {"lat": 36.0395, "lon": -114.9817, "tz": "America/Los_Angeles"}},
  {"name": "Reno", "stateCode": "NV", "state": "Nevada", "county": "Washoe", "metro": "Reno-Sparks", "population": 264165, "geo": {"lat": 39.5296, "lon": -119.8138, "tz": "America/Los_Angeles"}},
  {"name": "North Las Vegas", "stateCode": "NV", "state": "Nevada", "county": "Clark", "metro": "Las Vegas", "population": 262527, "geo": {"lat": 36.1989, "lon": -115.1175, "tz": "America/Los_Angeles"}},
  {"name": "Paradise", "stateCode": "NV", "state": "Nevada", "county": "Clark", "metro": "Las Vegas", "population": 223167, "geo": {"lat": 36.0970, "lon": -115.1467, "tz": "America/Los_Angeles"}},
  {"name": "Sunrise Manor", "stateCode": "NV", "state": "Nevada", "county": "Clark", "metro": "Las Vegas", "population": 198187, "geo": {"lat": 36.2111, "lon": -115.0728, "tz": "America/Los_Angeles"}},
  {"name": "Spring Valley", "stateCode": "NV", "state": "Nevada", "county": "Clark", "metro": "Las Vegas", "population": 215551, "geo": {"lat": 36.0836, "lon": -115.2453, "tz": "America/Los_Angeles"}},
  {"name": "Enterprise", "stateCode": "NV", "state": "Nevada", "county": "Clark", "metro": "Las Vegas", "population": 193875, "geo": {"lat": 36.0256, "lon": -115.2378, "tz": "America/Los_Angeles"}},
  {"name": "Sparks", "stateCode": "NV", "state": "Nevada", "county": "Washoe", "metro": "Reno-Sparks", "population": 108445, "geo": {"lat": 39.5349, "lon": -119.7527, "tz": "America/Los_Angeles"}},
  {"name": "Carson City", "stateCode": "NV", "state": "Nevada", "county": "Carson City", "metro": "Carson City", "population": 58639, "geo": {"lat": 39.1638, "lon": -119.7674, "tz": "America/Los_Angeles"}},
  {"name": "Whitney", "stateCode": "NV", "state": "Nevada", "county": "Clark", "metro": "Las Vegas", "population": 44173, "geo": {"lat": 36.1008, "lon": -115.0372, "tz": "America/Los_Angeles"}},
  {"name": "Summerlin South", "stateCode": "NV", "state": "Nevada", "county": "Clark", "metro": "Las Vegas", "population": 61380, "geo": {"lat": 36.1191, "lon": -115.3540, "tz": "America/Los_Angeles"}},
  {"name": "Elko", "stateCode": "NV", "state": "Nevada", "county": "Elko", "metro": "Elko", "population": 20279, "geo": {"lat": 40.8324, "lon": -115.7631, "tz": "America/Los_Angeles"}},
  {"name": "Fernley", "stateCode": "NV", "state": "Nevada", "county": "Lyon", "metro": "Reno-Sparks", "population": 22282, "geo": {"lat": 39.6080, "lon": -119.2518, "tz": "America/Los_Angeles"}},
  {"name": "Mesquite", "stateCode": "NV", "state": "Nevada", "county": "Clark", "metro": "Las Vegas", "population": 20700, "geo": {"lat": 36.8055, "lon": -114.0672, "tz": "America/Denver"}},
  {"name": "Winchester", "stateCode": "NV", "state": "Nevada", "county": "Clark", "metro": "Las Vegas", "population": 28119, "geo": {"lat": 36.1378, "lon": -115.1189, "tz": "America/Los_Angeles"}},
  {"name": "Boulder City", "stateCode": "NV", "state": "Nevada", "county": "Clark", "metro": "Las Vegas", "population": 16207, "geo": {"lat": 35.9786, "lon": -114.8329, "tz": "America/Los_Angeles"}},
  {"name": "Sun Valley", "stateCode": "NV", "state": "Nevada", "county": "Washoe", "metro": "Reno-Sparks", "population": 20755, "geo": {"lat": 39.5963, "lon": -119.7796, "tz": "America/Los_Angeles"}},
  {"name": "Pahrump", "stateCode": "NV", "state": "Nevada", "county": "Nye", "metro": "Pahrump", "population": 44738, "geo": {"lat": 36.2083, "lon": -115.9839, "tz": "America/Los_Angeles"}},
  {"name": "Spanish Springs", "stateCode": "NV", "state": "Nevada", "county": "Washoe", "metro": "Reno-Sparks", "population": 18022, "geo": {"lat": 39.6474, "lon": -119.7074, "tz": "America/Los_Angeles"}},
  {"name": "Gardnerville Ranchos", "stateCode": "NV", "state": "Nevada", "county": "Douglas", "metro": "Carson City", "population": 12035, "geo": {"lat": 38.8924, "lon": -119.7432, "tz": "America/Los_Angeles"}},
  {"name": "Incline Village", "stateCode": "NV", "state": "Nevada", "county": "Washoe", "metro": "Reno-Sparks", "population": 9463, "geo": {"lat": 39.2513, "lon": -119.9532, "tz": "America/Los_Angeles"}},
  {"name": "Cold Springs", "stateCode": "NV", "state": "Nevada", "county": "Washoe", "metro": "Reno-Sparks", "population": 10368, "geo": {"lat": 39.6780, "lon": -119.9771, "tz": "America/Los_Angeles"}},
  {"name": "Fallon", "stateCode": "NV", "state": "Nevada", "county": "Churchill", "metro": "Fallon", "population": 9027, "geo": {"lat": 39.4735, "lon": -118.7776, "tz": "America/Los_Angeles"}},
  {"name": "Winnemucca", "stateCode": "NV", "state": "Nevada", "county": "Humboldt", "metro": "Winnemucca", "population": 8282, "geo": {"lat": 40.9730, "lon": -117.7357, "tz": "America/Los_Angeles"}},
  {"name": "Laughlin", "stateCode": "NV", "state": "Nevada", "county": "Clark", "metro": "Las Vegas", "population": 8547, "geo": {"lat": 35.1678, "lon": -114.5728, "tz": "America/Los_Angeles"}},
  {"name": "Gardnerville", "stateCode": "NV", "state": "Nevada", "county": "Douglas", "metro": "Carson City", "population": 6211, "geo": {"lat": 38.9413, "lon": -119.7496, "tz": "America/Los_Angeles"}},
  {"name": "Minden", "stateCode": "NV", "state": "Nevada", "county": "Douglas", "metro": "Carson City", "population": 3475, "geo": {"lat": 38.9541, "lon": -119.7657, "tz": "America/Los_Angeles"}},
  {"name": "Dayton", "stateCode": "NV", "state": "Nevada", "county": "Lyon", "metro": "Carson City", "population": 16726, "geo": {"lat": 39.2374, "lon": -119.5924, "tz": "America/Los_Angeles"}},
  {"name": "Lemmon Valley", "stateCode": "NV", "state": "Nevada", "county": "Washoe", "metro": "Reno-Sparks", "population": 6285, "geo": {"lat": 39.6352, "lon": -119.8435, "tz": "America/Los_Angeles"}},
  {"name": "Indian Hills", "stateCode": "NV", "state": "Nevada", "county": "Douglas", "metro": "Carson City", "population": 6243, "geo": {"lat": 39.0888, "lon": -119.7824, "tz": "America/Los_Angeles"}},
  {"name": "Johnson Lane", "stateCode": "NV", "state": "Nevada", "county": "Douglas", "metro": "Carson City", "population": 7018, "geo": {"lat": 39.0541, "lon": -119.7207, "tz": "America/Los_Angeles"}},
  {"name": "Moapa Valley", "stateCode": "NV", "state": "Nevada", "county": "Clark", "metro": "Las Vegas", "population": 8027, "geo": {"lat": 36.5786, "lon": -114.4422, "tz": "America/Los_Angeles"}},
  {"name": "Kingsbury", "stateCode": "NV", "state": "Nevada", "county": "Douglas", "metro": "Carson City", "population": 2983, "geo": {"lat": 38.9713, "lon": -119.9146, "tz": "America/Los_Angeles"}},
  {"name": "Ely", "stateCode": "NV", "state": "Nevada", "county": "White Pine", "metro": "Ely", "population": 4011, "geo": {"lat": 39.2474, "lon": -114.8886, "tz": "America/Los_Angeles"}},
  {"name": "Carlin", "stateCode": "NV", "state": "Nevada", "county": "Elko", "metro": "Elko", "population": 2371, "geo": {"lat": 40.7149, "lon": -116.1041, "tz": "America/Los_Angeles"}},
  {"name": "Wells", "stateCode": "NV", "state": "Nevada", "county": "Elko", "metro": "Elko", "population": 1372, "geo": {"lat": 41.1113, "lon": -114.9644, "tz": "America/Los_Angeles"}},
  {"name": "West Wendover", "stateCode": "NV", "state": "Nevada", "county": "Elko", "metro": "Elko", "population": 4410, "geo": {"lat": 40.7391, "lon": -114.0736, "tz": "America/Los_Angeles"}},
  {"name": "Battle Mountain", "stateCode": "NV", "state": "Nevada", "county": "Lander", "metro": "Battle Mountain", "population": 3635, "geo": {"lat": 40.6421, "lon": -116.9341, "tz": "America/Los_Angeles"}},
  {"name": "Lovelock", "stateCode": "NV", "state": "Nevada", "county": "Pershing", "metro": "Lovelock", "population": 2200, "geo": {"lat": 40.1794, "lon": -118.4735, "tz": "America/Los_Angeles"}},
  {"name": "Yerington", "stateCode": "NV", "state": "Nevada", "county": "Lyon", "metro": "Yerington", "population": 3048, "geo": {"lat": 38.9855, "lon": -119.1627, "tz": "America/Los_Angeles"}},
  {"name": "Hawthorne", "stateCode": "NV", "state": "Nevada", "county": "Mineral", "metro": "Hawthorne", "population": 3095, "geo": {"lat": 38.5246, "lon": -118.6246, "tz": "America/Los_Angeles"}},
  {"name": "Tonopah", "stateCode": "NV", "state": "Nevada", "county": "Nye", "metro": "Tonopah", "population": 2627, "geo": {"lat": 38.0674, "lon": -117.2300, "tz": "America/Los_Angeles"}},
  {"name": "Beatty", "stateCode": "NV", "state": "Nevada", "county": "Nye", "metro": "Beatty", "population": 800, "geo": {"lat": 36.9086, "lon": -116.7592, "tz": "America/Los_Angeles"}},
  {"name": "Caliente", "stateCode": "NV", "state": "Nevada", "county": "Lincoln", "metro": "Caliente", "population": 1114, "geo": {"lat": 37.6147, "lon": -114.5119, "tz": "America/Los_Angeles"}},
  {"name": "Pioche", "stateCode": "NV", "state": "Nevada", "county": "Lincoln", "metro": "Pioche", "population": 906, "geo": {"lat": 37.9297, "lon": -114.4522, "tz": "America/Los_Angeles"}},
  {"name": "Silver Springs", "stateCode": "NV", "state": "Nevada", "county": "Lyon", "metro": "Reno-Sparks", "population": 6205, "geo": {"lat": 39.4155, "lon": -119.2246, "tz": "America/Los_Angeles"}},
  {"name": "Stateline", "stateCode": "NV", "state": "Nevada", "county": "Douglas", "metro": "Carson City", "population": 1649, "geo": {"lat": 38.9569, "lon": -119.9435, "tz": "America/Los_Angeles"}},
  {"name": "Verdi", "stateCode": "NV", "state": "Nevada", "county": "Washoe", "metro": "Reno-Sparks", "population": 1415, "geo": {"lat": 39.5185, "lon": -119.9896, "tz": "America/Los_Angeles"}},
  {"name": "Mogul", "stateCode": "NV", "state": "Nevada", "county": "Washoe", "metro": "Reno-Sparks", "population": 1496, "geo": {"lat": 39.5130, "lon": -119.9207, "tz": "America/Los_Angeles"}},
  {"name": "Virginia City", "stateCode": "NV", "state": "Nevada", "county": "Storey", "metro": "Reno-Sparks", "population": 855, "geo": {"lat": 39.3096, "lon": -119.6496, "tz": "America/Los_Angeles"}},
  {"name": "Genoa", "stateCode": "NV", "state": "Nevada", "county": "Douglas", "metro": "Carson City", "population": 240, "geo": {"lat": 39.0024, "lon": -119.8496, "tz": "America/Los_Angeles"}},
  {"name": "Stagecoach", "stateCode": "NV", "state": "Nevada", "county": "Lyon", "metro": "Carson City", "population": 2008, "geo": {"lat": 39.2685, "lon": -119.4185, "tz": "America/Los_Angeles"}},
  {"name": "Nellis AFB", "stateCode": "NV", "state": "Nevada", "county": "Clark", "metro": "Las Vegas", "population": 11407, "geo": {"lat": 36.2458, "lon": -115.0573, "tz": "America/Los_Angeles"}},
  {"name": "Jean", "stateCode": "NV", "state": "Nevada", "county": "Clark", "metro": "Las Vegas", "population": 237, "geo": {"lat": 35.7728, "lon": -115.3219, "tz": "America/Los_Angeles"}},
  {"name": "Searchlight", "stateCode": "NV", "state": "Nevada", "county": "Clark", "metro": "Las Vegas", "population": 539, "geo": {"lat": 35.4653, "lon": -114.9189, "tz": "America/Los_Angeles"}},
  {"name": "Primm", "stateCode": "NV", "state": "Nevada", "county": "Clark", "metro": "Las Vegas", "population": 450, "geo": {"lat": 35.6117, "lon": -115.3892, "tz": "America/Los_Angeles"}},
  {"name": "Jackpot", "stateCode": "NV", "state": "Nevada", "county": "Elko", "metro": "Elko", "population": 1195, "geo": {"lat": 41.9835, "lon": -114.6753, "tz": "America/Los_Angeles"}},
  {"name": "Summerlin North", "stateCode": "NV", "state": "Nevada", "county": "Clark", "metro": "Las Vegas", "population": 58708, "geo": {"lat": 36.1961, "lon": -115.3240, "tz": "America/Los_Angeles"}}
]
