[
  {"name": "New York", "stateCode": "NY", "state": "New York", "county": "New York County", "metro": "New York-Newark-Jersey City", "population": 8336817, "geo": {"lat": 40.7128, "lon": -74.0060, "tz": "America/New_York"}},
  {"name": "Buffalo", "stateCode": "NY", "state": "New York", "county": "Erie County", "metro": "Buffalo-Cheektowaga", "population": 278349, "geo": {"lat": 42.8864, "lon": -78.8784, "tz": "America/New_York"}},
  {"name": "Rochester", "stateCode": "NY", "state": "New York", "county": "Monroe County", "metro": "Rochester", "population": 211328, "geo": {"lat": 43.1566, "lon": -77.6088, "tz": "America/New_York"}},
  {"name": "Yonkers", "stateCode": "NY", "state": "New York", "county": "Westchester County", "metro": "New York-Newark-Jersey City", "population": 199663, "geo": {"lat": 40.9312, "lon": -73.8987, "tz": "America/New_York"}},
  {"name": "Syracuse", "stateCode": "NY", "state": "New York", "county": "Onondaga County", "metro": "Syracuse", "population": 148620, "geo": {"lat": 43.0481, "lon": -76.1474, "tz": "America/New_York"}},
  {"name": "Albany", "stateCode": "NY", "state": "New York", "county": "Albany County", "metro": "Albany-Schenectady-Troy", "population": 99224, "geo": {"lat": 42.6526, "lon": -73.7562, "tz": "America/New_York"}},
  {"name": "New Rochelle", "stateCode": "NY", "state": "New York", "county": "Westchester County", "metro": "New York-Newark-Jersey City", "population": 79726, "geo": {"lat": 40.9115, "lon": -73.7824, "tz": "America/New_York"}},
  {"name": "Mount Vernon", "stateCode": "NY", "state": "New York", "county": "Westchester County", "metro": "New York-Newark-Jersey City", "population": 73893, "geo": {"lat": 40.9126, "lon": -73.8371, "tz": "America/New_York"}},
  {"name": "Schenectady", "stateCode": "NY", "state": "New York", "county": "Schenectady County", "metro": "Albany-Schenectady-Troy", "population": 67051, "geo": {"lat": 42.8142, "lon": -73.9396, "tz": "America/New_York"}},
  {"name": "Utica", "stateCode": "NY", "state": "New York", "county": "Oneida County", "metro": "Utica-Rome", "population": 65284, "geo": {"lat": 43.1009, "lon": -75.2327, "tz": "America/New_York"}},
  {"name": "White Plains", "stateCode": "NY", "state": "New York", "county": "Westchester County", "metro": "New York-Newark-Jersey City", "population": 59599, "geo": {"lat": 41.0340, "lon": -73.7629, "tz": "America/New_York"}},
  {"name": "Hempstead", "stateCode": "NY", "state": "New York", "county": "Nassau County", "metro": "New York-Newark-Jersey City", "population": 55631, "geo": {"lat": 40.7062, "lon": -73.6187, "tz": "America/New_York"}},
  {"name": "Troy", "stateCode": "NY", "state": "New York", "county": "Rensselaer County", "metro": "Albany-Schenectady-Troy", "population": 51401, "geo": {"lat": 42.7284, "lon": -73.6918, "tz": "America/New_York"}},
  {"name": "Niagara Falls", "stateCode": "NY", "state": "New York", "county": "Niagara County", "metro": "Buffalo-Cheektowaga", "population": 50193, "geo": {"lat": 43.0962, "lon": -79.0377, "tz": "America/New_York"}},
  {"name": "Binghamton", "stateCode": "NY", "state": "New York", "county": "Broome County", "metro": "Binghamton", "population": 47969, "geo": {"lat": 42.0987, "lon": -75.9180, "tz": "America/New_York"}},
  {"name": "Freeport", "stateCode": "NY", "state": "New York", "county": "Nassau County", "metro": "New York-Newark-Jersey City", "population": 43713, "geo": {"lat": 40.6576, "lon": -73.5832, "tz": "America/New_York"}},
  {"name": "Long Beach", "stateCode": "NY", "state": "New York", "county": "Nassau County", "metro": "New York-Newark-Jersey City", "population": 33454, "geo": {"lat": 40.5884, "lon": -73.6579, "tz": "America/New_York"}},
  {"name": "Ithaca", "stateCode": "NY", "state": "New York", "county": "Tompkins County", "metro": "Ithaca", "population": 32574, "geo": {"lat": 42.4440, "lon": -76.5019, "tz": "America/New_York"}},
  {"name": "Poughkeepsie", "stateCode": "NY", "state": "New York", "county": "Dutchess County", "metro": "Poughkeepsie-Newburgh-Middletown", "population": 31577, "geo": {"lat": 41.7004, "lon": -73.9210, "tz": "America/New_York"}},
  {"name": "North Tonawanda", "stateCode": "NY", "state": "New York", "county": "Niagara County", "metro": "Buffalo-Cheektowaga", "population": 30564, "geo": {"lat": 43.0384, "lon": -78.8642, "tz": "America/New_York"}},
  {"name": "Jamestown", "stateCode": "NY", "state": "New York", "county": "Chautauqua County", "metro": "Jamestown-Dunkirk-Fredonia", "population": 30099, "geo": {"lat": 42.0970, "lon": -79.2353, "tz": "America/New_York"}},
  {"name": "Brooklyn", "stateCode": "NY", "state": "New York", "county": "Kings County", "metro": "New York-Newark-Jersey City", "population": 2736074, "geo": {"lat": 40.6782, "lon": -73.9442, "tz": "America/New_York"}},
  {"name": "Queens", "stateCode": "NY", "state": "New York", "county": "Queens County", "metro": "New York-Newark-Jersey City", "population": 2405464, "geo": {"lat": 40.7282, "lon": -73.7949, "tz": "America/New_York"}},
  {"name": "Manhattan", "stateCode": "NY", "state": "New York", "county": "New York County", "metro": "New York-Newark-Jersey City", "population": 1694251, "geo": {"lat": 40.7831, "lon": -73.9712, "tz": "America/New_York"}},
  {"name": "The Bronx", "stateCode": "NY", "state": "New York", "county": "Bronx County", "metro": "New York-Newark-Jersey City", "population": 1472654, "geo": {"lat": 40.8448, "lon": -73.8648, "tz": "America/New_York"}},
  {"name": "Staten Island", "stateCode": "NY", "state": "New York", "county": "Richmond County", "metro": "New York-Newark-Jersey City", "population": 495747, "geo": {"lat": 40.5795, "lon": -74.1502, "tz": "America/New_York"}},
  {"name": "Harlem", "stateCode": "NY", "state": "New York", "county": "New York County", "metro": "New York-Newark-Jersey City", "population": 116000, "geo": {"lat": 40.8116, "lon": -73.9465, "tz": "America/New_York"}},
  {"name": "Astoria", "stateCode": "NY", "state": "New York", "county": "Queens County", "metro": "New York-Newark-Jersey City", "population": 78793, "geo": {"lat": 40.7644, "lon": -73.9235, "tz": "America/New_York"}},
  {"name": "Williamsburg", "stateCode": "NY", "state": "New York", "county": "Kings County", "metro": "New York-Newark-Jersey City", "population": 151000, "geo": {"lat": 40.7081, "lon": -73.9571, "tz": "America/New_York"}},
  {"name": "Saratoga Springs", "stateCode": "NY", "state": "New York", "county": "Saratoga County", "metro": "Albany-Schenectady-Troy", "population": 28491, "geo": {"lat": 43.0831, "lon": -73.7846, "tz": "America/New_York"}},
  {"name": "Glens Falls", "stateCode": "NY", "state": "New York", "county": "Warren County", "metro": "Glens Falls", "population": 14719, "geo": {"lat": 43.3095, "lon": -73.6440, "tz": "America/New_York"}},
  {"name": "Kingston", "stateCode": "NY", "state": "New York", "county": "Ulster County", "metro": "Kingston", "population": 23887, "geo": {"lat": 41.9270, "lon": -73.9974, "tz": "America/New_York"}},
  {"name": "Middletown", "stateCode": "NY", "state": "New York", "county": "Orange County", "metro": "Poughkeepsie-Newburgh-Middletown", "population": 28425, "geo": {"lat": 41.4459, "lon": -74.4224, "tz": "America/New_York"}},
  {"name": "Newburgh", "stateCode": "NY", "state": "New York", "county": "Orange County", "metro": "Poughkeepsie-Newburgh-Middletown", "population": 28866, "geo": {"lat": 41.5034, "lon": -74.0104, "tz": "America/New_York"}},
  {"name": "Elmira", "stateCode": "NY", "state": "New York", "county": "Chemung County", "metro": "Elmira", "population": 27029, "geo": {"lat": 42.0898, "lon": -76.8077, "tz": "America/New_York"}},
  {"name": "Auburn", "stateCode": "NY", "state": "New York", "county": "Cayuga County", "metro": "Auburn", "population": 26866, "geo": {"lat": 42.9317, "lon": -76.5661, "tz": "America/New_York"}},
  {"name": "Watertown", "stateCode": "NY", "state": "New York", "county": "Jefferson County", "metro": "Watertown-Fort Drum", "population": 25210, "geo": {"lat": 43.9748, "lon": -75.9108, "tz": "America/New_York"}},
  {"name": "Rome", "stateCode": "NY", "state": "New York", "county": "Oneida County", "metro": "Utica-Rome", "population": 32148, "geo": {"lat": 43.2128, "lon": -75.4557, "tz": "America/New_York"}},
  {"name": "Ossining", "stateCode": "NY", "state": "New York", "county": "Westchester County", "metro": "New York-Newark-Jersey City", "population": 25060, "geo": {"lat": 41.1626, "lon": -73.8615, "tz": "America/New_York"}},
  {"name": "Mamaroneck", "stateCode": "NY", "state": "New York", "county": "Westchester County", "metro": "New York-Newark-Jersey City", "population": 19426, "geo": {"lat": 40.9487, "lon": -73.7329, "tz": "America/New_York"}},
  {"name": "Tarrytown", "stateCode": "NY", "state": "New York", "county": "Westchester County", "metro": "New York-Newark-Jersey City", "population": 11277, "geo": {"lat": 41.0762, "lon": -73.8587, "tz": "America/New_York"}},
  {"name": "Peekskill", "stateCode": "NY", "state": "New York", "county": "Westchester County", "metro": "New York-Newark-Jersey City", "population": 24295, "geo": {"lat": 41.2901, "lon": -73.9204, "tz": "America/New_York"}},
  {"name": "Port Chester", "stateCode": "NY", "state": "New York", "county": "Westchester County", "metro": "New York-Newark-Jersey City", "population": 30210, "geo": {"lat": 41.0018, "lon": -73.6657, "tz": "America/New_York"}},
  {"name": "Garden City", "stateCode": "NY", "state": "New York", "county": "Nassau County", "metro": "New York-Newark-Jersey City", "population": 22371, "geo": {"lat": 40.7268, "lon": -73.6343, "tz": "America/New_York"}},
  {"name": "Great Neck", "stateCode": "NY", "state": "New York", "county": "Nassau County", "metro": "New York-Newark-Jersey City", "population": 10559, "geo": {"lat": 40.8007, "lon": -73.7285, "tz": "America/New_York"}},
  {"name": "Rockville Centre", "stateCode": "NY", "state": "New York", "county": "Nassau County", "metro": "New York-Newark-Jersey City", "population": 24552, "geo": {"lat": 40.6587, "lon": -73.6412, "tz": "America/New_York"}},
  {"name": "Valley Stream", "stateCode": "NY", "state": "New York", "county": "Nassau County", "metro": "New York-Newark-Jersey City", "population": 37511, "geo": {"lat": 40.6643, "lon": -73.7085, "tz": "America/New_York"}},
  {"name": "Huntington", "stateCode": "NY", "state": "New York", "county": "Suffolk County", "metro": "New York-Newark-Jersey City", "population": 203264, "geo": {"lat": 40.8682, "lon": -73.4257, "tz": "America/New_York"}},
  {"name": "Smithtown", "stateCode": "NY", "state": "New York", "county": "Suffolk County", "metro": "New York-Newark-Jersey City", "population": 117801, "geo": {"lat": 40.8559, "lon": -73.2007, "tz": "America/New_York"}},
  {"name": "Islip", "stateCode": "NY", "state": "New York", "county": "Suffolk County", "metro": "New York-Newark-Jersey City", "population": 335543, "geo": {"lat": 40.7298, "lon": -73.2104, "tz": "America/New_York"}},
  {"name": "Babylon", "stateCode": "NY", "state": "New York", "county": "Suffolk County", "metro": "New York-Newark-Jersey City", "population": 213603, "geo": {"lat": 40.6956, "lon": -73.3257, "tz": "America/New_York"}},
  {"name": "Brookhaven", "stateCode": "NY", "state": "New York", "county": "Suffolk County", "metro": "New York-Newark-Jersey City", "population": 486040, "geo": {"lat": 40.7793, "lon": -72.9154, "tz": "America/New_York"}},
  {"name": "Southampton", "stateCode": "NY", "state": "New York", "county": "Suffolk County", "metro": "New York-Newark-Jersey City", "population": 59249, "geo": {"lat": 40.8843, "lon": -72.3896, "tz": "America/New_York"}},
  {"name": "East Hampton", "stateCode": "NY", "state": "New York", "county": "Suffolk County", "metro": "New York-Newark-Jersey City", "population": 21457, "geo": {"lat": 40.9634, "lon": -72.1848, "tz": "America/New_York"}},
  {"name": "Montauk", "stateCode": "NY", "state": "New York", "county": "Suffolk County", "metro": "New York-Newark-Jersey City", "population": 3326, "geo": {"lat": 41.0359, "lon": -71.9545, "tz": "America/New_York"}}
]
