[
  {"name": "Philadelphia", "stateCode": "PA", "state": "Pennsylvania", "county": "Philadelphia County", "metro": "Philadelphia-Camden-Wilmington", "population": 1603797, "geo": {"lat": 39.9526, "lon": -75.1652, "tz": "America/New_York"}},
  {"name": "Pittsburgh", "stateCode": "PA", "state": "Pennsylvania", "county": "Allegheny County", "metro": "Pittsburgh", "population": 302971, "geo": {"lat": 40.4406, "lon": -79.9959, "tz": "America/New_York"}},
  {"name": "Allentown", "stateCode": "PA", "state": "Pennsylvania", "county": "Lehigh County", "metro": "Allentown-Bethlehem-Easton", "population": 125845, "geo": {"lat": 40.6084, "lon": -75.4902, "tz": "America/New_York"}},
  {"name": "Reading", "stateCode": "PA", "state": "Pennsylvania", "county": "Berks County", "metro": "Reading", "population": 95112, "geo": {"lat": 40.3356, "lon": -75.9269, "tz": "America/New_York"}},
  {"name": "Scranton", "stateCode": "PA", "state": "Pennsylvania", "county": "Lackawanna County", "metro": "Scranton-Wilkes-Barre", "population": 76997, "geo": {"lat": 41.4090, "lon": -75.6624, "tz": "America/New_York"}},
  {"name": "Bethlehem", "stateCode": "PA", "state": "Pennsylvania", "county": "Northampton County", "metro": "Allentown-Bethlehem-Easton", "population": 75781, "geo": {"lat": 40.6259, "lon": -75.3705, "tz": "America/New_York"}},
  {"name": "Lancaster", "stateCode": "PA", "state": "Pennsylvania", "county": "Lancaster County", "metro": "Lancaster", "population": 63309, "geo": {"lat": 40.0379, "lon": -76.3055, "tz": "America/New_York"}},
  {"name": "Harrisburg", "stateCode": "PA", "state": "Pennsylvania", "county": "Dauphin County", "metro": "Harrisburg-Carlisle", "population": 50099, "geo": {"lat": 40.2732, "lon": -76.8867, "tz": "America/New_York"}},
  {"name": "Altoona", "stateCode": "PA", "state": "Pennsylvania", "county": "Blair County", "metro": "Altoona", "population": 44098, "geo": {"lat": 40.5187, "lon": -78.3947, "tz": "America/New_York"}},
  {"name": "Erie", "stateCode": "PA", "state": "Pennsylvania", "county": "Erie County", "metro": "Erie", "population": 94831, "geo": {"lat": 42.1292, "lon": -80.0851, "tz": "America/New_York"}},
  {"name": "York", "stateCode": "PA", "state": "Pennsylvania", "county": "York County", "metro": "York-Hanover", "population": 44747, "geo": {"lat": 39.9626, "lon": -76.7277, "tz": "America/New_York"}},
  {"name": "Wilkes-Barre", "stateCode": "PA", "state": "Pennsylvania", "county": "Luzerne County", "metro": "Scranton-Wilkes-Barre", "population": 44328, "geo": {"lat": 41.2459, "lon": -75.8813, "tz": "America/New_York"}},
  {"name": "Chester", "stateCode": "PA", "state": "Pennsylvania", "county": "Delaware County", "metro": "Philadelphia-Camden-Wilmington", "population": 33972, "geo": {"lat": 39.8496, "lon": -75.3557, "tz": "America/New_York"}},
  {"name": "Williamsport", "stateCode": "PA", "state": "Pennsylvania", "county": "Lycoming County", "metro": "Williamsport", "population": 28356, "geo": {"lat": 41.2412, "lon": -77.0011, "tz": "America/New_York"}},
  {"name": "Easton", "stateCode": "PA", "state": "Pennsylvania", "county": "Northampton County", "metro": "Allentown-Bethlehem-Easton", "population": 27545, "geo": {"lat": 40.6884, "lon": -75.2207, "tz": "America/New_York"}},
  {"name": "Lebanon", "stateCode": "PA", "state": "Pennsylvania", "county": "Lebanon County", "metro": "Lebanon", "population": 26007, "geo": {"lat": 40.3409, "lon": -76.4114, "tz": "America/New_York"}},
  {"name": "Hazleton", "stateCode": "PA", "state": "Pennsylvania", "county": "Luzerne County", "metro": "Scranton-Wilkes-Barre", "population": 26889, "geo": {"lat": 40.9584, "lon": -75.9746, "tz": "America/New_York"}},
  {"name": "Johnstown", "stateCode": "PA", "state": "Pennsylvania", "county": "Cambria County", "metro": "Johnstown", "population": 19195, "geo": {"lat": 40.3267, "lon": -78.9220, "tz": "America/New_York"}},
  {"name": "McKeesport", "stateCode": "PA", "state": "Pennsylvania", "county": "Allegheny County", "metro": "Pittsburgh", "population": 19731, "geo": {"lat": 40.3478, "lon": -79.8642, "tz": "America/New_York"}},
  {"name": "State College", "stateCode": "PA", "state": "Pennsylvania", "county": "Centre County", "metro": "State College", "population": 42034, "geo": {"lat": 40.7934, "lon": -77.8600, "tz": "America/New_York"}},
  {"name": "Norristown", "stateCode": "PA", "state": "Pennsylvania", "county": "Montgomery County", "metro": "Philadelphia-Camden-Wilmington", "population": 35285, "geo": {"lat": 40.1215, "lon": -75.3399, "tz": "America/New_York"}},
  {"name": "West Chester", "stateCode": "PA", "state": "Pennsylvania", "county": "Chester County", "metro": "Philadelphia-Camden-Wilmington", "population": 20470, "geo": {"lat": 39.9607, "lon": -75.6077, "tz": "America/New_York"}},
  {"name": "Phoenixville", "stateCode": "PA", "state": "Pennsylvania", "county": "Chester County", "metro": "Philadelphia-Camden-Wilmington", "population": 17979, "geo": {"lat": 40.1304, "lon": -75.5149, "tz": "America/New_York"}},
  {"name": "Pottstown", "stateCode": "PA", "state": "Pennsylvania", "county": "Montgomery County", "metro": "Philadelphia-Camden-Wilmington", "population": 23049, "geo": {"lat": 40.2454, "lon": -75.6496, "tz": "America/New_York"}},
  {"name": "Chambersburg", "stateCode": "PA", "state": "Pennsylvania", "county": "Franklin County", "metro": "Chambersburg-Waynesboro", "population": 21903, "geo": {"lat": 39.9376, "lon": -77.6611, "tz": "America/New_York"}},
  {"name": "New Castle", "stateCode": "PA", "state": "Pennsylvania", "county": "Lawrence County", "metro": "New Castle", "population": 22054, "geo": {"lat": 41.0037, "lon": -80.3470, "tz": "America/New_York"}},
  {"name": "Monroeville", "stateCode": "PA", "state": "Pennsylvania", "county": "Allegheny County", "metro": "Pittsburgh", "population": 27253, "geo": {"lat": 40.4217, "lon": -79.7603, "tz": "America/New_York"}},
  {"name": "Plum", "stateCode": "PA", "state": "Pennsylvania", "county": "Allegheny County", "metro": "Pittsburgh", "population": 27773, "geo": {"lat": 40.5006, "lon": -79.7503, "tz": "America/New_York"}},
  {"name": "Carlisle", "stateCode": "PA", "state": "Pennsylvania", "county": "Cumberland County", "metro": "Harrisburg-Carlisle", "population": 20161, "geo": {"lat": 40.2015, "lon": -77.1889, "tz": "America/New_York"}},
  {"name": "Hanover", "stateCode": "PA", "state": "Pennsylvania", "county": "York County", "metro": "York-Hanover", "population": 15926, "geo": {"lat": 39.8007, "lon": -76.9833, "tz": "America/New_York"}},
  {"name": "Pottsville", "stateCode": "PA", "state": "Pennsylvania", "county": "Schuylkill County", "metro": "Pottsville", "population": 13711, "geo": {"lat": 40.6856, "lon": -76.1955, "tz": "America/New_York"}},
  {"name": "Gettysburg", "stateCode": "PA", "state": "Pennsylvania", "county": "Adams County", "metro": "Gettysburg", "population": 7620, "geo": {"lat": 39.8309, "lon": -77.2311, "tz": "America/New_York"}},
  {"name": "Media", "stateCode": "PA", "state": "Pennsylvania", "county": "Delaware County", "metro": "Philadelphia-Camden-Wilmington", "population": 5554, "geo": {"lat": 39.9168, "lon": -75.3877, "tz": "America/New_York"}},
  {"name": "Doylestown", "stateCode": "PA", "state": "Pennsylvania", "county": "Bucks County", "metro": "Philadelphia-Camden-Wilmington", "population": 8380, "geo": {"lat": 40.3101, "lon": -75.1299, "tz": "America/New_York"}},
  {"name": "King of Prussia", "stateCode": "PA", "state": "Pennsylvania", "county": "Montgomery County", "metro": "Philadelphia-Camden-Wilmington", "population": 22028, "geo": {"lat": 40.0893, "lon": -75.3890, "tz": "America/New_York"}}
]
