[
  {"name": "Providence", "stateCode": "RI", "state": "Rhode Island", "county": "Providence", "metro": "Providence-Warwick", "population": 190934, "geo": {"lat": 41.8240, "lon": -71.4128, "tz": "America/New_York"}},
  {"name": "Warwick", "stateCode": "RI", "state": "Rhode Island", "county": "Kent", "metro": "Providence-Warwick", "population": 82823, "geo": {"lat": 41.7001, "lon": -71.4162, "tz": "America/New_York"}},
  {"name": "Cranston", "stateCode": "RI", "state": "Rhode Island", "county": "Providence", "metro": "Providence-Warwick", "population": 82934, "geo": {"lat": 41.7798, "lon": -71.4373, "tz": "America/New_York"}},
  {"name": "Pawtucket", "stateCode": "RI", "state": "Rhode Island", "county": "Providence", "metro": "Providence-Warwick", "population": 75604, "geo": {"lat": 41.8787, "lon": -71.3826, "tz": "America/New_York"}},
  {"name": "East Providence", "stateCode": "RI", "state": "Rhode Island", "county": "Providence", "metro": "Providence-Warwick", "population": 47139, "geo": {"lat": 41.8137, "lon": -71.3701, "tz": "America/New_York"}},
  {"name": "Woonsocket", "stateCode": "RI", "state": "Rhode Island", "county": "Providence", "metro": "Providence-Warwick", "population": 44328, "geo": {"lat": 42.0029, "lon": -71.4987, "tz": "America/New_York"}},
  {"name": "Coventry", "stateCode": "RI", "state": "Rhode Island", "county": "Kent", "metro": "Providence-Warwick", "population": 35014, "geo": {"lat": 41.6998, "lon": -71.5473, "tz": "America/New_York"}},
  {"name": "Cumberland", "stateCode": "RI", "state": "Rhode Island", "county": "Providence", "metro": "Providence-Warwick", "population": 36405, "geo": {"lat": 41.9709, "lon": -71.4326, "tz": "America/New_York"}},
  {"name": "North Providence", "stateCode": "RI", "state": "Rhode Island", "county": "Providence", "metro": "Providence-Warwick", "population": 34358, "geo": {"lat": 41.8501, "lon": -71.4662, "tz": "America/New_York"}},
  {"name": "South Kingstown", "stateCode": "RI", "state": "Rhode Island", "county": "Washington", "metro": "Providence-Warwick", "population": 31269, "geo": {"lat": 41.4459, "lon": -71.5126, "tz": "America/New_York"}},
  {"name": "West Warwick", "stateCode": "RI", "state": "Rhode Island", "county": "Kent", "metro": "Providence-Warwick", "population": 29078, "geo": {"lat": 41.6965, "lon": -71.5173, "tz": "America/New_York"}},
  {"name": "Johnston", "stateCode": "RI", "state": "Rhode Island", "county": "Providence", "metro": "Providence-Warwick", "population": 29568, "geo": {"lat": 41.8215, "lon": -71.5198, "tz": "America/New_York"}},
  {"name": "North Kingstown", "stateCode": "RI", "state": "Rhode Island", "county": "Washington", "metro": "Providence-Warwick", "population": 27733, "geo": {"lat": 41.5501, "lon": -71.4662, "tz": "America/New_York"}},
  {"name": "Newport", "stateCode": "RI", "state": "Rhode Island", "county": "Newport", "metro": "Providence-Warwick", "population": 25163, "geo": {"lat": 41.4901, "lon": -71.3128, "tz": "America/New_York"}},
  {"name": "Bristol", "stateCode": "RI", "state": "Rhode Island", "county": "Bristol", "metro": "Providence-Warwick", "population": 22493, "geo": {"lat": 41.6771, "lon": -71.2662, "tz": "America/New_York"}},
  {"name": "Lincoln", "stateCode": "RI", "state": "Rhode Island", "county": "Providence", "metro": "Providence-Warwick", "population": 22529, "geo": {"lat": 41.9209, "lon": -71.4437, "tz": "America/New_York"}},
  {"name": "Westerly", "stateCode": "RI", "state": "Rhode Island", "county": "Washington", "metro": "Providence-Warwick", "population": 22787, "geo": {"lat": 41.3776, "lon": -71.8273, "tz": "America/New_York"}},
  {"name": "Smithfield", "stateCode": "RI", "state": "Rhode Island", "county": "Providence", "metro": "Providence-Warwick", "population": 21904, "geo": {"lat": 41.9223, "lon": -71.5501, "tz": "America/New_York"}},
  {"name": "Central Falls", "stateCode": "RI", "state": "Rhode Island", "county": "Providence", "metro": "Providence-Warwick", "population": 22583, "geo": {"lat": 41.8906, "lon": -71.3926, "tz": "America/New_York"}},
  {"name": "Portsmouth", "stateCode": "RI", "state": "Rhode Island", "county": "Newport", "metro": "Providence-Warwick", "population": 17749, "geo": {"lat": 41.6023, "lon": -71.2501, "tz": "America/New_York"}},
  {"name": "Barrington", "stateCode": "RI", "state": "Rhode Island", "county": "Bristol", "metro": "Providence-Warwick", "population": 16819, "geo": {"lat": 41.7406, "lon": -71.3087, "tz": "America/New_York"}},
  {"name": "Middletown", "stateCode": "RI", "state": "Rhode Island", "county": "Newport", "metro": "Providence-Warwick", "population": 16596, "geo": {"lat": 41.5176, "lon": -71.2751, "tz": "America/New_York"}},
  {"name": "Burrillville", "stateCode": "RI", "state": "Rhode Island", "county": "Providence", "metro": "Providence-Warwick", "population": 16158, "geo": {"lat": 41.9676, "lon": -71.6726, "tz": "America/New_York"}},
  {"name": "Narragansett", "stateCode": "RI", "state": "Rhode Island", "county": "Washington", "metro": "Providence-Warwick", "population": 15868, "geo": {"lat": 41.4501, "lon": -71.4495, "tz": "America/New_York"}},
  {"name": "Tiverton", "stateCode": "RI", "state": "Rhode Island", "county": "Newport", "metro": "Providence-Warwick", "population": 15780, "geo": {"lat": 41.6262, "lon": -71.2134, "tz": "America/New_York"}},
  {"name": "East Greenwich", "stateCode": "RI", "state": "Rhode Island", "county": "Kent", "metro": "Providence-Warwick", "population": 13408, "geo": {"lat": 41.6604, "lon": -71.4559, "tz": "America/New_York"}},
  {"name": "North Smithfield", "stateCode": "RI", "state": "Rhode Island", "county": "Providence", "metro": "Providence-Warwick", "population": 12614, "geo": {"lat": 41.9626, "lon": -71.5501, "tz": "America/New_York"}},
  {"name": "Warren", "stateCode": "RI", "state": "Rhode Island", "county": "Bristol", "metro": "Providence-Warwick", "population": 10866, "geo": {"lat": 41.7301, "lon": -71.2823, "tz": "America/New_York"}},
  {"name": "Scituate", "stateCode": "RI", "state": "Rhode Island", "county": "Providence", "metro": "Providence-Warwick", "population": 10614, "geo": {"lat": 41.7915, "lon": -71.6148, "tz": "America/New_York"}},
  {"name": "Glocester", "stateCode": "RI", "state": "Rhode Island", "county": "Providence", "metro": "Providence-Warwick", "population": 10063, "geo": {"lat": 41.8884, "lon": -71.6898, "tz": "America/New_York"}},
  {"name": "Hopkinton", "stateCode": "RI", "state": "Rhode Island", "county": "Washington", "metro": "Providence-Warwick", "population": 8408, "geo": {"lat": 41.4612, "lon": -71.7773, "tz": "America/New_York"}},
  {"name": "Charlestown", "stateCode": "RI", "state": "Rhode Island", "county": "Washington", "metro": "Providence-Warwick", "population": 8004, "geo": {"lat": 41.3829, "lon": -71.6412, "tz": "America/New_York"}},
  {"name": "Richmond", "stateCode": "RI", "state": "Rhode Island", "county": "Washington", "metro": "Providence-Warwick", "population": 7614, "geo": {"lat": 41.4751, "lon": -71.6737, "tz": "America/New_York"}},
  {"name": "Exeter", "stateCode": "RI", "state": "Rhode Island", "county": "Washington", "metro": "Providence-Warwick", "population": 6679, "geo": {"lat": 41.5762, "lon": -71.5437, "tz": "America/New_York"}},
  {"name": "Foster", "stateCode": "RI", "state": "Rhode Island", "county": "Providence", "metro": "Providence-Warwick", "population": 4631, "geo": {"lat": 41.8551, "lon": -71.7515, "tz": "America/New_York"}},
  {"name": "West Greenwich", "stateCode": "RI", "state": "Rhode Island", "county": "Kent", "metro": "Providence-Warwick", "population": 6399, "geo": {"lat": 41.6354, "lon": -71.6587, "tz": "America/New_York"}},
  {"name": "Jamestown", "stateCode": "RI", "state": "Rhode Island", "county": "Newport", "metro": "Providence-Warwick", "population": 5622, "geo": {"lat": 41.4973, "lon": -71.3676, "tz": "America/New_York"}},
  {"name": "Little Compton", "stateCode": "RI", "state": "Rhode Island", "county": "Newport", "metro": "Providence-Warwick", "population": 3593, "geo": {"lat": 41.5151, "lon": -71.1648, "tz": "America/New_York"}},
  {"name": "New Shoreham", "stateCode": "RI", "state": "Rhode Island", "county": "Washington", "metro": "Providence-Warwick", "population": 1122, "geo": {"lat": 41.1726, "lon": -71.5576, "tz": "America/New_York"}},
  {"name": "Valley Falls", "stateCode": "RI", "state": "Rhode Island", "county": "Providence", "metro": "Providence-Warwick", "population": 11547, "geo": {"lat": 41.9137, "lon": -71.3901, "tz": "America/New_York"}},
  {"name": "Greenville", "stateCode": "RI", "state": "Rhode Island", "county": "Providence", "metro": "Providence-Warwick", "population": 9125, "geo": {"lat": 41.8773, "lon": -71.5526, "tz": "America/New_York"}},
  {"name": "Wakefield-Peacedale", "stateCode": "RI", "state": "Rhode Island", "county": "Washington", "metro": "Providence-Warwick", "population": 9591, "geo": {"lat": 41.4423, "lon": -71.4995, "tz": "America/New_York"}},
  {"name": "Kingston", "stateCode": "RI", "state": "Rhode Island", "county": "Washington", "metro": "Providence-Warwick", "population": 7325, "geo": {"lat": 41.4809, "lon": -71.5254, "tz": "America/New_York"}},
  {"name": "Pascoag", "stateCode": "RI", "state": "Rhode Island", "county": "Providence", "metro": "Providence-Warwick", "population": 4901, "geo": {"lat": 41.9554, "lon": -71.7023, "tz": "America/New_York"}},
  {"name": "Chepachet", "stateCode": "RI", "state": "Rhode Island", "county": "Providence", "metro": "Providence-Warwick", "population": 1857, "geo": {"lat": 41.9151, "lon": -71.6712, "tz": "America/New_York"}},
  {"name": "Watch Hill", "stateCode": "RI", "state": "Rhode Island", "county": "Washington", "metro": "Providence-Warwick", "population": 154, "geo": {"lat": 41.3062, "lon": -71.8562, "tz": "America/New_York"}},
  {"name": "Wickford", "stateCode": "RI", "state": "Rhode Island", "county": "Washington", "metro": "Providence-Warwick", "population": 1141, "geo": {"lat": 41.5751, "lon": -71.4334, "tz": "America/New_York"}}
]
