[
  {"name": "Sioux Falls", "stateCode": "SD", "state": "South Dakota", "county": "Minnehaha", "metro": "Sioux Falls", "population": 192517, "geo": {"lat": 43.5446, "lon": -96.7311, "tz": "America/Chicago"}},
  {"name": "Rapid City", "stateCode": "SD", "state": "South Dakota", "county": "Pennington", "metro": "Rapid City", "population": 74703, "geo": {"lat": 44.0805, "lon": -103.2310, "tz": "America/Denver"}},
  {"name": "Aberdeen", "stateCode": "SD", "state": "South Dakota", "county": "Brown", "metro": "Aberdeen", "population": 28324, "geo": {"lat": 45.4647, "lon": -98.4865, "tz": "America/Chicago"}},
  {"name": "Brookings", "stateCode": "SD", "state": "South Dakota", "county": "Brookings", "metro": "Brookings", "population": 24194, "geo": {"lat": 44.3114, "lon": -96.7984, "tz": "America/Chicago"}},
  {"name": "Watertown", "stateCode": "SD", "state": "South Dakota", "county": "Codington", "metro": "Watertown", "population": 22655, "geo": {"lat": 44.8994, "lon": -97.1150, "tz": "America/Chicago"}},
  {"name": "Mitchell", "stateCode": "SD", "state": "South Dakota", "county": "Davison", "metro": "Mitchell", "population": 15660, "geo": {"lat": 43.7094, "lon": -98.0298, "tz": "America/Chicago"}},
  {"name": "Yankton", "stateCode": "SD", "state": "South Dakota", "county": "Yankton", "metro": "Yankton", "population": 15839, "geo": {"lat": 42.8711, "lon": -97.3973, "tz": "America/Chicago"}},
  {"name": "Pierre", "stateCode": "SD", "state": "South Dakota", "county": "Hughes", "metro": "Pierre", "population": 14091, "geo": {"lat": 44.3683, "lon": -100.3510, "tz": "America/Chicago"}},
  {"name": "Huron", "stateCode": "SD", "state": "South Dakota", "county": "Beadle", "metro": "Huron", "population": 13899, "geo": {"lat": 44.3633, "lon": -98.2145, "tz": "America/Chicago"}},
  {"name": "Spearfish", "stateCode": "SD", "state": "South Dakota", "county": "Lawrence", "metro": "Rapid City", "population": 12193, "geo": {"lat": 44.4908, "lon": -103.8594, "tz": "America/Denver"}},
  {"name": "Vermillion", "stateCode": "SD", "state": "South Dakota", "county": "Clay", "metro": "Vermillion", "population": 11695, "geo": {"lat": 42.7794, "lon": -96.9292, "tz": "America/Chicago"}},
  {"name": "Brandon", "stateCode": "SD", "state": "South Dakota", "county": "Minnehaha", "metro": "Sioux Falls", "population": 10886, "geo": {"lat": 43.5947, "lon": -96.5717, "tz": "America/Chicago"}},
  {"name": "Box Elder", "stateCode": "SD", "state": "South Dakota", "county": "Pennington", "metro": "Rapid City", "population": 11440, "geo": {"lat": 44.1119, "lon": -103.0685, "tz": "America/Denver"}},
  {"name": "Madison", "stateCode": "SD", "state": "South Dakota", "county": "Lake", "metro": "Madison", "population": 7294, "geo": {"lat": 44.0061, "lon": -97.1145, "tz": "America/Chicago"}},
  {"name": "Sturgis", "stateCode": "SD", "state": "South Dakota", "county": "Meade", "metro": "Rapid City", "population": 7094, "geo": {"lat": 44.4094, "lon": -103.5091, "tz": "America/Denver"}},
  {"name": "Belle Fourche", "stateCode": "SD", "state": "South Dakota", "county": "Butte", "metro": "Belle Fourche", "population": 5594, "geo": {"lat": 44.6711, "lon": -103.8519, "tz": "America/Denver"}},
  {"name": "Hot Springs", "stateCode": "SD", "state": "South Dakota", "county": "Fall River", "metro": "Hot Springs", "population": 3711, "geo": {"lat": 43.4317, "lon": -103.4741, "tz": "America/Denver"}},
  {"name": "Tea", "stateCode": "SD", "state": "South Dakota", "county": "Lincoln", "metro": "Sioux Falls", "population": 5714, "geo": {"lat": 43.4475, "lon": -96.8364, "tz": "America/Chicago"}},
  {"name": "Harrisburg", "stateCode": "SD", "state": "South Dakota", "county": "Lincoln", "metro": "Sioux Falls", "population": 6768, "geo": {"lat": 43.4314, "lon": -96.6967, "tz": "America/Chicago"}},
  {"name": "Dell Rapids", "stateCode": "SD", "state": "South Dakota", "county": "Minnehaha", "metro": "Sioux Falls", "population": 3809, "geo": {"lat": 43.8261, "lon": -96.7061, "tz": "America/Chicago"}},
  {"name": "Mobridge", "stateCode": "SD", "state": "South Dakota", "county": "Walworth", "metro": "Mobridge", "population": 3386, "geo": {"lat": 45.5372, "lon": -100.4281, "tz": "America/Chicago"}},
  {"name": "Milbank", "stateCode": "SD", "state": "South Dakota", "county": "Grant", "metro": "Milbank", "population": 3340, "geo": {"lat": 45.2189, "lon": -96.6347, "tz": "America/Chicago"}},
  {"name": "Canton", "stateCode": "SD", "state": "South Dakota", "county": "Lincoln", "metro": "Sioux Falls", "population": 3468, "geo": {"lat": 43.3008, "lon": -96.5928, "tz": "America/Chicago"}},
  {"name": "Lead", "stateCode": "SD", "state": "South Dakota", "county": "Lawrence", "metro": "Rapid City", "population": 2979, "geo": {"lat": 44.3522, "lon": -103.7652, "tz": "America/Denver"}},
  {"name": "Deadwood", "stateCode": "SD", "state": "South Dakota", "county": "Lawrence", "metro": "Rapid City", "population": 1403, "geo": {"lat": 44.3767, "lon": -103.7296, "tz": "America/Denver"}},
  {"name": "Custer", "stateCode": "SD", "state": "South Dakota", "county": "Custer", "metro": "Custer", "population": 2081, "geo": {"lat": 43.7669, "lon": -103.5988, "tz": "America/Denver"}},
  {"name": "Winner", "stateCode": "SD", "state": "South Dakota", "county": "Tripp", "metro": "Winner", "population": 2897, "geo": {"lat": 43.3761, "lon": -99.8590, "tz": "America/Chicago"}},
  {"name": "Sisseton", "stateCode": "SD", "state": "South Dakota", "county": "Roberts", "metro": "Sisseton", "population": 2470, "geo": {"lat": 45.6647, "lon": -97.0498, "tz": "America/Chicago"}},
  {"name": "Chamberlain", "stateCode": "SD", "state": "South Dakota", "county": "Brule", "metro": "Chamberlain", "population": 2387, "geo": {"lat": 43.8108, "lon": -99.3306, "tz": "America/Chicago"}},
  {"name": "Redfield", "stateCode": "SD", "state": "South Dakota", "county": "Spink", "metro": "Redfield", "population": 2366, "geo": {"lat": 44.8758, "lon": -98.5187, "tz": "America/Chicago"}},
  {"name": "Fort Pierre", "stateCode": "SD", "state": "South Dakota", "county": "Stanley", "metro": "Pierre", "population": 2133, "geo": {"lat": 44.3533, "lon": -100.3737, "tz": "America/Chicago"}},
  {"name": "Webster", "stateCode": "SD", "state": "South Dakota", "county": "Day", "metro": "Webster", "population": 1886, "geo": {"lat": 45.3325, "lon": -97.5201, "tz": "America/Chicago"}},
  {"name": "Flandreau", "stateCode": "SD", "state": "South Dakota", "county": "Moody", "metro": "Flandreau", "population": 2341, "geo": {"lat": 44.0483, "lon": -96.5953, "tz": "America/Chicago"}},
  {"name": "Beresford", "stateCode": "SD", "state": "South Dakota", "county": "Union", "metro": "Sioux Falls", "population": 2175, "geo": {"lat": 43.0808, "lon": -96.7728, "tz": "America/Chicago"}},
  {"name": "Lennox", "stateCode": "SD", "state": "South Dakota", "county": "Lincoln", "metro": "Sioux Falls", "population": 2319, "geo": {"lat": 43.3547, "lon": -96.8917, "tz": "America/Chicago"}},
  {"name": "Elk Point", "stateCode": "SD", "state": "South Dakota", "county": "Union", "metro": "Sioux City (IA)", "population": 2072, "geo": {"lat": 42.6839, "lon": -96.6803, "tz": "America/Chicago"}},
  {"name": "Gregory", "stateCode": "SD", "state": "South Dakota", "county": "Gregory", "metro": "Gregory", "population": 1275, "geo": {"lat": 43.2319, "lon": -99.4298, "tz": "America/Chicago"}},
  {"name": "Gettysburg", "stateCode": "SD", "state": "South Dakota", "county": "Potter", "metro": "Gettysburg", "population": 1126, "geo": {"lat": 45.0117, "lon": -99.9562, "tz": "America/Chicago"}},
  {"name": "Wagner", "stateCode": "SD", "state": "South Dakota", "county": "Charles Mix", "metro": "Wagner", "population": 1566, "geo": {"lat": 43.0783, "lon": -98.2931, "tz": "America/Chicago"}},
  {"name": "Lemmon", "stateCode": "SD", "state": "South Dakota", "county": "Perkins", "metro": "Lemmon", "population": 1227, "geo": {"lat": 45.9408, "lon": -102.1596, "tz": "America/Denver"}},
  {"name": "Britton", "stateCode": "SD", "state": "South Dakota", "county": "Marshall", "metro": "Britton", "population": 1241, "geo": {"lat": 45.7914, "lon": -97.7509, "tz": "America/Chicago"}},
  {"name": "Clear Lake", "stateCode": "SD", "state": "South Dakota", "county": "Deuel", "metro": "Clear Lake", "population": 1293, "geo": {"lat": 44.7544, "lon": -96.6831, "tz": "America/Chicago"}},
  {"name": "De Smet", "stateCode": "SD", "state": "South Dakota", "county": "Kingsbury", "metro": "De Smet", "population": 1089, "geo": {"lat": 44.3836, "lon": -97.5509, "tz": "America/Chicago"}},
  {"name": "Philip", "stateCode": "SD", "state": "South Dakota", "county": "Haakon", "metro": "Philip", "population": 779, "geo": {"lat": 44.0394, "lon": -101.6651, "tz": "America/Denver"}},
  {"name": "Wall", "stateCode": "SD", "state": "South Dakota", "county": "Pennington", "metro": "Rapid City", "population": 766, "geo": {"lat": 43.9925, "lon": -102.2435, "tz": "America/Denver"}},
  {"name": "Keystone", "stateCode": "SD", "state": "South Dakota", "county": "Pennington", "metro": "Rapid City", "population": 337, "geo": {"lat": 43.8947, "lon": -103.4241, "tz": "America/Denver"}},
  {"name": "Hill City", "stateCode": "SD", "state": "South Dakota", "county": "Pennington", "metro": "Rapid City", "population": 948, "geo": {"lat": 43.9325, "lon": -103.5741, "tz": "America/Denver"}},
  {"name": "Edgemont", "stateCode": "SD", "state": "South Dakota", "county": "Fall River", "metro": "Hot Springs", "population": 774, "geo": {"lat": 43.2986, "lon": -103.8285, "tz": "America/Denver"}},
  {"name": "Martin", "stateCode": "SD", "state": "South Dakota", "county": "Bennett", "metro": "Martin", "population": 1071, "geo": {"lat": 43.1728, "lon": -101.7321, "tz": "America/Denver"}},
  {"name": "Parkston", "stateCode": "SD", "state": "South Dakota", "county": "Hutchinson", "metro": "Parkston", "population": 1508, "geo": {"lat": 43.3933, "lon": -97.9834, "tz": "America/Chicago"}},
  {"name": "Salem", "stateCode": "SD", "state": "South Dakota", "county": "McCook", "metro": "Salem", "population": 1347, "geo": {"lat": 43.7244, "lon": -97.3889, "tz": "America/Chicago"}},
  {"name": "Platte", "stateCode": "SD", "state": "South Dakota", "county": "Charles Mix", "metro": "Platte", "population": 1230, "geo": {"lat": 43.3869, "lon": -98.8445, "tz": "America/Chicago"}},
  {"name": "Groton", "stateCode": "SD", "state": "South Dakota", "county": "Brown", "metro": "Aberdeen", "population": 1496, "geo": {"lat": 45.4489, "lon": -98.0987, "tz": "America/Chicago"}},
  {"name": "Volga", "stateCode": "SD", "state": "South Dakota", "county": "Brookings", "metro": "Brookings", "population": 1768, "geo": {"lat": 44.3244, "lon": -96.9261, "tz": "America/Chicago"}},
  {"name": "Summerset", "stateCode": "SD", "state": "South Dakota", "county": "Meade", "metro": "Rapid City", "population": 2627, "geo": {"lat": 44.1869, "lon": -103.3407, "tz": "America/Denver"}},
  {"name": "Hartford", "stateCode": "SD", "state": "South Dakota", "county": "Minnehaha", "metro": "Sioux Falls", "population": 3302, "geo": {"lat": 43.6236, "lon": -96.9439, "tz": "America/Chicago"}},
  {"name": "Crooks", "stateCode": "SD", "state": "South Dakota", "county": "Minnehaha", "metro": "Sioux Falls", "population": 1401, "geo": {"lat": 43.6650, "lon": -96.8092, "tz": "America/Chicago"}},
  {"name": "Garretson", "stateCode": "SD", "state": "South Dakota", "county": "Minnehaha", "metro": "Sioux Falls", "population": 1232, "geo": {"lat": 43.7175, "lon": -96.5031, "tz": "America/Chicago"}},
  {"name": "Baltic", "stateCode": "SD", "state": "South Dakota", "county": "Minnehaha", "metro": "Sioux Falls", "population": 1089, "geo": {"lat": 43.7633, "lon": -96.7392, "tz": "America/Chicago"}},
  {"name": "North Sioux City", "stateCode": "SD", "state": "South Dakota", "county": "Union", "metro": "Sioux City (IA)", "population": 2719, "geo": {"lat": 42.5272, "lon": -96.4828, "tz": "America/Chicago"}}
]
