[
  {"name": "Nashville", "stateCode": "TN", "state": "Tennessee", "county": "Davidson County", "metro": "Nashville-Davidson-Murfreesboro-Franklin", "population": 689447, "geo": {"lat": 36.1627, "lon": -86.7816, "tz": "America/Chicago"}},
  {"name": "Memphis", "stateCode": "TN", "state": "Tennessee", "county": "Shelby County", "metro": "Memphis", "population": 633104, "geo": {"lat": 35.1495, "lon": -90.0490, "tz": "America/Chicago"}},
  {"name": "Knoxville", "stateCode": "TN", "state": "Tennessee", "county": "Knox County", "metro": "Knoxville", "population": 190740, "geo": {"lat": 35.9606, "lon": -83.9207, "tz": "America/New_York"}},
  {"name": "Chattanooga", "stateCode": "TN", "state": "Tennessee", "county": "Hamilton County", "metro": "Chattanooga", "population": 181099, "geo": {"lat": 35.0456, "lon": -85.3097, "tz": "America/New_York"}},
  {"name": "Clarksville", "stateCode": "TN", "state": "Tennessee", "county": "Montgomery County", "metro": "Clarksville", "population": 166722, "geo": {"lat": 36.5298, "lon": -87.3595, "tz": "America/Chicago"}},
  {"name": "Murfreesboro", "stateCode": "TN", "state": "Tennessee", "county": "Rutherford County", "metro": "Nashville-Davidson-Murfreesboro-Franklin", "population": 152769, "geo": {"lat": 35.8456, "lon": -86.3903, "tz": "America/Chicago"}},
  {"name": "Franklin", "stateCode": "TN", "state": "Tennessee", "county": "Williamson County", "metro": "Nashville-Davidson-Murfreesboro-Franklin", "population": 83454, "geo": {"lat": 35.9251, "lon": -86.8689, "tz": "America/Chicago"}},
  {"name": "Jackson", "stateCode": "TN", "state": "Tennessee", "county": "Madison County", "metro": "Jackson", "population": 68205, "geo": {"lat": 35.6145, "lon": -88.8139, "tz": "America/Chicago"}},
  {"name": "Johnson City", "stateCode": "TN", "state": "Tennessee", "county": "Washington County", "metro": "Johnson City", "population": 71046, "geo": {"lat": 36.3134, "lon": -82.3535, "tz": "America/New_York"}},
  {"name": "Bartlett", "stateCode": "TN", "state": "Tennessee", "county": "Shelby County", "metro": "Memphis", "population": 59217, "geo": {"lat": 35.2045, "lon": -89.8739, "tz": "America/Chicago"}},
  {"name": "Hendersonville", "stateCode": "TN", "state": "Tennessee", "county": "Sumner County", "metro": "Nashville-Davidson-Murfreesboro-Franklin", "population": 61753, "geo": {"lat": 36.3048, "lon": -86.6200, "tz": "America/Chicago"}},
  {"name": "Kingsport", "stateCode": "TN", "state": "Tennessee", "county": "Sullivan County", "metro": "Kingsport-Bristol", "population": 54999, "geo": {"lat": 36.5484, "lon": -82.5618, "tz": "America/New_York"}},
  {"name": "Collierville", "stateCode": "TN", "state": "Tennessee", "county": "Shelby County", "metro": "Memphis", "population": 52270, "geo": {"lat": 35.0420, "lon": -89.6645, "tz": "America/Chicago"}},
  {"name": "Smyrna", "stateCode": "TN", "state": "Tennessee", "county": "Rutherford County", "metro": "Nashville-Davidson-Murfreesboro-Franklin", "population": 53695, "geo": {"lat": 35.9829, "lon": -86.5186, "tz": "America/Chicago"}},
  {"name": "Cleveland", "stateCode": "TN", "state": "Tennessee", "county": "Bradley County", "metro": "Cleveland", "population": 47227, "geo": {"lat": 35.1595, "lon": -84.8766, "tz": "America/New_York"}},
  {"name": "Brentwood", "stateCode": "TN", "state": "Tennessee", "county": "Williamson County", "metro": "Nashville-Davidson-Murfreesboro-Franklin", "population": 44781, "geo": {"lat": 36.0331, "lon": -86.7828, "tz": "America/Chicago"}},
  {"name": "Germantown", "stateCode": "TN", "state": "Tennessee", "county": "Shelby County", "metro": "Memphis", "population": 40484, "geo": {"lat": 35.0868, "lon": -89.8100, "tz": "America/Chicago"}},
  {"name": "Spring Hill", "stateCode": "TN", "state": "Tennessee", "county": "Maury County", "metro": "Nashville-Davidson-Murfreesboro-Franklin", "population": 53089, "geo": {"lat": 35.7512, "lon": -86.9300, "tz": "America/Chicago"}},
  {"name": "Columbia", "stateCode": "TN", "state": "Tennessee", "county": "Maury County", "metro": "Nashville-Davidson-Murfreesboro-Franklin", "population": 41074, "geo": {"lat": 35.6151, "lon": -87.0353, "tz": "America/Chicago"}},
  {"name": "Gallatin", "stateCode": "TN", "state": "Tennessee", "county": "Sumner County", "metro": "Nashville-Davidson-Murfreesboro-Franklin", "population": 44295, "geo": {"lat": 36.3884, "lon": -86.4467, "tz": "America/Chicago"}},
  {"name": "La Vergne", "stateCode": "TN", "state": "Tennessee", "county": "Rutherford County", "metro": "Nashville-Davidson-Murfreesboro-Franklin", "population": 39159, "geo": {"lat": 36.0156, "lon": -86.5819, "tz": "America/Chicago"}},
  {"name": "Cookeville", "stateCode": "TN", "state": "Tennessee", "county": "Putnam County", "metro": "Cookeville", "population": 35757, "geo": {"lat": 36.1628, "lon": -85.5016, "tz": "America/Chicago"}},
  {"name": "Lebanon", "stateCode": "TN", "state": "Tennessee", "county": "Wilson County", "metro": "Nashville-Davidson-Murfreesboro-Franklin", "population": 39659, "geo": {"lat": 36.2081, "lon": -86.2911, "tz": "America/Chicago"}},
  {"name": "Oak Ridge", "stateCode": "TN", "state": "Tennessee", "county": "Anderson County", "metro": "Knoxville", "population": 31582, "geo": {"lat": 36.0103, "lon": -84.2696, "tz": "America/New_York"}},
  {"name": "Morristown", "stateCode": "TN", "state": "Tennessee", "county": "Hamblen County", "metro": "Morristown", "population": 30222, "geo": {"lat": 36.2140, "lon": -83.2949, "tz": "America/New_York"}},
  {"name": "Sevierville", "stateCode": "TN", "state": "Tennessee", "county": "Sevier County", "metro": "Sevierville", "population": 18921, "geo": {"lat": 35.8681, "lon": -83.5616, "tz": "America/New_York"}},
  {"name": "Pigeon Forge", "stateCode": "TN", "state": "Tennessee", "county": "Sevier County", "metro": "Sevierville", "population": 6699, "geo": {"lat": 35.7884, "lon": -83.5543, "tz": "America/New_York"}},
  {"name": "Gatlinburg", "stateCode": "TN", "state": "Tennessee", "county": "Sevier County", "metro": "Sevierville", "population": 3944, "geo": {"lat": 35.7143, "lon": -83.5102, "tz": "America/New_York"}}
]
