[
  {"name": "Salt Lake City", "stateCode": "UT", "state": "Utah", "county": "Salt Lake", "metro": "Salt Lake City", "population": 199723, "geo": {"lat": 40.7608, "lon": -111.8910, "tz": "America/Denver"}},
  {"name": "West Valley City", "stateCode": "UT", "state": "Utah", "county": "Salt Lake", "metro": "Salt Lake City", "population": 140230, "geo": {"lat": 40.6916, "lon": -112.0011, "tz": "America/Denver"}},
  {"name": "Provo", "stateCode": "UT", "state": "Utah", "county": "Utah", "metro": "Provo-Orem", "population": 115919, "geo": {"lat": 40.2338, "lon": -111.6585, "tz": "America/Denver"}},
  {"name": "West Jordan", "stateCode": "UT", "state": "Utah", "county": "Salt Lake", "metro": "Salt Lake City", "population": 116961, "geo": {"lat": 40.6097, "lon": -111.9391, "tz": "America/Denver"}},
  {"name": "Orem", "stateCode": "UT", "state": "Utah", "county": "Utah", "metro": "Provo-Orem", "population": 97499, "geo": {"lat": 40.2969, "lon": -111.6946, "tz": "America/Denver"}},
  {"name": "Sandy", "stateCode": "UT", "state": "Utah", "county": "Salt Lake", "metro": "Salt Lake City", "population": 96380, "geo": {"lat": 40.5649, "lon": -111.8590, "tz": "America/Denver"}},
  {"name": "St. George", "stateCode": "UT", "state": "Utah", "county": "Washington", "metro": "St. George", "population": 95342, "geo": {"lat": 37.0965, "lon": -113.5684, "tz": "America/Denver"}},
  {"name": "Ogden", "stateCode": "UT", "state": "Utah", "county": "Weber", "metro": "Ogden-Clearfield", "population": 87773, "geo": {"lat": 41.2230, "lon": -111.9738, "tz": "America/Denver"}},
  {"name": "Layton", "stateCode": "UT", "state": "Utah", "county": "Davis", "metro": "Ogden-Clearfield", "population": 81575, "geo": {"lat": 41.0602, "lon": -111.9711, "tz": "America/Denver"}},
  {"name": "South Jordan", "stateCode": "UT", "state": "Utah", "county": "Salt Lake", "metro": "Salt Lake City", "population": 77487, "geo": {"lat": 40.5622, "lon": -111.9297, "tz": "America/Denver"}},
  {"name": "Lehi", "stateCode": "UT", "state": "Utah", "county": "Utah", "metro": "Provo-Orem", "population": 75907, "geo": {"lat": 40.3916, "lon": -111.8508, "tz": "America/Denver"}},
  {"name": "Millcreek", "stateCode": "UT", "state": "Utah", "county": "Salt Lake", "metro": "Salt Lake City", "population": 62666, "geo": {"lat": 40.6869, "lon": -111.8755, "tz": "America/Denver"}},
  {"name": "Taylorsville", "stateCode": "UT", "state": "Utah", "county": "Salt Lake", "metro": "Salt Lake City", "population": 60227, "geo": {"lat": 40.6678, "lon": -111.9388, "tz": "America/Denver"}},
  {"name": "Logan", "stateCode": "UT", "state": "Utah", "county": "Cache", "metro": "Logan", "population": 52778, "geo": {"lat": 41.7370, "lon": -111.8338, "tz": "America/Denver"}},
  {"name": "Murray", "stateCode": "UT", "state": "Utah", "county": "Salt Lake", "metro": "Salt Lake City", "population": 50637, "geo": {"lat": 40.6668, "lon": -111.8880, "tz": "America/Denver"}},
  {"name": "Draper", "stateCode": "UT", "state": "Utah", "county": "Salt Lake", "metro": "Salt Lake City", "population": 51017, "geo": {"lat": 40.5246, "lon": -111.8638, "tz": "America/Denver"}},
  {"name": "Bountiful", "stateCode": "UT", "state": "Utah", "county": "Davis", "metro": "Ogden-Clearfield", "population": 45038, "geo": {"lat": 40.8894, "lon": -111.8808, "tz": "America/Denver"}},
  {"name": "Riverton", "stateCode": "UT", "state": "Utah", "county": "Salt Lake", "metro": "Salt Lake City", "population": 44372, "geo": {"lat": 40.5219, "lon": -111.9391, "tz": "America/Denver"}},
  {"name": "Herriman", "stateCode": "UT", "state": "Utah", "county": "Salt Lake", "metro": "Salt Lake City", "population": 55144, "geo": {"lat": 40.5141, "lon": -112.0330, "tz": "America/Denver"}},
  {"name": "Spanish Fork", "stateCode": "UT", "state": "Utah", "county": "Utah", "metro": "Provo-Orem", "population": 42602, "geo": {"lat": 40.1150, "lon": -111.6549, "tz": "America/Denver"}},
  {"name": "Roy", "stateCode": "UT", "state": "Utah", "county": "Weber", "metro": "Ogden-Clearfield", "population": 39821, "geo": {"lat": 41.1616, "lon": -112.0263, "tz": "America/Denver"}},
  {"name": "Pleasant Grove", "stateCode": "UT", "state": "Utah", "county": "Utah", "metro": "Provo-Orem", "population": 38474, "geo": {"lat": 40.3641, "lon": -111.7385, "tz": "America/Denver"}},
  {"name": "Tooele", "stateCode": "UT", "state": "Utah", "county": "Tooele", "metro": "Salt Lake City", "population": 35742, "geo": {"lat": 40.5308, "lon": -112.2983, "tz": "America/Denver"}},
  {"name": "Kearns", "stateCode": "UT", "state": "Utah", "county": "Salt Lake", "metro": "Salt Lake City", "population": 36903, "geo": {"lat": 40.6519, "lon": -111.9963, "tz": "America/Denver"}},
  {"name": "Cottonwood Heights", "stateCode": "UT", "state": "Utah", "county": "Salt Lake", "metro": "Salt Lake City", "population": 34180, "geo": {"lat": 40.6197, "lon": -111.8105, "tz": "America/Denver"}},
  {"name": "Springville", "stateCode": "UT", "state": "Utah", "county": "Utah", "metro": "Provo-Orem", "population": 34506, "geo": {"lat": 40.1652, "lon": -111.6108, "tz": "America/Denver"}},
  {"name": "Cedar City", "stateCode": "UT", "state": "Utah", "county": "Iron", "metro": "Cedar City", "population": 35688, "geo": {"lat": 37.6775, "lon": -113.0619, "tz": "America/Denver"}},
  {"name": "Kaysville", "stateCode": "UT", "state": "Utah", "county": "Davis", "metro": "Ogden-Clearfield", "population": 32229, "geo": {"lat": 41.0352, "lon": -111.9388, "tz": "America/Denver"}},
  {"name": "American Fork", "stateCode": "UT", "state": "Utah", "county": "Utah", "metro": "Provo-Orem", "population": 33337, "geo": {"lat": 40.3769, "lon": -111.7957, "tz": "America/Denver"}},
  {"name": "Clearfield", "stateCode": "UT", "state": "Utah", "county": "Davis", "metro": "Ogden-Clearfield", "population": 31955, "geo": {"lat": 41.1108, "lon": -112.0261, "tz": "America/Denver"}},
  {"name": "Holladay", "stateCode": "UT", "state": "Utah", "county": "Salt Lake", "metro": "Salt Lake City", "population": 31965, "geo": {"lat": 40.6680, "lon": -111.8244, "tz": "America/Denver"}},
  {"name": "Midvale", "stateCode": "UT", "state": "Utah", "county": "Salt Lake", "metro": "Salt Lake City", "population": 35041, "geo": {"lat": 40.6111, "lon": -111.8999, "tz": "America/Denver"}},
  {"name": "Magna", "stateCode": "UT", "state": "Utah", "county": "Salt Lake", "metro": "Salt Lake City", "population": 29834, "geo": {"lat": 40.7091, "lon": -112.1016, "tz": "America/Denver"}},
  {"name": "Syracuse", "stateCode": "UT", "state": "Utah", "county": "Davis", "metro": "Ogden-Clearfield", "population": 31773, "geo": {"lat": 41.0894, "lon": -112.0647, "tz": "America/Denver"}},
  {"name": "Washington", "stateCode": "UT", "state": "Utah", "county": "Washington", "metro": "St. George", "population": 28779, "geo": {"lat": 37.1305, "lon": -113.5083, "tz": "America/Denver"}},
  {"name": "Saratoga Springs", "stateCode": "UT", "state": "Utah", "county": "Utah", "metro": "Provo-Orem", "population": 37696, "geo": {"lat": 40.3491, "lon": -111.9044, "tz": "America/Denver"}},
  {"name": "Eagle Mountain", "stateCode": "UT", "state": "Utah", "county": "Utah", "metro": "Provo-Orem", "population": 43623, "geo": {"lat": 40.3141, "lon": -112.0066, "tz": "America/Denver"}},
  {"name": "Clinton", "stateCode": "UT", "state": "Utah", "county": "Davis", "metro": "Ogden-Clearfield", "population": 23379, "geo": {"lat": 41.1394, "lon": -112.0522, "tz": "America/Denver"}},
  {"name": "North Ogden", "stateCode": "UT", "state": "Utah", "county": "Weber", "metro": "Ogden-Clearfield", "population": 20756, "geo": {"lat": 41.3072, "lon": -111.9602, "tz": "America/Denver"}},
  {"name": "South Ogden", "stateCode": "UT", "state": "Utah", "county": "Weber", "metro": "Ogden-Clearfield", "population": 17849, "geo": {"lat": 41.1919, "lon": -111.9713, "tz": "America/Denver"}},
  {"name": "Highland", "stateCode": "UT", "state": "Utah", "county": "Utah", "metro": "Provo-Orem", "population": 19012, "geo": {"lat": 40.4258, "lon": -111.7957, "tz": "America/Denver"}},
  {"name": "Farmington", "stateCode": "UT", "state": "Utah", "county": "Davis", "metro": "Ogden-Clearfield", "population": 24772, "geo": {"lat": 40.9805, "lon": -111.8874, "tz": "America/Denver"}},
  {"name": "Payson", "stateCode": "UT", "state": "Utah", "county": "Utah", "metro": "Provo-Orem", "population": 21017, "geo": {"lat": 40.0444, "lon": -111.7324, "tz": "America/Denver"}},
  {"name": "Centerville", "stateCode": "UT", "state": "Utah", "county": "Davis", "metro": "Ogden-Clearfield", "population": 17845, "geo": {"lat": 40.9180, "lon": -111.8722, "tz": "America/Denver"}},
  {"name": "Hurricane", "stateCode": "UT", "state": "Utah", "county": "Washington", "metro": "St. George", "population": 19877, "geo": {"lat": 37.1753, "lon": -113.2899, "tz": "America/Denver"}},
  {"name": "Heber City", "stateCode": "UT", "state": "Utah", "county": "Wasatch", "metro": "Heber", "population": 16856, "geo": {"lat": 40.5069, "lon": -111.4130, "tz": "America/Denver"}},
  {"name": "Santaquin", "stateCode": "UT", "state": "Utah", "county": "Utah", "metro": "Provo-Orem", "population": 14322, "geo": {"lat": 39.9752, "lon": -111.7852, "tz": "America/Denver"}},
  {"name": "North Salt Lake", "stateCode": "UT", "state": "Utah", "county": "Davis", "metro": "Salt Lake City", "population": 20875, "geo": {"lat": 40.8480, "lon": -111.9066, "tz": "America/Denver"}},
  {"name": "Lindon", "stateCode": "UT", "state": "Utah", "county": "Utah", "metro": "Provo-Orem", "population": 11606, "geo": {"lat": 40.3433, "lon": -111.7213, "tz": "America/Denver"}},
  {"name": "Vineyard", "stateCode": "UT", "state": "Utah", "county": "Utah", "metro": "Provo-Orem", "population": 14978, "geo": {"lat": 40.2969, "lon": -111.7474, "tz": "America/Denver"}},
  {"name": "South Salt Lake", "stateCode": "UT", "state": "Utah", "county": "Salt Lake", "metro": "Salt Lake City", "population": 25488, "geo": {"lat": 40.7186, "lon": -111.8883, "tz": "America/Denver"}},
  {"name": "Woods Cross", "stateCode": "UT", "state": "Utah", "county": "Davis", "metro": "Ogden-Clearfield", "population": 11431, "geo": {"lat": 40.8716, "lon": -111.8922, "tz": "America/Denver"}},
  {"name": "West Haven", "stateCode": "UT", "state": "Utah", "county": "Weber", "metro": "Ogden-Clearfield", "population": 16018, "geo": {"lat": 41.2030, "lon": -112.0530, "tz": "America/Denver"}},
  {"name": "Mapleton", "stateCode": "UT", "state": "Utah", "county": "Utah", "metro": "Provo-Orem", "population": 11322, "geo": {"lat": 40.1305, "lon": -111.5727, "tz": "America/Denver"}},
  {"name": "Grantsville", "stateCode": "UT", "state": "Utah", "county": "Tooele", "metro": "Salt Lake City", "population": 12049, "geo": {"lat": 40.5999, "lon": -112.4641, "tz": "America/Denver"}},
  {"name": "Smithfield", "stateCode": "UT", "state": "Utah", "county": "Cache", "metro": "Logan", "population": 13163, "geo": {"lat": 41.8341, "lon": -111.8327, "tz": "America/Denver"}},
  {"name": "North Logan", "stateCode": "UT", "state": "Utah", "county": "Cache", "metro": "Logan", "population": 11678, "geo": {"lat": 41.7697, "lon": -111.8044, "tz": "America/Denver"}},
  {"name": "Hyrum", "stateCode": "UT", "state": "Utah", "county": "Cache", "metro": "Logan", "population": 9324, "geo": {"lat": 41.6341, "lon": -111.8522, "tz": "America/Denver"}},
  {"name": "Providence", "stateCode": "UT", "state": "Utah", "county": "Cache", "metro": "Logan", "population": 8225, "geo": {"lat": 41.7064, "lon": -111.8127, "tz": "America/Denver"}},
  {"name": "Brigham City", "stateCode": "UT", "state": "Utah", "county": "Box Elder", "metro": "Brigham City", "population": 19620, "geo": {"lat": 41.5102, "lon": -112.0155, "tz": "America/Denver"}},
  {"name": "Tremonton", "stateCode": "UT", "state": "Utah", "county": "Box Elder", "metro": "Brigham City", "population": 9083, "geo": {"lat": 41.7119, "lon": -112.1655, "tz": "America/Denver"}},
  {"name": "Stansbury Park", "stateCode": "UT", "state": "Utah", "county": "Tooele", "metro": "Salt Lake City", "population": 10148, "geo": {"lat": 40.6341, "lon": -112.2969, "tz": "America/Denver"}},
  {"name": "Richfield", "stateCode": "UT", "state": "Utah", "county": "Sevier", "metro": "Richfield", "population": 7961, "geo": {"lat": 38.7724, "lon": -112.0841, "tz": "America/Denver"}},
  {"name": "Ivins", "stateCode": "UT", "state": "Utah", "county": "Washington", "metro": "St. George", "population": 9152, "geo": {"lat": 37.1686, "lon": -113.6786, "tz": "America/Denver"}},
  {"name": "Santa Clara", "stateCode": "UT", "state": "Utah", "county": "Washington", "metro": "St. George", "population": 7071, "geo": {"lat": 37.1330, "lon": -113.6536, "tz": "America/Denver"}},
  {"name": "LaVerkin", "stateCode": "UT", "state": "Utah", "county": "Washington", "metro": "St. George", "population": 4919, "geo": {"lat": 37.2002, "lon": -113.2699, "tz": "America/Denver"}},
  {"name": "Bluffdale", "stateCode": "UT", "state": "Utah", "county": "Salt Lake", "metro": "Salt Lake City", "population": 15554, "geo": {"lat": 40.4897, "lon": -111.9385, "tz": "America/Denver"}},
  {"name": "Alpine", "stateCode": "UT", "state": "Utah", "county": "Utah", "metro": "Provo-Orem", "population": 10681, "geo": {"lat": 40.4533, "lon": -111.7780, "tz": "America/Denver"}},
  {"name": "Salem", "stateCode": "UT", "state": "Utah", "county": "Utah", "metro": "Provo-Orem", "population": 10116, "geo": {"lat": 40.0530, "lon": -111.6735, "tz": "America/Denver"}},
  {"name": "Nibley", "stateCode": "UT", "state": "Utah", "county": "Cache", "metro": "Logan", "population": 7139, "geo": {"lat": 41.6752, "lon": -111.8327, "tz": "America/Denver"}},
  {"name": "Price", "stateCode": "UT", "state": "Utah", "county": "Carbon", "metro": "Price", "population": 8190, "geo": {"lat": 39.5994, "lon": -110.8108, "tz": "America/Denver"}},
  {"name": "Vernal", "stateCode": "UT", "state": "Utah", "county": "Uintah", "metro": "Vernal", "population": 10935, "geo": {"lat": 40.4555, "lon": -109.5288, "tz": "America/Denver"}},
  {"name": "Roosevelt", "stateCode": "UT", "state": "Utah", "county": "Duchesne", "metro": "Roosevelt", "population": 7323, "geo": {"lat": 40.2994, "lon": -109.9888, "tz": "America/Denver"}},
  {"name": "Moab", "stateCode": "UT", "state": "Utah", "county": "Grand", "metro": "Moab", "population": 5366, "geo": {"lat": 38.5733, "lon": -109.5498, "tz": "America/Denver"}},
  {"name": "Park City", "stateCode": "UT", "state": "Utah", "county": "Summit", "metro": "Salt Lake City", "population": 8378, "geo": {"lat": 40.6461, "lon": -111.4980, "tz": "America/Denver"}},
  {"name": "Midway", "stateCode": "UT", "state": "Utah", "county": "Wasatch", "metro": "Heber", "population": 5210, "geo": {"lat": 40.5119, "lon": -111.4741, "tz": "America/Denver"}},
  {"name": "Ephraim", "stateCode": "UT", "state": "Utah", "county": "Sanpete", "metro": "Ephraim", "population": 7616, "geo": {"lat": 39.3599, "lon": -111.5863, "tz": "America/Denver"}},
  {"name": "Nephi", "stateCode": "UT", "state": "Utah", "county": "Juab", "metro": "Nephi", "population": 6172, "geo": {"lat": 39.7099, "lon": -111.8363, "tz": "America/Denver"}},
  {"name": "Delta", "stateCode": "UT", "state": "Utah", "county": "Millard", "metro": "Delta", "population": 3636, "geo": {"lat": 39.3521, "lon": -112.5769, "tz": "America/Denver"}},
  {"name": "Kanab", "stateCode": "UT", "state": "Utah", "county": "Kane", "metro": "Kanab", "population": 5019, "geo": {"lat": 37.0475, "lon": -112.5261, "tz": "America/Denver"}},
  {"name": "Springdale", "stateCode": "UT", "state": "Utah", "county": "Washington", "metro": "St. George", "population": 529, "geo": {"lat": 37.1897, "lon": -112.9986, "tz": "America/Denver"}}
]
