[
  {"name": "Virginia Beach", "stateCode": "VA", "state": "Virginia", "county": "Virginia Beach City", "metro": "Virginia Beach-Norfolk-Newport News", "population": 459470, "geo": {"lat": 36.8529, "lon": -75.9780, "tz": "America/New_York"}},
  {"name": "Norfolk", "stateCode": "VA", "state": "Virginia", "county": "Norfolk City", "metro": "Virginia Beach-Norfolk-Newport News", "population": 242742, "geo": {"lat": 36.8508, "lon": -76.2859, "tz": "America/New_York"}},
  {"name": "Chesapeake", "stateCode": "VA", "state": "Virginia", "county": "Chesapeake City", "metro": "Virginia Beach-Norfolk-Newport News", "population": 249422, "geo": {"lat": 36.7682, "lon": -76.2875, "tz": "America/New_York"}},
  {"name": "Richmond", "stateCode": "VA", "state": "Virginia", "county": "Richmond City", "metro": "Richmond", "population": 226610, "geo": {"lat": 37.5407, "lon": -77.4360, "tz": "America/New_York"}},
  {"name": "Newport News", "stateCode": "VA", "state": "Virginia", "county": "Newport News City", "metro": "Virginia Beach-Norfolk-Newport News", "population": 186247, "geo": {"lat": 37.0871, "lon": -76.4730, "tz": "America/New_York"}},
  {"name": "Alexandria", "stateCode": "VA", "state": "Virginia", "county": "Alexandria City", "metro": "Washington-Arlington-Alexandria", "population": 159467, "geo": {"lat": 38.8048, "lon": -77.0469, "tz": "America/New_York"}},
  {"name": "Hampton", "stateCode": "VA", "state": "Virginia", "county": "Hampton City", "metro": "Virginia Beach-Norfolk-Newport News", "population": 137148, "geo": {"lat": 37.0299, "lon": -76.3452, "tz": "America/New_York"}},
  {"name": "Roanoke", "stateCode": "VA", "state": "Virginia", "county": "Roanoke City", "metro": "Roanoke", "population": 99143, "geo": {"lat": 37.2710, "lon": -79.9414, "tz": "America/New_York"}},
  {"name": "Portsmouth", "stateCode": "VA", "state": "Virginia", "county": "Portsmouth City", "metro": "Virginia Beach-Norfolk-Newport News", "population": 97915, "geo": {"lat": 36.8354, "lon": -76.2983, "tz": "America/New_York"}},
  {"name": "Suffolk", "stateCode": "VA", "state": "Virginia", "county": "Suffolk City", "metro": "Virginia Beach-Norfolk-Newport News", "population": 94324, "geo": {"lat": 36.7282, "lon": -76.5836, "tz": "America/New_York"}},
  {"name": "Lynchburg", "stateCode": "VA", "state": "Virginia", "county": "Lynchburg City", "metro": "Lynchburg", "population": 82168, "geo": {"lat": 37.4138, "lon": -79.1422, "tz": "America/New_York"}},
  {"name": "Harrisonburg", "stateCode": "VA", "state": "Virginia", "county": "Harrisonburg City", "metro": "Harrisonburg", "population": 54033, "geo": {"lat": 38.4496, "lon": -78.8689, "tz": "America/New_York"}},
  {"name": "Charlottesville", "stateCode": "VA", "state": "Virginia", "county": "Charlottesville City", "metro": "Charlottesville", "population": 47266, "geo": {"lat": 38.0293, "lon": -78.4767, "tz": "America/New_York"}},
  {"name": "Danville", "stateCode": "VA", "state": "Virginia", "county": "Danville City", "metro": "Danville", "population": 40044, "geo": {"lat": 36.5860, "lon": -79.3950, "tz": "America/New_York"}},
  {"name": "Manassas", "stateCode": "VA", "state": "Virginia", "county": "Manassas City", "metro": "Washington-Arlington-Alexandria", "population": 42772, "geo": {"lat": 38.7509, "lon": -77.4753, "tz": "America/New_York"}},
  {"name": "Fredericksburg", "stateCode": "VA", "state": "Virginia", "county": "Fredericksburg City", "metro": "Washington-Arlington-Alexandria", "population": 29036, "geo": {"lat": 38.3032, "lon": -77.4605, "tz": "America/New_York"}},
  {"name": "Blacksburg", "stateCode": "VA", "state": "Virginia", "county": "Montgomery County", "metro": "Blacksburg-Christiansburg", "population": 44826, "geo": {"lat": 37.2296, "lon": -80.4139, "tz": "America/New_York"}},
  {"name": "Leesburg", "stateCode": "VA", "state": "Virginia", "county": "Loudoun County", "metro": "Washington-Arlington-Alexandria", "population": 53727, "geo": {"lat": 39.1157, "lon": -77.5636, "tz": "America/New_York"}},
  {"name": "Williamsburg", "stateCode": "VA", "state": "Virginia", "county": "Williamsburg City", "metro": "Virginia Beach-Norfolk-Newport News", "population": 15425, "geo": {"lat": 37.2707, "lon": -76.7075, "tz": "America/New_York"}},
  {"name": "Salem", "stateCode": "VA", "state": "Virginia", "county": "Salem City", "metro": "Roanoke", "population": 25301, "geo": {"lat": 37.2935, "lon": -80.0548, "tz": "America/New_York"}},
  {"name": "Staunton", "stateCode": "VA", "state": "Virginia", "county": "Staunton City", "metro": "Staunton", "population": 25750, "geo": {"lat": 38.1496, "lon": -79.0717, "tz": "America/New_York"}},
  {"name": "Waynesboro", "stateCode": "VA", "state": "Virginia", "county": "Waynesboro City", "metro": "Staunton", "population": 22630, "geo": {"lat": 38.0685, "lon": -78.8895, "tz": "America/New_York"}},
  {"name": "Fairfax", "stateCode": "VA", "state": "Virginia", "county": "Fairfax City", "metro": "Washington-Arlington-Alexandria", "population": 24019, "geo": {"lat": 38.8462, "lon": -77.3064, "tz": "America/New_York"}},
  {"name": "Falls Church", "stateCode": "VA", "state": "Virginia", "county": "Falls Church City", "metro": "Washington-Arlington-Alexandria", "population": 14658, "geo": {"lat": 38.8823, "lon": -77.1711, "tz": "America/New_York"}},
  {"name": "Vienna", "stateCode": "VA", "state": "Virginia", "county": "Fairfax County", "metro": "Washington-Arlington-Alexandria", "population": 16489, "geo": {"lat": 38.9012, "lon": -77.2653, "tz": "America/New_York"}},
  {"name": "Herndon", "stateCode": "VA", "state": "Virginia", "county": "Fairfax County", "metro": "Washington-Arlington-Alexandria", "population": 24532, "geo": {"lat": 38.9696, "lon": -77.3861, "tz": "America/New_York"}},
  {"name": "Reston", "stateCode": "VA", "state": "Virginia", "county": "Fairfax County", "metro": "Washington-Arlington-Alexandria", "population": 61723, "geo": {"lat": 38.9687, "lon": -77.3411, "tz": "America/New_York"}},
  {"name": "McLean", "stateCode": "VA", "state": "Virginia", "county": "Fairfax County", "metro": "Washington-Arlington-Alexandria", "population": 48115, "geo": {"lat": 38.9339, "lon": -77.1773, "tz": "America/New_York"}},
  {"name": "Tysons", "stateCode": "VA", "state": "Virginia", "county": "Fairfax County", "metro": "Washington-Arlington-Alexandria", "population": 25400, "geo": {"lat": 38.9187, "lon": -77.2311, "tz": "America/New_York"}},
  {"name": "Arlington", "stateCode": "VA", "state": "Virginia", "county": "Arlington County", "metro": "Washington-Arlington-Alexandria", "population": 238643, "geo": {"lat": 38.8799, "lon": -77.1068, "tz": "America/New_York"}},
  {"name": "Winchester", "stateCode": "VA", "state": "Virginia", "county": "Winchester City", "metro": "Winchester", "population": 28078, "geo": {"lat": 39.1857, "lon": -78.1633, "tz": "America/New_York"}},
  {"name": "Bristol", "stateCode": "VA", "state": "Virginia", "county": "Bristol City", "metro": "Kingsport-Bristol", "population": 17141, "geo": {"lat": 36.5951, "lon": -82.1887, "tz": "America/New_York"}},
  {"name": "Radford", "stateCode": "VA", "state": "Virginia", "county": "Radford City", "metro": "Blacksburg-Christiansburg", "population": 18249, "geo": {"lat": 37.1318, "lon": -80.5764, "tz": "America/New_York"}}
]
