[
  {"name": "Burlington", "stateCode": "VT", "state": "Vermont", "county": "Chittenden", "metro": "Burlington-South Burlington", "population": 45417, "geo": {"lat": 44.4759, "lon": -73.2121, "tz": "America/New_York"}},
  {"name": "South Burlington", "stateCode": "VT", "state": "Vermont", "county": "Chittenden", "metro": "Burlington-South Burlington", "population": 20352, "geo": {"lat": 44.4669, "lon": -73.1710, "tz": "America/New_York"}},
  {"name": "Colchester", "stateCode": "VT", "state": "Vermont", "county": "Chittenden", "metro": "Burlington-South Burlington", "population": 17653, "geo": {"lat": 44.5459, "lon": -73.1499, "tz": "America/New_York"}},
  {"name": "Rutland", "stateCode": "VT", "state": "Vermont", "county": "Rutland", "metro": "Rutland", "population": 15807, "geo": {"lat": 43.6106, "lon": -72.9726, "tz": "America/New_York"}},
  {"name": "Essex Junction", "stateCode": "VT", "state": "Vermont", "county": "Chittenden", "metro": "Burlington-South Burlington", "population": 10761, "geo": {"lat": 44.4901, "lon": -73.1110, "tz": "America/New_York"}},
  {"name": "Bennington", "stateCode": "VT", "state": "Vermont", "county": "Bennington", "metro": "Bennington", "population": 15333, "geo": {"lat": 42.8781, "lon": -73.1968, "tz": "America/New_York"}},
  {"name": "Brattleboro", "stateCode": "VT", "state": "Vermont", "county": "Windham", "metro": "Brattleboro", "population": 12184, "geo": {"lat": 42.8509, "lon": -72.5579, "tz": "America/New_York"}},
  {"name": "Milton", "stateCode": "VT", "state": "Vermont", "county": "Chittenden", "metro": "Burlington-South Burlington", "population": 10977, "geo": {"lat": 44.6403, "lon": -73.1110, "tz": "America/New_York"}},
  {"name": "Hartford", "stateCode": "VT", "state": "Vermont", "county": "Windsor", "metro": "Lebanon (NH)", "population": 10686, "geo": {"lat": 43.6620, "lon": -72.3376, "tz": "America/New_York"}},
  {"name": "Barre", "stateCode": "VT", "state": "Vermont", "county": "Washington", "metro": "Barre", "population": 8491, "geo": {"lat": 44.1970, "lon": -72.5020, "tz": "America/New_York"}},
  {"name": "Montpelier", "stateCode": "VT", "state": "Vermont", "county": "Washington", "metro": "Barre", "population": 8074, "geo": {"lat": 44.2601, "lon": -72.5754, "tz": "America/New_York"}},
  {"name": "Williston", "stateCode": "VT", "state": "Vermont", "county": "Chittenden", "metro": "Burlington-South Burlington", "population": 10103, "geo": {"lat": 44.4264, "lon": -73.0688, "tz": "America/New_York"}},
  {"name": "St. Albans", "stateCode": "VT", "state": "Vermont", "county": "Franklin", "metro": "St. Albans", "population": 6918, "geo": {"lat": 44.8109, "lon": -73.0832, "tz": "America/New_York"}},
  {"name": "Middlebury", "stateCode": "VT", "state": "Vermont", "county": "Addison", "metro": "Middlebury", "population": 9152, "geo": {"lat": 44.0153, "lon": -73.1676, "tz": "America/New_York"}},
  {"name": "St. Johnsbury", "stateCode": "VT", "state": "Vermont", "county": "Caledonia", "metro": "St. Johnsbury", "population": 7603, "geo": {"lat": 44.4192, "lon": -72.0151, "tz": "America/New_York"}},
  {"name": "Winooski", "stateCode": "VT", "state": "Vermont", "county": "Chittenden", "metro": "Burlington-South Burlington", "population": 7997, "geo": {"lat": 44.4912, "lon": -73.1860, "tz": "America/New_York"}},
  {"name": "Newport", "stateCode": "VT", "state": "Vermont", "county": "Orleans", "metro": "Newport", "population": 4455, "geo": {"lat": 44.9364, "lon": -72.2051, "tz": "America/New_York"}},
  {"name": "Vergennes", "stateCode": "VT", "state": "Vermont", "county": "Addison", "metro": "Burlington-South Burlington", "population": 2553, "geo": {"lat": 44.1670, "lon": -73.2527, "tz": "America/New_York"}},
  {"name": "Springfield", "stateCode": "VT", "state": "Vermont", "county": "Windsor", "metro": "Springfield", "population": 9062, "geo": {"lat": 43.2984, "lon": -72.4815, "tz": "America/New_York"}},
  {"name": "Morristown", "stateCode": "VT", "state": "Vermont", "county": "Lamoille", "metro": "Morristown", "population": 5639, "geo": {"lat": 44.5576, "lon": -72.5988, "tz": "America/New_York"}},
  {"name": "Swanton", "stateCode": "VT", "state": "Vermont", "county": "Franklin", "metro": "St. Albans", "population": 6427, "geo": {"lat": 44.9170, "lon": -73.1210, "tz": "America/New_York"}},
  {"name": "Northfield", "stateCode": "VT", "state": "Vermont", "county": "Washington", "metro": "Barre", "population": 6207, "geo": {"lat": 44.1517, "lon": -72.6565, "tz": "America/New_York"}},
  {"name": "Lyndon", "stateCode": "VT", "state": "Vermont", "county": "Caledonia", "metro": "St. Johnsbury", "population": 5981, "geo": {"lat": 44.5142, "lon": -72.0032, "tz": "America/New_York"}},
  {"name": "Jericho", "stateCode": "VT", "state": "Vermont", "county": "Chittenden", "metro": "Burlington-South Burlington", "population": 5043, "geo": {"lat": 44.5048, "lon": -72.9963, "tz": "America/New_York"}},
  {"name": "Hinesburg", "stateCode": "VT", "state": "Vermont", "county": "Chittenden", "metro": "Burlington-South Burlington", "population": 4680, "geo": {"lat": 44.3292, "lon": -73.1110, "tz": "America/New_York"}},
  {"name": "Shelburne", "stateCode": "VT", "state": "Vermont", "county": "Chittenden", "metro": "Burlington-South Burlington", "population": 7700, "geo": {"lat": 44.3803, "lon": -73.2254, "tz": "America/New_York"}},
  {"name": "Waterbury", "stateCode": "VT", "state": "Vermont", "county": "Washington", "metro": "Burlington-South Burlington", "population": 5094, "geo": {"lat": 44.3376, "lon": -72.7565, "tz": "America/New_York"}},
  {"name": "Randolph", "stateCode": "VT", "state": "Vermont", "county": "Orange", "metro": "Randolph", "population": 4853, "geo": {"lat": 43.9256, "lon": -72.6654, "tz": "America/New_York"}},
  {"name": "Rockingham", "stateCode": "VT", "state": "Vermont", "county": "Windham", "metro": "Brattleboro", "population": 5159, "geo": {"lat": 43.1867, "lon": -72.4871, "tz": "America/New_York"}},
  {"name": "Windsor", "stateCode": "VT", "state": "Vermont", "county": "Windsor", "metro": "Lebanon (NH)", "population": 3553, "geo": {"lat": 43.4806, "lon": -72.3871, "tz": "America/New_York"}},
  {"name": "Woodstock", "stateCode": "VT", "state": "Vermont", "county": "Windsor", "metro": "Woodstock", "population": 3048, "geo": {"lat": 43.6237, "lon": -72.5182, "tz": "America/New_York"}},
  {"name": "Manchester", "stateCode": "VT", "state": "Vermont", "county": "Bennington", "metro": "Bennington", "population": 4391, "geo": {"lat": 43.1637, "lon": -73.0724, "tz": "America/New_York"}},
  {"name": "Hardwick", "stateCode": "VT", "state": "Vermont", "county": "Caledonia", "metro": "Hardwick", "population": 2951, "geo": {"lat": 44.5053, "lon": -72.3671, "tz": "America/New_York"}},
  {"name": "Bradford", "stateCode": "VT", "state": "Vermont", "county": "Orange", "metro": "Bradford", "population": 2797, "geo": {"lat": 44.0053, "lon": -72.1276, "tz": "America/New_York"}},
  {"name": "Stowe", "stateCode": "VT", "state": "Vermont", "county": "Lamoille", "metro": "Morristown", "population": 4314, "geo": {"lat": 44.4653, "lon": -72.6871, "tz": "America/New_York"}},
  {"name": "Chelsea", "stateCode": "VT", "state": "Vermont", "county": "Orange", "metro": "Chelsea", "population": 1303, "geo": {"lat": 43.9886, "lon": -72.4471, "tz": "America/New_York"}},
  {"name": "Poultney", "stateCode": "VT", "state": "Vermont", "county": "Rutland", "metro": "Rutland", "population": 3339, "geo": {"lat": 43.5170, "lon": -73.2357, "tz": "America/New_York"}},
  {"name": "Brandon", "stateCode": "VT", "state": "Vermont", "county": "Rutland", "metro": "Rutland", "population": 3972, "geo": {"lat": 43.7981, "lon": -73.0876, "tz": "America/New_York"}},
  {"name": "Derby", "stateCode": "VT", "state": "Vermont", "county": "Orleans", "metro": "Newport", "population": 4621, "geo": {"lat": 44.9503, "lon": -72.1343, "tz": "America/New_York"}},
  {"name": "Johnson", "stateCode": "VT", "state": "Vermont", "county": "Lamoille", "metro": "Morristown", "population": 3446, "geo": {"lat": 44.6353, "lon": -72.6788, "tz": "America/New_York"}},
  {"name": "Ludlow", "stateCode": "VT", "state": "Vermont", "county": "Windsor", "metro": "Ludlow", "population": 1963, "geo": {"lat": 43.3981, "lon": -72.6993, "tz": "America/New_York"}},
  {"name": "Enosburg Falls", "stateCode": "VT", "state": "Vermont", "county": "Franklin", "metro": "St. Albans", "population": 1328, "geo": {"lat": 44.9070, "lon": -72.8071, "tz": "America/New_York"}},
  {"name": "Killington", "stateCode": "VT", "state": "Vermont", "county": "Rutland", "metro": "Rutland", "population": 1239, "geo": {"lat": 43.6537, "lon": -72.7998, "tz": "America/New_York"}},
  {"name": "White River Junction", "stateCode": "VT", "state": "Vermont", "county": "Windsor", "metro": "Lebanon (NH)", "population": 2286, "geo": {"lat": 43.6481, "lon": -72.3198, "tz": "America/New_York"}},
  {"name": "Fairlee", "stateCode": "VT", "state": "Vermont", "county": "Orange", "metro": "Bradford", "population": 1020, "geo": {"lat": 43.9056, "lon": -72.1404, "tz": "America/New_York"}},
  {"name": "Barton", "stateCode": "VT", "state": "Vermont", "county": "Orleans", "metro": "Newport", "population": 2826, "geo": {"lat": 44.7478, "lon": -72.1765, "tz": "America/New_York"}},
  {"name": "Island Pond", "stateCode": "VT", "state": "Vermont", "county": "Essex", "metro": "Island Pond", "population": 816, "geo": {"lat": 44.8131, "lon": -71.8799, "tz": "America/New_York"}},
  {"name": "Castleton", "stateCode": "VT", "state": "Vermont", "county": "Rutland", "metro": "Rutland", "population": 4367, "geo": {"lat": 43.6103, "lon": -73.1799, "tz": "America/New_York"}},
  {"name": "Warren", "stateCode": "VT", "state": "Vermont", "county": "Washington", "metro": "Barre", "population": 1705, "geo": {"lat": 44.1181, "lon": -72.8538, "tz": "America/New_York"}},
  {"name": "Waitsfield", "stateCode": "VT", "state": "Vermont", "county": "Washington", "metro": "Barre", "population": 1719, "geo": {"lat": 44.1859, "lon": -72.8243, "tz": "America/New_York"}},
  {"name": "Grafton", "stateCode": "VT", "state": "Vermont", "county": "Windham", "metro": "Brattleboro", "population": 634, "geo": {"lat": 43.1756, "lon": -72.6099, "tz": "America/New_York"}},
  {"name": "Dorset", "stateCode": "VT", "state": "Vermont", "county": "Bennington", "metro": "Bennington", "population": 2031, "geo": {"lat": 43.2598, "lon": -73.0918, "tz": "America/New_York"}},
  {"name": "Newfane", "stateCode": "VT", "state": "Vermont", "county": "Windham", "metro": "Brattleboro", "population": 1711, "geo": {"lat": 42.9820, "lon": -72.6565, "tz": "America/New_York"}},
  {"name": "Wilmington", "stateCode": "VT", "state": "Vermont", "county": "Windham", "metro": "Brattleboro", "population": 1876, "geo": {"lat": 42.8673, "lon": -72.8729, "tz": "America/New_York"}},
  {"name": "Jamaica", "stateCode": "VT", "state": "Vermont", "county": "Windham", "metro": "Brattleboro", "population": 1035, "geo": {"lat": 43.1056, "lon": -72.7793, "tz": "America/New_York"}}
]
