[
  {"name": "Seattle", "stateCode": "WA", "state": "Washington", "county": "King County", "metro": "Seattle-Tacoma-Bellevue", "population": 737015, "geo": {"lat": 47.6062, "lon": -122.3321, "tz": "America/Los_Angeles"}},
  {"name": "Spokane", "stateCode": "WA", "state": "Washington", "county": "Spokane County", "metro": "Spokane-Spokane Valley", "population": 228989, "geo": {"lat": 47.6588, "lon": -117.4260, "tz": "America/Los_Angeles"}},
  {"name": "Tacoma", "stateCode": "WA", "state": "Washington", "county": "Pierce County", "metro": "Seattle-Tacoma-Bellevue", "population": 219346, "geo": {"lat": 47.2529, "lon": -122.4443, "tz": "America/Los_Angeles"}},
  {"name": "Vancouver", "stateCode": "WA", "state": "Washington", "county": "Clark County", "metro": "Portland-Vancouver-Hillsboro", "population": 190915, "geo": {"lat": 45.6387, "lon": -122.6615, "tz": "America/Los_Angeles"}},
  {"name": "Bellevue", "stateCode": "WA", "state": "Washington", "county": "King County", "metro": "Seattle-Tacoma-Bellevue", "population": 151854, "geo": {"lat": 47.6101, "lon": -122.2015, "tz": "America/Los_Angeles"}},
  {"name": "Kent", "stateCode": "WA", "state": "Washington", "county": "King County", "metro": "Seattle-Tacoma-Bellevue", "population": 136588, "geo": {"lat": 47.3809, "lon": -122.2348, "tz": "America/Los_Angeles"}},
  {"name": "Everett", "stateCode": "WA", "state": "Washington", "county": "Snohomish County", "metro": "Seattle-Tacoma-Bellevue", "population": 110629, "geo": {"lat": 47.9790, "lon": -122.2021, "tz": "America/Los_Angeles"}},
  {"name": "Renton", "stateCode": "WA", "state": "Washington", "county": "King County", "metro": "Seattle-Tacoma-Bellevue", "population": 106785, "geo": {"lat": 47.4829, "lon": -122.2171, "tz": "America/Los_Angeles"}},
  {"name": "Spokane Valley", "stateCode": "WA", "state": "Washington", "county": "Spokane County", "metro": "Spokane-Spokane Valley", "population": 103597, "geo": {"lat": 47.6732, "lon": -117.2394, "tz": "America/Los_Angeles"}},
  {"name": "Federal Way", "stateCode": "WA", "state": "Washington", "county": "King County", "metro": "Seattle-Tacoma-Bellevue", "population": 101030, "geo": {"lat": 47.3223, "lon": -122.3126, "tz": "America/Los_Angeles"}},
  {"name": "Kirkland", "stateCode": "WA", "state": "Washington", "county": "King County", "metro": "Seattle-Tacoma-Bellevue", "population": 93010, "geo": {"lat": 47.6769, "lon": -122.2060, "tz": "America/Los_Angeles"}},
  {"name": "Auburn", "stateCode": "WA", "state": "Washington", "county": "King County", "metro": "Seattle-Tacoma-Bellevue", "population": 87643, "geo": {"lat": 47.3073, "lon": -122.2285, "tz": "America/Los_Angeles"}},
  {"name": "Bellingham", "stateCode": "WA", "state": "Washington", "county": "Whatcom County", "metro": "Bellingham", "population": 91482, "geo": {"lat": 48.7519, "lon": -122.4787, "tz": "America/Los_Angeles"}},
  {"name": "Kennewick", "stateCode": "WA", "state": "Washington", "county": "Benton County", "metro": "Kennewick-Richland", "population": 84347, "geo": {"lat": 46.2112, "lon": -119.1373, "tz": "America/Los_Angeles"}},
  {"name": "Marysville", "stateCode": "WA", "state": "Washington", "county": "Snohomish County", "metro": "Seattle-Tacoma-Bellevue", "population": 69779, "geo": {"lat": 48.0518, "lon": -122.1771, "tz": "America/Los_Angeles"}},
  {"name": "Pasco", "stateCode": "WA", "state": "Washington", "county": "Franklin County", "metro": "Kennewick-Richland", "population": 77100, "geo": {"lat": 46.2396, "lon": -119.1006, "tz": "America/Los_Angeles"}},
  {"name": "Lakewood", "stateCode": "WA", "state": "Washington", "county": "Pierce County", "metro": "Seattle-Tacoma-Bellevue", "population": 63612, "geo": {"lat": 47.1718, "lon": -122.5185, "tz": "America/Los_Angeles"}},
  {"name": "Redmond", "stateCode": "WA", "state": "Washington", "county": "King County", "metro": "Seattle-Tacoma-Bellevue", "population": 73256, "geo": {"lat": 47.6740, "lon": -122.1215, "tz": "America/Los_Angeles"}},
  {"name": "Burien", "stateCode": "WA", "state": "Washington", "county": "King County", "metro": "Seattle-Tacoma-Bellevue", "population": 52066, "geo": {"lat": 47.4704, "lon": -122.3468, "tz": "America/Los_Angeles"}},
  {"name": "Sammamish", "stateCode": "WA", "state": "Washington", "county": "King County", "metro": "Seattle-Tacoma-Bellevue", "population": 67553, "geo": {"lat": 47.6163, "lon": -122.0356, "tz": "America/Los_Angeles"}},
  {"name": "Olympia", "stateCode": "WA", "state": "Washington", "county": "Thurston County", "metro": "Olympia-Lacey-Tumwater", "population": 55605, "geo": {"lat": 47.0379, "lon": -122.9007, "tz": "America/Los_Angeles"}},
  {"name": "Richland", "stateCode": "WA", "state": "Washington", "county": "Benton County", "metro": "Kennewick-Richland", "population": 60560, "geo": {"lat": 46.2857, "lon": -119.2845, "tz": "America/Los_Angeles"}},
  {"name": "Lacey", "stateCode": "WA", "state": "Washington", "county": "Thurston County", "metro": "Olympia-Lacey-Tumwater", "population": 56055, "geo": {"lat": 47.0343, "lon": -122.8232, "tz": "America/Los_Angeles"}},
  {"name": "Shoreline", "stateCode": "WA", "state": "Washington", "county": "King County", "metro": "Seattle-Tacoma-Bellevue", "population": 58243, "geo": {"lat": 47.7557, "lon": -122.3415, "tz": "America/Los_Angeles"}},
  {"name": "Edmonds", "stateCode": "WA", "state": "Washington", "county": "Snohomish County", "metro": "Seattle-Tacoma-Bellevue", "population": 42853, "geo": {"lat": 47.8107, "lon": -122.3774, "tz": "America/Los_Angeles"}},
  {"name": "Puyallup", "stateCode": "WA", "state": "Washington", "county": "Pierce County", "metro": "Seattle-Tacoma-Bellevue", "population": 43666, "geo": {"lat": 47.1854, "lon": -122.2929, "tz": "America/Los_Angeles"}},
  {"name": "Bremerton", "stateCode": "WA", "state": "Washington", "county": "Kitsap County", "metro": "Bremerton-Silverdale-Port Orchard", "population": 43505, "geo": {"lat": 47.5673, "lon": -122.6326, "tz": "America/Los_Angeles"}},
  {"name": "Lynnwood", "stateCode": "WA", "state": "Washington", "county": "Snohomish County", "metro": "Seattle-Tacoma-Bellevue", "population": 40790, "geo": {"lat": 47.8209, "lon": -122.3151, "tz": "America/Los_Angeles"}},
  {"name": "Bothell", "stateCode": "WA", "state": "Washington", "county": "King County", "metro": "Seattle-Tacoma-Bellevue", "population": 49807, "geo": {"lat": 47.7623, "lon": -122.2054, "tz": "America/Los_Angeles"}},
  {"name": "Issaquah", "stateCode": "WA", "state": "Washington", "county": "King County", "metro": "Seattle-Tacoma-Bellevue", "population": 39378, "geo": {"lat": 47.5301, "lon": -122.0326, "tz": "America/Los_Angeles"}},
  {"name": "Wenatchee", "stateCode": "WA", "state": "Washington", "county": "Chelan County", "metro": "Wenatchee", "population": 35856, "geo": {"lat": 47.4235, "lon": -120.3103, "tz": "America/Los_Angeles"}},
  {"name": "Yakima", "stateCode": "WA", "state": "Washington", "county": "Yakima County", "metro": "Yakima", "population": 96968, "geo": {"lat": 46.6021, "lon": -120.5059, "tz": "America/Los_Angeles"}},
  {"name": "Walla Walla", "stateCode": "WA", "state": "Washington", "county": "Walla Walla County", "metro": "Walla Walla", "population": 34060, "geo": {"lat": 46.0646, "lon": -118.3430, "tz": "America/Los_Angeles"}},
  {"name": "Mount Vernon", "stateCode": "WA", "state": "Washington", "county": "Skagit County", "metro": "Mount Vernon-Anacortes", "population": 36975, "geo": {"lat": 48.4213, "lon": -122.3341, "tz": "America/Los_Angeles"}},
  {"name": "University Place", "stateCode": "WA", "state": "Washington", "county": "Pierce County", "metro": "Seattle-Tacoma-Bellevue", "population": 34432, "geo": {"lat": 47.2359, "lon": -122.5504, "tz": "America/Los_Angeles"}},
  {"name": "Pullman", "stateCode": "WA", "state": "Washington", "county": "Whitman County", "metro": "Pullman", "population": 34506, "geo": {"lat": 46.7312, "lon": -117.1796, "tz": "America/Los_Angeles"}},
  {"name": "Longview", "stateCode": "WA", "state": "Washington", "county": "Cowlitz County", "metro": "Longview", "population": 39357, "geo": {"lat": 46.1382, "lon": -122.9382, "tz": "America/Los_Angeles"}}
]
