[
  {"name": "Milwaukee", "stateCode": "WI", "state": "Wisconsin", "county": "Milwaukee", "metro": "Milwaukee", "population": 577222, "geo": {"lat": 43.0389, "lon": -87.9065, "tz": "America/Chicago"}},
  {"name": "Madison", "stateCode": "WI", "state": "Wisconsin", "county": "Dane", "metro": "Madison", "population": 269840, "geo": {"lat": 43.0731, "lon": -89.4012, "tz": "America/Chicago"}},
  {"name": "Green Bay", "stateCode": "WI", "state": "Wisconsin", "county": "Brown", "metro": "Green Bay", "population": 107395, "geo": {"lat": 44.5192, "lon": -88.0198, "tz": "America/Chicago"}},
  {"name": "Kenosha", "stateCode": "WI", "state": "Wisconsin", "county": "Kenosha", "metro": "Chicago", "population": 99889, "geo": {"lat": 42.5847, "lon": -87.8212, "tz": "America/Chicago"}},
  {"name": "Racine", "stateCode": "WI", "state": "Wisconsin", "county": "Racine", "metro": "Milwaukee-Racine", "population": 77816, "geo": {"lat": 42.7261, "lon": -87.7828, "tz": "America/Chicago"}},
  {"name": "Appleton", "stateCode": "WI", "state": "Wisconsin", "county": "Outagamie", "metro": "Appleton-Oshkosh-Neenah", "population": 75644, "geo": {"lat": 44.2619, "lon": -88.4154, "tz": "America/Chicago"}},
  {"name": "Waukesha", "stateCode": "WI", "state": "Wisconsin", "county": "Waukesha", "metro": "Milwaukee", "population": 71158, "geo": {"lat": 43.0117, "lon": -88.2314, "tz": "America/Chicago"}},
  {"name": "Eau Claire", "stateCode": "WI", "state": "Wisconsin", "county": "Eau Claire", "metro": "Eau Claire", "population": 69421, "geo": {"lat": 44.8113, "lon": -91.4985, "tz": "America/Chicago"}},
  {"name": "Oshkosh", "stateCode": "WI", "state": "Wisconsin", "county": "Winnebago", "metro": "Appleton-Oshkosh-Neenah", "population": 66816, "geo": {"lat": 44.0247, "lon": -88.5426, "tz": "America/Chicago"}},
  {"name": "Janesville", "stateCode": "WI", "state": "Wisconsin", "county": "Rock", "metro": "Janesville-Beloit", "population": 65615, "geo": {"lat": 42.6828, "lon": -89.0187, "tz": "America/Chicago"}},
  {"name": "West Allis", "stateCode": "WI", "state": "Wisconsin", "county": "Milwaukee", "metro": "Milwaukee", "population": 60411, "geo": {"lat": 43.0167, "lon": -88.0070, "tz": "America/Chicago"}},
  {"name": "La Crosse", "stateCode": "WI", "state": "Wisconsin", "county": "La Crosse", "metro": "La Crosse-Onalaska", "population": 52680, "geo": {"lat": 43.8014, "lon": -91.2396, "tz": "America/Chicago"}},
  {"name": "Sheboygan", "stateCode": "WI", "state": "Wisconsin", "county": "Sheboygan", "metro": "Sheboygan", "population": 49929, "geo": {"lat": 43.7508, "lon": -87.7145, "tz": "America/Chicago"}},
  {"name": "Wauwatosa", "stateCode": "WI", "state": "Wisconsin", "county": "Milwaukee", "metro": "Milwaukee", "population": 48387, "geo": {"lat": 43.0495, "lon": -88.0076, "tz": "America/Chicago"}},
  {"name": "Fond du Lac", "stateCode": "WI", "state": "Wisconsin", "county": "Fond du Lac", "metro": "Fond du Lac", "population": 44678, "geo": {"lat": 43.7730, "lon": -88.4470, "tz": "America/Chicago"}},
  {"name": "New Berlin", "stateCode": "WI", "state": "Wisconsin", "county": "Waukesha", "metro": "Milwaukee", "population": 40424, "geo": {"lat": 42.9764, "lon": -88.1084, "tz": "America/Chicago"}},
  {"name": "Brookfield", "stateCode": "WI", "state": "Wisconsin", "county": "Waukesha", "metro": "Milwaukee", "population": 41464, "geo": {"lat": 43.0606, "lon": -88.1065, "tz": "America/Chicago"}},
  {"name": "Wausau", "stateCode": "WI", "state": "Wisconsin", "county": "Marathon", "metro": "Wausau-Stevens Point", "population": 39106, "geo": {"lat": 44.9591, "lon": -89.6301, "tz": "America/Chicago"}},
  {"name": "Greenfield", "stateCode": "WI", "state": "Wisconsin", "county": "Milwaukee", "metro": "Milwaukee", "population": 37159, "geo": {"lat": 42.9614, "lon": -88.0126, "tz": "America/Chicago"}},
  {"name": "Beloit", "stateCode": "WI", "state": "Wisconsin", "county": "Rock", "metro": "Janesville-Beloit", "population": 36966, "geo": {"lat": 42.5083, "lon": -89.0318, "tz": "America/Chicago"}},
  {"name": "Franklin", "stateCode": "WI", "state": "Wisconsin", "county": "Milwaukee", "metro": "Milwaukee", "population": 36013, "geo": {"lat": 42.8886, "lon": -88.0384, "tz": "America/Chicago"}},
  {"name": "Oak Creek", "stateCode": "WI", "state": "Wisconsin", "county": "Milwaukee", "metro": "Milwaukee", "population": 36321, "geo": {"lat": 42.8856, "lon": -87.8637, "tz": "America/Chicago"}},
  {"name": "Manitowoc", "stateCode": "WI", "state": "Wisconsin", "county": "Manitowoc", "metro": "Manitowoc", "population": 33588, "geo": {"lat": 44.0886, "lon": -87.6576, "tz": "America/Chicago"}},
  {"name": "West Bend", "stateCode": "WI", "state": "Wisconsin", "county": "Washington", "metro": "Milwaukee", "population": 32162, "geo": {"lat": 43.4253, "lon": -88.1834, "tz": "America/Chicago"}},
  {"name": "Sun Prairie", "stateCode": "WI", "state": "Wisconsin", "county": "Dane", "metro": "Madison", "population": 35961, "geo": {"lat": 43.1836, "lon": -89.2137, "tz": "America/Chicago"}},
  {"name": "Superior", "stateCode": "WI", "state": "Wisconsin", "county": "Douglas", "metro": "Duluth-Superior", "population": 26751, "geo": {"lat": 46.7208, "lon": -92.1041, "tz": "America/Chicago"}},
  {"name": "Stevens Point", "stateCode": "WI", "state": "Wisconsin", "county": "Portage", "metro": "Wausau-Stevens Point", "population": 26717, "geo": {"lat": 44.5236, "lon": -89.5746, "tz": "America/Chicago"}},
  {"name": "Neenah", "stateCode": "WI", "state": "Wisconsin", "county": "Winnebago", "metro": "Appleton-Oshkosh-Neenah", "population": 27879, "geo": {"lat": 44.1858, "lon": -88.4626, "tz": "America/Chicago"}},
  {"name": "Fitchburg", "stateCode": "WI", "state": "Wisconsin", "county": "Dane", "metro": "Madison", "population": 30032, "geo": {"lat": 42.9609, "lon": -89.4695, "tz": "America/Chicago"}},
  {"name": "Muskego", "stateCode": "WI", "state": "Wisconsin", "county": "Waukesha", "metro": "Milwaukee", "population": 25077, "geo": {"lat": 42.9056, "lon": -88.1390, "tz": "America/Chicago"}},
  {"name": "Watertown", "stateCode": "WI", "state": "Wisconsin", "county": "Jefferson", "metro": "Watertown-Fort Atkinson", "population": 23561, "geo": {"lat": 43.1948, "lon": -88.7290, "tz": "America/Chicago"}},
  {"name": "De Pere", "stateCode": "WI", "state": "Wisconsin", "county": "Brown", "metro": "Green Bay", "population": 25410, "geo": {"lat": 44.4489, "lon": -88.0604, "tz": "America/Chicago"}},
  {"name": "Mequon", "stateCode": "WI", "state": "Wisconsin", "county": "Ozaukee", "metro": "Milwaukee", "population": 24357, "geo": {"lat": 43.2361, "lon": -87.9534, "tz": "America/Chicago"}},
  {"name": "South Milwaukee", "stateCode": "WI", "state": "Wisconsin", "county": "Milwaukee", "metro": "Milwaukee", "population": 20857, "geo": {"lat": 42.9106, "lon": -87.8601, "tz": "America/Chicago"}},
  {"name": "Cudahy", "stateCode": "WI", "state": "Wisconsin", "county": "Milwaukee", "metro": "Milwaukee", "population": 18267, "geo": {"lat": 42.9597, "lon": -87.8612, "tz": "America/Chicago"}},
  {"name": "Menasha", "stateCode": "WI", "state": "Wisconsin", "county": "Winnebago", "metro": "Appleton-Oshkosh-Neenah", "population": 18280, "geo": {"lat": 44.2022, "lon": -88.4465, "tz": "America/Chicago"}},
  {"name": "Marshfield", "stateCode": "WI", "state": "Wisconsin", "county": "Wood", "metro": "Marshfield-Wisconsin Rapids", "population": 18449, "geo": {"lat": 44.6689, "lon": -90.1718, "tz": "America/Chicago"}},
  {"name": "Wisconsin Rapids", "stateCode": "WI", "state": "Wisconsin", "county": "Wood", "metro": "Marshfield-Wisconsin Rapids", "population": 17387, "geo": {"lat": 44.3836, "lon": -89.8173, "tz": "America/Chicago"}},
  {"name": "Middleton", "stateCode": "WI", "state": "Wisconsin", "county": "Dane", "metro": "Madison", "population": 21008, "geo": {"lat": 43.0972, "lon": -89.5037, "tz": "America/Chicago"}},
  {"name": "Onalaska", "stateCode": "WI", "state": "Wisconsin", "county": "La Crosse", "metro": "La Crosse-Onalaska", "population": 19117, "geo": {"lat": 43.8841, "lon": -91.2354, "tz": "America/Chicago"}},
  {"name": "Germantown", "stateCode": "WI", "state": "Wisconsin", "county": "Washington", "metro": "Milwaukee", "population": 20142, "geo": {"lat": 43.2286, "lon": -88.1104, "tz": "America/Chicago"}},
  {"name": "Ashwaubenon", "stateCode": "WI", "state": "Wisconsin", "county": "Brown", "metro": "Green Bay", "population": 17540, "geo": {"lat": 44.4822, "lon": -88.0707, "tz": "America/Chicago"}},
  {"name": "Howard", "stateCode": "WI", "state": "Wisconsin", "county": "Brown", "metro": "Green Bay", "population": 20945, "geo": {"lat": 44.5700, "lon": -88.0884, "tz": "America/Chicago"}},
  {"name": "Menomonee Falls", "stateCode": "WI", "state": "Wisconsin", "county": "Waukesha", "metro": "Milwaukee", "population": 37611, "geo": {"lat": 43.1789, "lon": -88.1173, "tz": "America/Chicago"}},
  {"name": "Pleasant Prairie", "stateCode": "WI", "state": "Wisconsin", "county": "Kenosha", "metro": "Chicago", "population": 21292, "geo": {"lat": 42.5256, "lon": -87.8773, "tz": "America/Chicago"}},
  {"name": "Mount Pleasant", "stateCode": "WI", "state": "Wisconsin", "county": "Racine", "metro": "Milwaukee-Racine", "population": 27458, "geo": {"lat": 42.6978, "lon": -87.8795, "tz": "America/Chicago"}},
  {"name": "Caledonia", "stateCode": "WI", "state": "Wisconsin", "county": "Racine", "metro": "Milwaukee-Racine", "population": 25182, "geo": {"lat": 42.8017, "lon": -87.8762, "tz": "America/Chicago"}},
  {"name": "Oconomowoc", "stateCode": "WI", "state": "Wisconsin", "county": "Waukesha", "metro": "Milwaukee", "population": 17313, "geo": {"lat": 43.1117, "lon": -88.4993, "tz": "America/Chicago"}},
  {"name": "Kaukauna", "stateCode": "WI", "state": "Wisconsin", "county": "Outagamie", "metro": "Appleton-Oshkosh-Neenah", "population": 16662, "geo": {"lat": 44.2781, "lon": -88.2721, "tz": "America/Chicago"}},
  {"name": "Two Rivers", "stateCode": "WI", "state": "Wisconsin", "county": "Manitowoc", "metro": "Manitowoc", "population": 11144, "geo": {"lat": 44.1539, "lon": -87.5693, "tz": "America/Chicago"}},
  {"name": "Sturgeon Bay", "stateCode": "WI", "state": "Wisconsin", "county": "Door", "metro": "Sturgeon Bay", "population": 9144, "geo": {"lat": 44.8342, "lon": -87.3770, "tz": "America/Chicago"}},
  {"name": "Port Washington", "stateCode": "WI", "state": "Wisconsin", "county": "Ozaukee", "metro": "Milwaukee", "population": 12023, "geo": {"lat": 43.3867, "lon": -87.8757, "tz": "America/Chicago"}},
  {"name": "Cedarburg", "stateCode": "WI", "state": "Wisconsin", "county": "Ozaukee", "metro": "Milwaukee", "population": 12026, "geo": {"lat": 43.2967, "lon": -87.9876, "tz": "America/Chicago"}},
  {"name": "Grafton", "stateCode": "WI", "state": "Wisconsin", "county": "Ozaukee", "metro": "Milwaukee", "population": 12061, "geo": {"lat": 43.3197, "lon": -87.9532, "tz": "America/Chicago"}},
  {"name": "Hartford", "stateCode": "WI", "state": "Wisconsin", "county": "Washington", "metro": "Milwaukee", "population": 15837, "geo": {"lat": 43.3178, "lon": -88.3790, "tz": "America/Chicago"}},
  {"name": "Beaver Dam", "stateCode": "WI", "state": "Wisconsin", "county": "Dodge", "metro": "Beaver Dam", "population": 16243, "geo": {"lat": 43.4578, "lon": -88.8373, "tz": "America/Chicago"}},
  {"name": "Fort Atkinson", "stateCode": "WI", "state": "Wisconsin", "county": "Jefferson", "metro": "Watertown-Fort Atkinson", "population": 12368, "geo": {"lat": 42.9289, "lon": -88.8370, "tz": "America/Chicago"}},
  {"name": "Whitewater", "stateCode": "WI", "state": "Wisconsin", "county": "Walworth", "metro": "Whitewater-Elkhorn", "population": 15186, "geo": {"lat": 42.8336, "lon": -88.7323, "tz": "America/Chicago"}},
  {"name": "Stoughton", "stateCode": "WI", "state": "Wisconsin", "county": "Dane", "metro": "Madison", "population": 13404, "geo": {"lat": 42.9167, "lon": -89.2179, "tz": "America/Chicago"}},
  {"name": "Oregon", "stateCode": "WI", "state": "Wisconsin", "county": "Dane", "metro": "Madison", "population": 11617, "geo": {"lat": 42.9261, "lon": -89.3851, "tz": "America/Chicago"}},
  {"name": "Verona", "stateCode": "WI", "state": "Wisconsin", "county": "Dane", "metro": "Madison", "population": 14021, "geo": {"lat": 42.9906, "lon": -89.5332, "tz": "America/Chicago"}},
  {"name": "Monona", "stateCode": "WI", "state": "Wisconsin", "county": "Dane", "metro": "Madison", "population": 8637, "geo": {"lat": 43.0628, "lon": -89.3340, "tz": "America/Chicago"}},
  {"name": "DeForest", "stateCode": "WI", "state": "Wisconsin", "county": "Dane", "metro": "Madison", "population": 12339, "geo": {"lat": 43.2475, "lon": -89.3437, "tz": "America/Chicago"}},
  {"name": "Waunakee", "stateCode": "WI", "state": "Wisconsin", "county": "Dane", "metro": "Madison", "population": 16378, "geo": {"lat": 43.1919, "lon": -89.4554, "tz": "America/Chicago"}},
  {"name": "Monroe", "stateCode": "WI", "state": "Wisconsin", "county": "Green", "metro": "Monroe", "population": 10827, "geo": {"lat": 42.6011, "lon": -89.6382, "tz": "America/Chicago"}},
  {"name": "Platteville", "stateCode": "WI", "state": "Wisconsin", "county": "Grant", "metro": "Platteville", "population": 12309, "geo": {"lat": 42.7342, "lon": -90.4785, "tz": "America/Chicago"}},
  {"name": "Prairie du Chien", "stateCode": "WI", "state": "Wisconsin", "county": "Crawford", "metro": "Prairie du Chien", "population": 5347, "geo": {"lat": 43.0517, "lon": -91.1413, "tz": "America/Chicago"}},
  {"name": "Sparta", "stateCode": "WI", "state": "Wisconsin", "county": "Monroe", "metro": "Sparta", "population": 10116, "geo": {"lat": 43.9444, "lon": -90.8129, "tz": "America/Chicago"}},
  {"name": "Tomah", "stateCode": "WI", "state": "Wisconsin", "county": "Monroe", "metro": "Tomah", "population": 9689, "geo": {"lat": 43.9847, "lon": -90.5040, "tz": "America/Chicago"}},
  {"name": "Baraboo", "stateCode": "WI", "state": "Wisconsin", "county": "Sauk", "metro": "Baraboo", "population": 12556, "geo": {"lat": 43.4711, "lon": -89.7443, "tz": "America/Chicago"}},
  {"name": "Portage", "stateCode": "WI", "state": "Wisconsin", "county": "Columbia", "metro": "Portage", "population": 10662, "geo": {"lat": 43.5392, "lon": -89.4626, "tz": "America/Chicago"}},
  {"name": "Reedsburg", "stateCode": "WI", "state": "Wisconsin", "county": "Sauk", "metro": "Baraboo", "population": 9659, "geo": {"lat": 43.5325, "lon": -90.0026, "tz": "America/Chicago"}},
  {"name": "Wisconsin Dells", "stateCode": "WI", "state": "Wisconsin", "county": "Columbia", "metro": "Baraboo", "population": 2955, "geo": {"lat": 43.6275, "lon": -89.7710, "tz": "America/Chicago"}},
  {"name": "Lake Geneva", "stateCode": "WI", "state": "Wisconsin", "county": "Walworth", "metro": "Lake Geneva", "population": 8043, "geo": {"lat": 42.5917, "lon": -88.4337, "tz": "America/Chicago"}},
  {"name": "Delavan", "stateCode": "WI", "state": "Wisconsin", "county": "Walworth", "metro": "Whitewater-Elkhorn", "population": 8463, "geo": {"lat": 42.6336, "lon": -88.6437, "tz": "America/Chicago"}},
  {"name": "Elkhorn", "stateCode": "WI", "state": "Wisconsin", "county": "Walworth", "metro": "Whitewater-Elkhorn", "population": 10679, "geo": {"lat": 42.6728, "lon": -88.5443, "tz": "America/Chicago"}},
  {"name": "Burlington", "stateCode": "WI", "state": "Wisconsin", "county": "Racine", "metro": "Milwaukee-Racine", "population": 11160, "geo": {"lat": 42.6781, "lon": -88.2762, "tz": "America/Chicago"}},
  {"name": "Mukwonago", "stateCode": "WI", "state": "Wisconsin", "county": "Waukesha", "metro": "Milwaukee", "population": 8410, "geo": {"lat": 42.8667, "lon": -88.3334, "tz": "America/Chicago"}},
  {"name": "Pewaukee", "stateCode": "WI", "state": "Wisconsin", "county": "Waukesha", "metro": "Milwaukee", "population": 8166, "geo": {"lat": 43.0806, "lon": -88.2612, "tz": "America/Chicago"}},
  {"name": "Sussex", "stateCode": "WI", "state": "Wisconsin", "county": "Waukesha", "metro": "Milwaukee", "population": 11034, "geo": {"lat": 43.1339, "lon": -88.2226, "tz": "America/Chicago"}},
  {"name": "Menomonie", "stateCode": "WI", "state": "Wisconsin", "county": "Dunn", "metro": "Menomonie", "population": 16584, "geo": {"lat": 44.8755, "lon": -91.9193, "tz": "America/Chicago"}},
  {"name": "Rice Lake", "stateCode": "WI", "state": "Wisconsin", "county": "Barron", "metro": "Rice Lake", "population": 8438, "geo": {"lat": 45.5061, "lon": -91.7382, "tz": "America/Chicago"}},
  {"name": "Chippewa Falls", "stateCode": "WI", "state": "Wisconsin", "county": "Chippewa", "metro": "Eau Claire", "population": 14629, "geo": {"lat": 44.9369, "lon": -91.3929, "tz": "America/Chicago"}},
  {"name": "Altoona", "stateCode": "WI", "state": "Wisconsin", "county": "Eau Claire", "metro": "Eau Claire", "population": 8230, "geo": {"lat": 44.8047, "lon": -91.4429, "tz": "America/Chicago"}},
  {"name": "River Falls", "stateCode": "WI", "state": "Wisconsin", "county": "Pierce", "metro": "Minneapolis-St. Paul", "population": 16269, "geo": {"lat": 44.8611, "lon": -92.6238, "tz": "America/Chicago"}},
  {"name": "Hudson", "stateCode": "WI", "state": "Wisconsin", "county": "St. Croix", "metro": "Minneapolis-St. Paul", "population": 14386, "geo": {"lat": 44.9747, "lon": -92.7568, "tz": "America/Chicago"}},
  {"name": "New Richmond", "stateCode": "WI", "state": "Wisconsin", "county": "St. Croix", "metro": "Minneapolis-St. Paul", "population": 10051, "geo": {"lat": 45.1231, "lon": -92.5368, "tz": "America/Chicago"}},
  {"name": "Rhinelander", "stateCode": "WI", "state": "Wisconsin", "county": "Oneida", "metro": "Rhinelander", "population": 7676, "geo": {"lat": 45.6366, "lon": -89.4121, "tz": "America/Chicago"}},
  {"name": "Merrill", "stateCode": "WI", "state": "Wisconsin", "county": "Lincoln", "metro": "Wausau-Stevens Point", "population": 9196, "geo": {"lat": 45.1803, "lon": -89.6832, "tz": "America/Chicago"}},
  {"name": "Antigo", "stateCode": "WI", "state": "Wisconsin", "county": "Langlade", "metro": "Antigo", "population": 7779, "geo": {"lat": 45.1403, "lon": -89.1526, "tz": "America/Chicago"}},
  {"name": "Marinette", "stateCode": "WI", "state": "Wisconsin", "county": "Marinette", "metro": "Marinette-Menominee", "population": 10486, "geo": {"lat": 45.0997, "lon": -87.6306, "tz": "America/Chicago"}},
  {"name": "Ashland", "stateCode": "WI", "state": "Wisconsin", "county": "Ashland", "metro": "Ashland", "population": 7845, "geo": {"lat": 46.5925, "lon": -90.8838, "tz": "America/Chicago"}},
  {"name": "Hayward", "stateCode": "WI", "state": "Wisconsin", "county": "Sawyer", "metro": "Hayward", "population": 2525, "geo": {"lat": 46.0128, "lon": -91.4849, "tz": "America/Chicago"}},
  {"name": "Minocqua", "stateCode": "WI", "state": "Wisconsin", "county": "Oneida", "metro": "Rhinelander", "population": 4448, "geo": {"lat": 45.8719, "lon": -89.7135, "tz": "America/Chicago"}},
  {"name": "Eagle River", "stateCode": "WI", "state": "Wisconsin", "county": "Vilas", "metro": "Eagle River", "population": 1398, "geo": {"lat": 45.9172, "lon": -89.2443, "tz": "America/Chicago"}},
  {"name": "Shawano", "stateCode": "WI", "state": "Wisconsin", "county": "Shawano", "metro": "Shawano", "population": 9305, "geo": {"lat": 44.7822, "lon": -88.6093, "tz": "America/Chicago"}},
  {"name": "Waupaca", "stateCode": "WI", "state": "Wisconsin", "county": "Waupaca", "metro": "Waupaca", "population": 6077, "geo": {"lat": 44.3581, "lon": -89.0857, "tz": "America/Chicago"}},
  {"name": "Ripon", "stateCode": "WI", "state": "Wisconsin", "county": "Fond du Lac", "metro": "Fond du Lac", "population": 7863, "geo": {"lat": 43.8417, "lon": -88.8373, "tz": "America/Chicago"}},
  {"name": "Berlin", "stateCode": "WI", "state": "Wisconsin", "county": "Green Lake", "metro": "Berlin", "population": 5471, "geo": {"lat": 43.9681, "lon": -88.9437, "tz": "America/Chicago"}}
]
